order_id,customer_id,product_name,category,quantity,unit_price,discount_pct,total_amount,order_date,payment_method,order_status,city
ORD00001,CUST0224,Resistance Bands,Sports,3,349,0,1047.0,2023-12-29,Credit Card,Delivered,Delhi
ORD00002,CUST0036,Water Sipper,Sports,2,399,0,798.0,2023-08-09,UPI,Delivered,Chennai
ORD00003,CUST0260,Skipping Rope,Sports,1,199,15,169.15,2023-06-03,UPI,Delivered,Delhi
ORD00004,CUST0152,Moisturizer,Beauty,3,699,5,1992.15,2023-12-23,Cash on Delivery,Delivered,Pune
ORD00005,CUST0347,Women's Kurta,Clothing,4,599,15,2036.6,2023-07-14,Debit Card,Delivered,Bengaluru
ORD00006,CUST0427,Water Sipper,Sports,3,399,5,1137.15,2023-10-08,Credit Card,Cancelled,Kolkata
ORD00007,CUST0311,Chopping Board,Home & Kitchen,2,199,5,378.1,2023-10-24,UPI,Returned,Bengaluru
ORD00008,CUST0262,Think Again,Books,4,349,15,1186.6,2023-04-20,Net Banking,Delivered,Delhi
ORD00009,CUST0340,Sunscreen SPF50,Beauty,1,499,0,499.0,2023-09-21,Cash on Delivery,Delivered,Lucknow
ORD00010,CUST0116,Air Fryer,Home & Kitchen,2,2999,15,5098.3,2023-06-08,Debit Card,Delivered,Chennai
ORD00011,CUST0313,Men's T-Shirt,Clothing,1,399,0,399.0,2023-09-01,Credit Card,Delivered,Jaipur
ORD00012,CUST0197,Think Again,Books,2,349,15,593.3,2023-12-23,Net Banking,Delivered,Chennai
ORD00013,CUST0003,Python Crash Course,Books,2,399,15,678.3,2023-12-19,Credit Card,Delivered,Ahmedabad
ORD00014,CUST0266,Python Crash Course,Books,2,399,20,638.4,2023-12-23,Net Banking,Delivered,Hyderabad
ORD00015,CUST0234,Bluetooth Speaker,Electronics,2,1599,20,2558.4,2023-03-04,Debit Card,Delivered,Mumbai
ORD00016,CUST0314,Deep Work,Books,3,319,20,765.6,2023-08-15,Cash on Delivery,Delivered,Lucknow
ORD00017,CUST0231,Deep Work,Books,4,319,0,1276.0,2023-09-01,UPI,Delivered,Hyderabad
ORD00018,CUST0141,Running Shoes,Clothing,4,1999,15,6796.6,2023-05-03,Net Banking,Cancelled,Lucknow
ORD00019,CUST0164,Laptop Stand,Electronics,2,899,0,1798.0,2023-06-21,Cash on Delivery,Delivered,Hyderabad
ORD00020,CUST0356,Smart Watch,Electronics,2,3499,0,6998.0,2023-07-16,Debit Card,Delivered,Kolkata
ORD00021,CUST0170,Sunscreen SPF50,Beauty,1,499,5,474.05,2023-07-28,Cash on Delivery,Cancelled,Delhi
ORD00022,CUST0200,Think Again,Books,1,349,0,349.0,2023-08-04,Cash on Delivery,Delivered,Kolkata
ORD00023,CUST0483,Face Serum,Beauty,4,899,5,3416.2,2023-01-04,UPI,Cancelled,Chennai
ORD00024,CUST0410,Coffee Mug Set,Home & Kitchen,4,499,10,1796.4,2023-10-07,Cash on Delivery,Returned,Chennai
ORD00025,CUST0249,Casual Jeans,Clothing,2,999,0,1998.0,2023-08-12,Credit Card,Delivered,Hyderabad
ORD00026,CUST0431,Atomic Habits,Books,4,299,15,1016.6,2023-03-26,Net Banking,Delivered,Hyderabad
ORD00027,CUST0289,Hoodie,Clothing,1,1199,5,1139.05,2023-10-31,Credit Card,Delivered,Mumbai
ORD00028,CUST0094,USB Hub,Electronics,2,499,20,798.4,2023-08-25,Credit Card,Delivered,Lucknow
ORD00029,CUST0168,Coffee Mug Set,Home & Kitchen,3,499,0,1497.0,2023-08-21,UPI,Delivered,Hyderabad
ORD00030,CUST0241,Atomic Habits,Books,4,299,0,1196.0,2023-02-11,Credit Card,Delivered,Bengaluru
ORD00031,CUST0333,Hair Oil,Beauty,1,349,0,349.0,2023-04-25,Credit Card,Delivered,Lucknow
ORD00032,CUST0430,Face Serum,Beauty,1,899,0,899.0,2023-04-13,Credit Card,Returned,Delhi
ORD00033,CUST0343,Resistance Bands,Sports,2,349,0,698.0,2023-08-31,Credit Card,Pending,Hyderabad
ORD00034,CUST0393,Resistance Bands,Sports,4,349,15,1186.6,2023-05-12,UPI,Delivered,Mumbai
ORD00035,CUST0494,Hoodie,Clothing,1,1199,20,959.2,2023-03-25,UPI,Delivered,Pune
ORD00036,CUST0347,Bluetooth Speaker,Electronics,1,1599,0,1599.0,2023-10-22,Net Banking,Delivered,Bengaluru
ORD00037,CUST0426,Python Crash Course,Books,1,399,10,359.1,2023-12-20,Debit Card,Delivered,Lucknow
ORD00038,CUST0401,Laptop Stand,Electronics,1,899,20,719.2,2023-10-17,Credit Card,Cancelled,Chennai
ORD00039,CUST0036,Storage Box,Home & Kitchen,4,349,15,1186.6,2023-07-09,Cash on Delivery,Delivered,Chennai
ORD00040,CUST0422,Lip Balm Set,Beauty,1,249,20,199.2,2023-08-04,Net Banking,Delivered,Mumbai
ORD00041,CUST0363,USB Hub,Electronics,3,499,15,1272.45,2023-08-24,Debit Card,Delivered,Kolkata
ORD00042,CUST0397,Python Crash Course,Books,3,399,10,1077.3,2023-10-03,Net Banking,Delivered,Delhi
ORD00043,CUST0426,Think Again,Books,3,349,0,1047.0,2023-05-06,Credit Card,Delivered,Lucknow
ORD00044,CUST0292,Coffee Mug Set,Home & Kitchen,2,499,20,798.4,2023-08-26,Cash on Delivery,Returned,Bengaluru
ORD00045,CUST0436,Moisturizer,Beauty,3,699,0,2097.0,2023-09-11,UPI,Delivered,Mumbai
ORD00046,CUST0175,Casual Jeans,Clothing,2,999,0,1998.0,2023-05-13,UPI,Delivered,Ahmedabad
ORD00047,CUST0044,Skipping Rope,Sports,1,199,10,179.1,2023-04-08,Debit Card,Delivered,Jaipur
ORD00048,CUST0354,Moisturizer,Beauty,4,699,10,2516.4,2023-05-04,Net Banking,Cancelled,Jaipur
ORD00049,CUST0048,Moisturizer,Beauty,4,699,20,2236.8,2023-01-09,UPI,Cancelled,Hyderabad
ORD00050,CUST0298,Casual Jeans,Clothing,2,999,0,1998.0,2023-12-06,UPI,Delivered,Kolkata
ORD00051,CUST0170,Deep Work,Books,3,319,5,909.15,2023-10-09,UPI,Delivered,Delhi
ORD00052,CUST0119,Moisturizer,Beauty,3,699,0,2097.0,2023-05-09,Credit Card,Delivered,Pune
ORD00053,CUST0487,Sunscreen SPF50,Beauty,3,499,0,1497.0,2023-10-02,Debit Card,Delivered,Mumbai
ORD00054,CUST0390,Women's Kurta,Clothing,4,599,0,2396.0,2023-10-29,Cash on Delivery,Cancelled,Pune
ORD00055,CUST0152,Skipping Rope,Sports,1,199,20,159.2,2023-04-10,Debit Card,Delivered,Pune
ORD00056,CUST0274,Water Bottle,Home & Kitchen,3,299,0,897.0,2023-12-29,Debit Card,Delivered,Pune
ORD00057,CUST0358,Air Fryer,Home & Kitchen,1,2999,10,2699.1,2023-05-30,Debit Card,Delivered,Lucknow
ORD00058,CUST0294,Moisturizer,Beauty,1,699,20,559.2,2023-01-07,UPI,Delivered,Bengaluru
ORD00059,CUST0495,Think Again,Books,4,349,0,1396.0,2023-04-05,Credit Card,Delivered,Chennai
ORD00060,CUST0206,Coffee Mug Set,Home & Kitchen,1,499,20,399.2,2023-02-03,Net Banking,Delivered,Hyderabad
ORD00061,CUST0416,Bluetooth Speaker,Electronics,1,1599,0,1599.0,2023-03-18,Cash on Delivery,Delivered,Chennai
ORD00062,CUST0392,Air Fryer,Home & Kitchen,2,2999,0,5998.0,2023-10-13,Net Banking,Delivered,Chennai
ORD00063,CUST0195,Water Sipper,Sports,2,399,20,638.4,2023-09-25,Net Banking,Delivered,Kolkata
ORD00064,CUST0318,Atomic Habits,Books,4,299,0,1196.0,2023-10-19,Credit Card,Delivered,Ahmedabad
ORD00065,CUST0136,Yoga Mat,Sports,2,799,15,1358.3,2023-04-19,Credit Card,Delivered,Lucknow
ORD00066,CUST0081,Women's Kurta,Clothing,2,599,10,1078.2,2023-02-08,Credit Card,Delivered,Pune
ORD00067,CUST0119,Think Again,Books,4,349,0,1396.0,2023-01-17,UPI,Delivered,Pune
ORD00068,CUST0120,Lip Balm Set,Beauty,4,249,0,996.0,2023-12-18,UPI,Delivered,Jaipur
ORD00069,CUST0279,Hair Oil,Beauty,2,349,5,663.1,2023-02-28,Debit Card,Delivered,Kolkata
ORD00070,CUST0037,Sunscreen SPF50,Beauty,3,499,20,1197.6,2023-03-14,Credit Card,Delivered,Jaipur
ORD00071,CUST0240,Running Shoes,Clothing,3,1999,5,5697.15,2023-03-05,UPI,Delivered,Bengaluru
ORD00072,CUST0253,Moisturizer,Beauty,3,699,10,1887.3,2023-10-04,Net Banking,Cancelled,Kolkata
ORD00073,CUST0310,Bluetooth Speaker,Electronics,1,1599,5,1519.05,2023-06-15,UPI,Delivered,Mumbai
ORD00074,CUST0301,Wireless Earbuds,Electronics,2,1299,15,2208.3,2023-10-22,Credit Card,Delivered,Chennai
ORD00075,CUST0241,Lip Balm Set,Beauty,1,249,20,199.2,2023-03-31,Cash on Delivery,Delivered,Bengaluru
ORD00076,CUST0224,Moisturizer,Beauty,3,699,0,2097.0,2023-10-27,Net Banking,Delivered,Delhi
ORD00077,CUST0165,USB Hub,Electronics,3,499,5,1422.15,2023-06-20,Credit Card,Delivered,Mumbai
ORD00078,CUST0148,Running Shoes,Clothing,4,1999,15,6796.6,2023-09-11,Net Banking,Delivered,Jaipur
ORD00079,CUST0130,Yoga Mat,Sports,4,799,0,3196.0,2023-06-11,UPI,Delivered,Pune
ORD00080,CUST0237,USB Hub,Electronics,1,499,15,424.15,2023-10-05,Net Banking,Delivered,Pune
ORD00081,CUST0321,Smart Watch,Electronics,3,3499,10,9447.3,2023-09-13,Net Banking,Delivered,Kolkata
ORD00082,CUST0475,Smart Watch,Electronics,3,3499,10,9447.3,2023-03-09,UPI,Delivered,Delhi
ORD00083,CUST0312,Think Again,Books,1,349,0,349.0,2023-11-19,Debit Card,Delivered,Delhi
ORD00084,CUST0283,Sunscreen SPF50,Beauty,3,499,10,1347.3,2023-01-08,Net Banking,Delivered,Kolkata
ORD00085,CUST0332,Smart Watch,Electronics,1,3499,5,3324.05,2023-03-02,Debit Card,Delivered,Pune
ORD00086,CUST0242,Atomic Habits,Books,3,299,5,852.15,2023-09-05,Debit Card,Delivered,Bengaluru
ORD00087,CUST0472,Deep Work,Books,2,319,5,606.1,2023-04-08,Cash on Delivery,Delivered,Hyderabad
ORD00088,CUST0175,Resistance Bands,Sports,1,349,0,349.0,2023-08-01,Cash on Delivery,Delivered,Ahmedabad
ORD00089,CUST0429,Air Fryer,Home & Kitchen,3,2999,15,7647.45,2023-06-02,Cash on Delivery,Delivered,Hyderabad
ORD00090,CUST0248,Gym Gloves,Sports,2,299,5,568.1,2023-10-03,UPI,Returned,Ahmedabad
ORD00091,CUST0446,Storage Box,Home & Kitchen,4,349,5,1326.2,2023-06-14,Debit Card,Returned,Delhi
ORD00092,CUST0023,Sunscreen SPF50,Beauty,4,499,0,1996.0,2023-07-30,UPI,Delivered,Lucknow
ORD00093,CUST0406,Moisturizer,Beauty,4,699,5,2656.2,2023-12-06,Debit Card,Delivered,Pune
ORD00094,CUST0170,Data Science 101,Books,2,499,10,898.2,2023-10-30,Credit Card,Delivered,Delhi
ORD00095,CUST0210,Data Science 101,Books,4,499,0,1996.0,2023-03-15,Debit Card,Delivered,Bengaluru
ORD00096,CUST0355,USB Hub,Electronics,3,499,0,1497.0,2023-11-16,Net Banking,Delivered,Lucknow
ORD00097,CUST0440,Face Serum,Beauty,3,899,20,2157.6,2023-12-12,Cash on Delivery,Cancelled,Ahmedabad
ORD00098,CUST0019,Atomic Habits,Books,4,299,20,956.8,2023-10-05,Cash on Delivery,Delivered,Kolkata
ORD00099,CUST0223,Smart Watch,Electronics,3,3499,0,10497.0,2023-02-16,Credit Card,Pending,Jaipur
ORD00100,CUST0154,Face Serum,Beauty,4,899,0,3596.0,2023-12-22,Credit Card,Delivered,Ahmedabad
ORD00101,CUST0192,Laptop Stand,Electronics,1,899,0,899.0,2023-07-03,Net Banking,Delivered,Pune
ORD00102,CUST0406,Women's Kurta,Clothing,4,599,10,2156.4,2023-12-16,Debit Card,Delivered,Pune
ORD00103,CUST0318,Women's Kurta,Clothing,1,599,10,539.1,2023-07-15,Debit Card,Cancelled,Ahmedabad
ORD00104,CUST0327,Deep Work,Books,2,319,0,638.0,2023-08-25,UPI,Delivered,Mumbai
ORD00105,CUST0462,Atomic Habits,Books,1,299,20,239.2,2023-08-27,UPI,Returned,Mumbai
ORD00106,CUST0484,Hair Oil,Beauty,2,349,0,698.0,2023-08-15,UPI,Delivered,Jaipur
ORD00107,CUST0234,Skipping Rope,Sports,4,199,15,676.6,2023-05-09,UPI,Delivered,Mumbai
ORD00108,CUST0196,Casual Jeans,Clothing,4,999,0,3996.0,2023-05-02,Cash on Delivery,Returned,Ahmedabad
ORD00109,CUST0012,Storage Box,Home & Kitchen,3,349,15,889.95,2023-06-01,Net Banking,Delivered,Ahmedabad
ORD00110,CUST0427,Air Fryer,Home & Kitchen,1,2999,10,2699.1,2023-09-12,UPI,Delivered,Kolkata
ORD00111,CUST0098,Hoodie,Clothing,3,1199,0,3597.0,2023-11-22,Cash on Delivery,Delivered,Pune
ORD00112,CUST0021,Water Bottle,Home & Kitchen,1,299,15,254.15,2023-11-27,UPI,Pending,Chennai
ORD00113,CUST0047,Data Science 101,Books,3,499,15,1272.45,2023-03-09,UPI,Cancelled,Delhi
ORD00114,CUST0403,Coffee Mug Set,Home & Kitchen,2,499,0,998.0,2023-03-09,Cash on Delivery,Delivered,Pune
ORD00115,CUST0132,Storage Box,Home & Kitchen,3,349,20,837.6,2023-03-26,Net Banking,Delivered,Pune
ORD00116,CUST0073,Chopping Board,Home & Kitchen,1,199,5,189.05,2023-02-08,Debit Card,Cancelled,Delhi
ORD00117,CUST0008,Moisturizer,Beauty,3,699,0,2097.0,2023-07-22,UPI,Delivered,Pune
ORD00118,CUST0384,Yoga Mat,Sports,4,799,0,3196.0,2023-12-11,UPI,Delivered,Lucknow
ORD00119,CUST0120,Gym Gloves,Sports,3,299,0,897.0,2023-12-12,Net Banking,Cancelled,Jaipur
ORD00120,CUST0332,Bluetooth Speaker,Electronics,3,1599,10,4317.3,2023-04-24,Credit Card,Delivered,Pune
ORD00121,CUST0060,Moisturizer,Beauty,3,699,15,1782.45,2023-07-29,Debit Card,Delivered,Lucknow
ORD00122,CUST0050,Wireless Earbuds,Electronics,3,1299,5,3702.15,2023-03-01,Debit Card,Delivered,Ahmedabad
ORD00123,CUST0344,Resistance Bands,Sports,4,349,5,1326.2,2023-07-09,Cash on Delivery,Cancelled,Hyderabad
ORD00124,CUST0051,Deep Work,Books,2,319,5,606.1,2023-12-02,Net Banking,Pending,Bengaluru
ORD00125,CUST0190,Gym Gloves,Sports,3,299,0,897.0,2023-12-20,Debit Card,Cancelled,Pune
ORD00126,CUST0051,Think Again,Books,2,349,20,558.4,2023-07-05,UPI,Delivered,Bengaluru
ORD00127,CUST0098,Skipping Rope,Sports,1,199,5,189.05,2023-05-22,Credit Card,Cancelled,Pune
ORD00128,CUST0306,Data Science 101,Books,2,499,15,848.3,2023-11-24,Credit Card,Returned,Mumbai
ORD00129,CUST0106,Laptop Stand,Electronics,2,899,0,1798.0,2023-10-17,Credit Card,Delivered,Chennai
ORD00130,CUST0169,Resistance Bands,Sports,2,349,20,558.4,2023-04-30,Debit Card,Returned,Pune
ORD00131,CUST0067,Yoga Mat,Sports,3,799,20,1917.6,2023-03-16,Cash on Delivery,Delivered,Hyderabad
ORD00132,CUST0068,Water Bottle,Home & Kitchen,1,299,15,254.15,2023-01-14,Credit Card,Delivered,Ahmedabad
ORD00133,CUST0136,Water Bottle,Home & Kitchen,3,299,0,897.0,2023-03-31,Credit Card,Delivered,Lucknow
ORD00134,CUST0244,Casual Jeans,Clothing,1,999,15,849.15,2023-02-02,Net Banking,Delivered,Ahmedabad
ORD00135,CUST0114,Storage Box,Home & Kitchen,1,349,5,331.55,2023-09-15,Cash on Delivery,Delivered,Bengaluru
ORD00136,CUST0494,Bluetooth Speaker,Electronics,3,1599,5,4557.15,2023-11-26,Credit Card,Delivered,Pune
ORD00137,CUST0056,USB Hub,Electronics,4,499,5,1896.2,2023-12-18,Net Banking,Delivered,Hyderabad
ORD00138,CUST0312,Moisturizer,Beauty,1,699,0,699.0,2023-06-14,Debit Card,Delivered,Delhi
ORD00139,CUST0300,Smart Watch,Electronics,3,3499,10,9447.3,2023-11-21,Cash on Delivery,Delivered,Jaipur
ORD00140,CUST0151,Lip Balm Set,Beauty,4,249,10,896.4,2023-09-29,Net Banking,Delivered,Bengaluru
ORD00141,CUST0059,Water Sipper,Sports,4,399,0,1596.0,2023-12-26,Cash on Delivery,Delivered,Kolkata
ORD00142,CUST0212,Sunscreen SPF50,Beauty,4,499,5,1896.2,2023-04-27,UPI,Returned,Hyderabad
ORD00143,CUST0161,Think Again,Books,4,349,15,1186.6,2023-02-18,Net Banking,Delivered,Kolkata
ORD00144,CUST0473,Chopping Board,Home & Kitchen,3,199,0,597.0,2023-12-18,Net Banking,Delivered,Lucknow
ORD00145,CUST0050,Wireless Earbuds,Electronics,1,1299,0,1299.0,2023-08-10,UPI,Cancelled,Ahmedabad
ORD00146,CUST0288,Hoodie,Clothing,1,1199,10,1079.1,2023-10-15,UPI,Delivered,Chennai
ORD00147,CUST0482,Face Serum,Beauty,4,899,0,3596.0,2023-12-07,Net Banking,Delivered,Lucknow
ORD00148,CUST0181,Face Serum,Beauty,3,899,10,2427.3,2023-06-09,Credit Card,Delivered,Pune
ORD00149,CUST0247,Water Sipper,Sports,2,399,0,798.0,2023-12-03,Debit Card,Cancelled,Mumbai
ORD00150,CUST0294,Laptop Stand,Electronics,3,899,0,2697.0,2023-05-23,Debit Card,Delivered,Bengaluru
ORD00151,CUST0425,Deep Work,Books,1,319,10,287.1,2023-12-03,UPI,Cancelled,Lucknow
ORD00152,CUST0472,Smart Watch,Electronics,3,3499,15,8922.45,2023-06-08,UPI,Delivered,Hyderabad
ORD00153,CUST0290,Air Fryer,Home & Kitchen,2,2999,20,4798.4,2023-03-15,Net Banking,Cancelled,Mumbai
ORD00154,CUST0111,Smart Watch,Electronics,1,3499,0,3499.0,2023-09-29,Net Banking,Returned,Mumbai
ORD00155,CUST0160,Think Again,Books,3,349,0,1047.0,2023-07-09,UPI,Pending,Ahmedabad
ORD00156,CUST0081,Water Sipper,Sports,1,399,0,399.0,2023-03-21,Cash on Delivery,Delivered,Pune
ORD00157,CUST0218,Wireless Earbuds,Electronics,3,1299,5,3702.15,2023-12-05,Net Banking,Delivered,Pune
ORD00158,CUST0387,Gym Gloves,Sports,4,299,0,1196.0,2023-04-21,Cash on Delivery,Delivered,Chennai
ORD00159,CUST0348,Laptop Stand,Electronics,4,899,0,3596.0,2023-05-26,Cash on Delivery,Delivered,Pune
ORD00160,CUST0203,Deep Work,Books,3,319,0,957.0,2023-04-23,Cash on Delivery,Delivered,Jaipur
ORD00161,CUST0393,Wireless Earbuds,Electronics,2,1299,0,2598.0,2023-04-19,Debit Card,Cancelled,Mumbai
ORD00162,CUST0255,Chopping Board,Home & Kitchen,3,199,0,597.0,2023-01-04,Net Banking,Pending,Hyderabad
ORD00163,CUST0118,Women's Kurta,Clothing,4,599,10,2156.4,2023-12-27,Cash on Delivery,Delivered,Pune
ORD00164,CUST0224,Skipping Rope,Sports,1,199,5,189.05,2023-01-22,Credit Card,Delivered,Delhi
ORD00165,CUST0294,Data Science 101,Books,3,499,10,1347.3,2023-08-08,Net Banking,Delivered,Bengaluru
ORD00166,CUST0011,Moisturizer,Beauty,3,699,0,2097.0,2023-07-27,UPI,Delivered,Hyderabad
ORD00167,CUST0471,Hoodie,Clothing,4,1199,20,3836.8,2023-12-20,UPI,Delivered,Pune
ORD00168,CUST0302,USB Hub,Electronics,1,499,0,499.0,2023-08-12,Net Banking,Delivered,Ahmedabad
ORD00169,CUST0382,Yoga Mat,Sports,4,799,20,2556.8,2023-06-08,UPI,Delivered,Ahmedabad
ORD00170,CUST0325,Running Shoes,Clothing,2,1999,0,3998.0,2023-09-19,Credit Card,Delivered,Delhi
ORD00171,CUST0180,Water Sipper,Sports,2,399,20,638.4,2023-06-28,Debit Card,Delivered,Kolkata
ORD00172,CUST0089,Men's T-Shirt,Clothing,2,399,0,798.0,2023-04-12,Cash on Delivery,Delivered,Ahmedabad
ORD00173,CUST0253,Men's T-Shirt,Clothing,2,399,20,638.4,2023-11-18,Net Banking,Delivered,Kolkata
ORD00174,CUST0330,Water Sipper,Sports,4,399,15,1356.6,2023-10-17,Cash on Delivery,Delivered,Jaipur
ORD00175,CUST0241,Chopping Board,Home & Kitchen,2,199,5,378.1,2023-02-04,Net Banking,Pending,Bengaluru
ORD00176,CUST0181,Lip Balm Set,Beauty,3,249,10,672.3,2023-01-29,Cash on Delivery,Delivered,Pune
ORD00177,CUST0030,Laptop Stand,Electronics,4,899,5,3416.2,2023-01-20,UPI,Delivered,Hyderabad
ORD00178,CUST0260,Air Fryer,Home & Kitchen,1,2999,10,2699.1,2023-11-01,Net Banking,Delivered,Delhi
ORD00179,CUST0334,Deep Work,Books,1,319,5,303.05,2023-10-20,Debit Card,Delivered,Pune
ORD00180,CUST0491,Storage Box,Home & Kitchen,4,349,10,1256.4,2023-03-19,Credit Card,Cancelled,Mumbai
ORD00181,CUST0259,Data Science 101,Books,3,499,15,1272.45,2023-02-13,Debit Card,Returned,Jaipur
ORD00182,CUST0268,Smart Watch,Electronics,4,3499,5,13296.2,2023-09-26,Cash on Delivery,Delivered,Hyderabad
ORD00183,CUST0210,Running Shoes,Clothing,3,1999,0,5997.0,2023-07-18,UPI,Delivered,Bengaluru
ORD00184,CUST0332,Hair Oil,Beauty,1,349,20,279.2,2023-11-20,UPI,Cancelled,Pune
ORD00185,CUST0198,Laptop Stand,Electronics,1,899,10,809.1,2023-12-14,UPI,Cancelled,Hyderabad
ORD00186,CUST0299,Storage Box,Home & Kitchen,2,349,0,698.0,2023-02-11,Debit Card,Delivered,Bengaluru
ORD00187,CUST0363,Chopping Board,Home & Kitchen,4,199,0,796.0,2023-11-01,Credit Card,Delivered,Kolkata
ORD00188,CUST0417,Storage Box,Home & Kitchen,4,349,15,1186.6,2023-06-18,Debit Card,Delivered,Lucknow
ORD00189,CUST0217,Hair Oil,Beauty,1,349,15,296.65,2023-12-10,Cash on Delivery,Pending,Ahmedabad
ORD00190,CUST0487,Air Fryer,Home & Kitchen,3,2999,0,8997.0,2023-04-03,Debit Card,Delivered,Mumbai
ORD00191,CUST0080,Coffee Mug Set,Home & Kitchen,2,499,0,998.0,2023-03-12,Credit Card,Cancelled,Jaipur
ORD00192,CUST0449,Air Fryer,Home & Kitchen,1,2999,15,2549.15,2023-06-22,Cash on Delivery,Delivered,Mumbai
ORD00193,CUST0093,Hoodie,Clothing,4,1199,0,4796.0,2023-03-25,Cash on Delivery,Delivered,Chennai
ORD00194,CUST0347,Casual Jeans,Clothing,1,999,5,949.05,2023-07-06,Debit Card,Delivered,Bengaluru
ORD00195,CUST0120,Deep Work,Books,3,319,20,765.6,2023-08-18,Cash on Delivery,Delivered,Jaipur
ORD00196,CUST0189,Running Shoes,Clothing,4,1999,20,6396.8,2023-04-10,Cash on Delivery,Delivered,Kolkata
ORD00197,CUST0258,Think Again,Books,3,349,20,837.6,2023-07-15,Cash on Delivery,Delivered,Bengaluru
ORD00198,CUST0071,Python Crash Course,Books,2,399,20,638.4,2023-11-06,UPI,Delivered,Ahmedabad
ORD00199,CUST0365,USB Hub,Electronics,3,499,10,1347.3,2023-02-22,Cash on Delivery,Delivered,Chennai
ORD00200,CUST0140,Laptop Stand,Electronics,1,899,20,719.2,2023-03-24,Net Banking,Delivered,Hyderabad
ORD00201,CUST0419,Resistance Bands,Sports,4,349,0,1396.0,2023-04-24,Net Banking,Delivered,Chennai
ORD00202,CUST0258,Air Fryer,Home & Kitchen,4,2999,0,11996.0,2023-07-22,UPI,Pending,Bengaluru
ORD00203,CUST0015,Casual Jeans,Clothing,1,999,0,999.0,2023-04-25,UPI,Cancelled,Kolkata
ORD00204,CUST0147,Laptop Stand,Electronics,2,899,0,1798.0,2023-01-20,Net Banking,Cancelled,Jaipur
ORD00205,CUST0003,Sunscreen SPF50,Beauty,4,499,5,1896.2,2023-11-12,Credit Card,Pending,Ahmedabad
ORD00206,CUST0281,Laptop Stand,Electronics,2,899,20,1438.4,2023-03-18,Cash on Delivery,Delivered,Kolkata
ORD00207,CUST0122,Gym Gloves,Sports,1,299,20,239.2,2023-05-28,UPI,Delivered,Lucknow
ORD00208,CUST0407,Wireless Earbuds,Electronics,2,1299,5,2468.1,2023-11-24,Cash on Delivery,Delivered,Bengaluru
ORD00209,CUST0306,Data Science 101,Books,1,499,20,399.2,2023-09-13,Cash on Delivery,Delivered,Mumbai
ORD00210,CUST0150,Bluetooth Speaker,Electronics,2,1599,15,2718.3,2023-03-15,Net Banking,Delivered,Jaipur
ORD00211,CUST0214,Bluetooth Speaker,Electronics,3,1599,0,4797.0,2023-10-20,Debit Card,Returned,Hyderabad
ORD00212,CUST0279,Face Serum,Beauty,3,899,0,2697.0,2023-09-27,Cash on Delivery,Delivered,Kolkata
ORD00213,CUST0023,Water Sipper,Sports,1,399,5,379.05,2023-08-29,Net Banking,Delivered,Lucknow
ORD00214,CUST0177,Chopping Board,Home & Kitchen,1,199,0,199.0,2023-02-04,Debit Card,Delivered,Mumbai
ORD00215,CUST0181,Face Serum,Beauty,3,899,0,2697.0,2023-01-23,Cash on Delivery,Delivered,Pune
ORD00216,CUST0324,Water Bottle,Home & Kitchen,4,299,15,1016.6,2023-09-03,Debit Card,Delivered,Lucknow
ORD00217,CUST0104,Men's T-Shirt,Clothing,4,399,0,1596.0,2023-05-31,Credit Card,Delivered,Pune
ORD00218,CUST0204,Men's T-Shirt,Clothing,3,399,0,1197.0,2023-09-21,Cash on Delivery,Cancelled,Kolkata
ORD00219,CUST0098,Atomic Habits,Books,1,299,20,239.2,2023-11-28,UPI,Delivered,Pune
ORD00220,CUST0410,Air Fryer,Home & Kitchen,3,2999,0,8997.0,2023-03-05,UPI,Delivered,Chennai
ORD00221,CUST0499,Think Again,Books,4,349,5,1326.2,2023-06-23,Debit Card,Cancelled,Jaipur
ORD00222,CUST0137,Think Again,Books,3,349,20,837.6,2023-09-23,Credit Card,Pending,Jaipur
ORD00223,CUST0422,Moisturizer,Beauty,1,699,5,664.05,2023-11-05,Debit Card,Cancelled,Mumbai
ORD00224,CUST0168,Skipping Rope,Sports,3,199,0,597.0,2023-02-10,UPI,Returned,Hyderabad
ORD00225,CUST0228,Coffee Mug Set,Home & Kitchen,4,499,0,1996.0,2023-12-20,UPI,Delivered,Pune
ORD00226,CUST0141,Data Science 101,Books,3,499,10,1347.3,2023-08-11,Credit Card,Delivered,Lucknow
ORD00227,CUST0082,USB Hub,Electronics,3,499,10,1347.3,2023-12-14,Credit Card,Delivered,Jaipur
ORD00228,CUST0035,Hoodie,Clothing,4,1199,0,4796.0,2023-03-06,Debit Card,Delivered,Pune
ORD00229,CUST0017,Lip Balm Set,Beauty,3,249,5,709.65,2023-10-18,Cash on Delivery,Delivered,Delhi
ORD00230,CUST0391,Casual Jeans,Clothing,3,999,0,2997.0,2023-08-16,Credit Card,Delivered,Jaipur
ORD00231,CUST0333,Resistance Bands,Sports,3,349,5,994.65,2023-06-10,UPI,Delivered,Lucknow
ORD00232,CUST0256,Men's T-Shirt,Clothing,1,399,15,339.15,2023-04-06,Cash on Delivery,Delivered,Bengaluru
ORD00233,CUST0361,Deep Work,Books,1,319,0,319.0,2023-05-14,Net Banking,Delivered,Hyderabad
ORD00234,CUST0103,Hoodie,Clothing,3,1199,15,3057.45,2023-09-09,Credit Card,Delivered,Pune
ORD00235,CUST0045,Men's T-Shirt,Clothing,4,399,0,1596.0,2023-08-16,UPI,Delivered,Lucknow
ORD00236,CUST0149,Lip Balm Set,Beauty,1,249,10,224.1,2023-10-05,UPI,Delivered,Hyderabad
ORD00237,CUST0063,Women's Kurta,Clothing,3,599,10,1617.3,2023-04-25,Debit Card,Returned,Delhi
ORD00238,CUST0284,Women's Kurta,Clothing,4,599,0,2396.0,2023-07-04,Cash on Delivery,Delivered,Bengaluru
ORD00239,CUST0034,Coffee Mug Set,Home & Kitchen,2,499,10,898.2,2023-02-14,UPI,Delivered,Bengaluru
ORD00240,CUST0422,Think Again,Books,4,349,20,1116.8,2023-07-29,Cash on Delivery,Delivered,Mumbai
ORD00241,CUST0231,Smart Watch,Electronics,3,3499,15,8922.45,2023-02-07,Net Banking,Returned,Hyderabad
ORD00242,CUST0328,Hair Oil,Beauty,3,349,0,1047.0,2023-10-10,Cash on Delivery,Delivered,Ahmedabad
ORD00243,CUST0426,Women's Kurta,Clothing,4,599,10,2156.4,2023-01-29,Credit Card,Delivered,Lucknow
ORD00244,CUST0166,Resistance Bands,Sports,3,349,0,1047.0,2023-03-24,Debit Card,Delivered,Mumbai
ORD00245,CUST0129,Storage Box,Home & Kitchen,3,349,20,837.6,2023-02-10,Debit Card,Delivered,Pune
ORD00246,CUST0156,Hair Oil,Beauty,3,349,0,1047.0,2023-11-17,Cash on Delivery,Cancelled,Chennai
ORD00247,CUST0079,Yoga Mat,Sports,2,799,10,1438.2,2023-10-25,Debit Card,Returned,Mumbai
ORD00248,CUST0022,Hair Oil,Beauty,3,349,20,837.6,2023-10-16,Credit Card,Delivered,Mumbai
ORD00249,CUST0393,Wireless Earbuds,Electronics,3,1299,15,3312.45,2023-04-18,Cash on Delivery,Returned,Mumbai
ORD00250,CUST0280,Deep Work,Books,1,319,5,303.05,2023-11-18,UPI,Cancelled,Pune
ORD00251,CUST0208,Lip Balm Set,Beauty,4,249,0,996.0,2023-12-17,UPI,Delivered,Bengaluru
ORD00252,CUST0213,Data Science 101,Books,1,499,0,499.0,2023-08-14,Net Banking,Returned,Pune
ORD00253,CUST0161,Python Crash Course,Books,3,399,10,1077.3,2023-03-15,UPI,Delivered,Kolkata
ORD00254,CUST0264,Lip Balm Set,Beauty,4,249,0,996.0,2023-07-09,Cash on Delivery,Delivered,Bengaluru
ORD00255,CUST0137,Laptop Stand,Electronics,2,899,5,1708.1,2023-03-04,Net Banking,Delivered,Jaipur
ORD00256,CUST0485,Women's Kurta,Clothing,1,599,0,599.0,2023-05-29,Net Banking,Delivered,Ahmedabad
ORD00257,CUST0417,Gym Gloves,Sports,2,299,20,478.4,2023-03-23,UPI,Delivered,Lucknow
ORD00258,CUST0256,Skipping Rope,Sports,2,199,20,318.4,2023-03-23,Cash on Delivery,Cancelled,Bengaluru
ORD00259,CUST0047,Think Again,Books,3,349,5,994.65,2023-01-12,Net Banking,Cancelled,Delhi
ORD00260,CUST0181,Gym Gloves,Sports,2,299,0,598.0,2023-10-26,Credit Card,Delivered,Pune
ORD00261,CUST0345,Laptop Stand,Electronics,4,899,10,3236.4,2023-12-01,Net Banking,Returned,Mumbai
ORD00262,CUST0221,Storage Box,Home & Kitchen,1,349,20,279.2,2023-02-25,Debit Card,Delivered,Mumbai
ORD00263,CUST0206,Chopping Board,Home & Kitchen,4,199,0,796.0,2023-01-24,Credit Card,Delivered,Hyderabad
ORD00264,CUST0148,Water Sipper,Sports,2,399,0,798.0,2023-10-11,Credit Card,Delivered,Jaipur
ORD00265,CUST0144,Deep Work,Books,4,319,20,1020.8,2023-10-09,Cash on Delivery,Delivered,Pune
ORD00266,CUST0202,Hair Oil,Beauty,1,349,0,349.0,2023-02-19,UPI,Returned,Mumbai
ORD00267,CUST0102,Storage Box,Home & Kitchen,3,349,20,837.6,2023-03-15,Cash on Delivery,Returned,Mumbai
ORD00268,CUST0071,Gym Gloves,Sports,1,299,0,299.0,2023-01-20,UPI,Delivered,Ahmedabad
ORD00269,CUST0458,Deep Work,Books,4,319,0,1276.0,2023-11-07,Cash on Delivery,Delivered,Bengaluru
ORD00270,CUST0316,Running Shoes,Clothing,3,1999,0,5997.0,2023-07-21,UPI,Delivered,Lucknow
ORD00271,CUST0154,Skipping Rope,Sports,4,199,15,676.6,2023-10-16,Net Banking,Delivered,Ahmedabad
ORD00272,CUST0214,Laptop Stand,Electronics,3,899,15,2292.45,2023-02-26,Cash on Delivery,Pending,Hyderabad
ORD00273,CUST0401,Air Fryer,Home & Kitchen,4,2999,0,11996.0,2023-12-02,Cash on Delivery,Delivered,Chennai
ORD00274,CUST0088,Resistance Bands,Sports,1,349,10,314.1,2023-09-03,Cash on Delivery,Delivered,Mumbai
ORD00275,CUST0125,Hair Oil,Beauty,4,349,0,1396.0,2023-12-15,Credit Card,Delivered,Mumbai
ORD00276,CUST0161,Yoga Mat,Sports,2,799,0,1598.0,2023-08-14,Net Banking,Delivered,Kolkata
ORD00277,CUST0397,Casual Jeans,Clothing,2,999,5,1898.1,2023-09-14,Cash on Delivery,Delivered,Delhi
ORD00278,CUST0288,Data Science 101,Books,2,499,10,898.2,2023-04-17,UPI,Delivered,Chennai
ORD00279,CUST0236,Moisturizer,Beauty,4,699,0,2796.0,2023-03-30,Cash on Delivery,Delivered,Chennai
ORD00280,CUST0330,Storage Box,Home & Kitchen,3,349,15,889.95,2023-12-15,UPI,Delivered,Jaipur
ORD00281,CUST0286,Gym Gloves,Sports,2,299,0,598.0,2023-05-23,UPI,Pending,Ahmedabad
ORD00282,CUST0354,Running Shoes,Clothing,3,1999,15,5097.45,2023-04-17,Net Banking,Delivered,Jaipur
ORD00283,CUST0148,Coffee Mug Set,Home & Kitchen,3,499,10,1347.3,2023-05-21,Credit Card,Delivered,Jaipur
ORD00284,CUST0489,Water Sipper,Sports,4,399,5,1516.2,2023-06-26,Debit Card,Cancelled,Hyderabad
ORD00285,CUST0178,Air Fryer,Home & Kitchen,3,2999,15,7647.45,2023-02-10,Net Banking,Delivered,Delhi
ORD00286,CUST0424,Lip Balm Set,Beauty,4,249,0,996.0,2023-04-14,Cash on Delivery,Cancelled,Pune
ORD00287,CUST0316,Storage Box,Home & Kitchen,3,349,0,1047.0,2023-02-25,Cash on Delivery,Delivered,Lucknow
ORD00288,CUST0116,Women's Kurta,Clothing,1,599,15,509.15,2023-09-29,Debit Card,Delivered,Chennai
ORD00289,CUST0052,Wireless Earbuds,Electronics,4,1299,0,5196.0,2023-08-30,Debit Card,Delivered,Mumbai
ORD00290,CUST0479,Bluetooth Speaker,Electronics,2,1599,5,3038.1,2023-12-01,Net Banking,Delivered,Chennai
ORD00291,CUST0331,Python Crash Course,Books,3,399,0,1197.0,2023-05-27,Credit Card,Delivered,Kolkata
ORD00292,CUST0468,Bluetooth Speaker,Electronics,2,1599,10,2878.2,2023-01-20,Debit Card,Delivered,Delhi
ORD00293,CUST0404,Python Crash Course,Books,1,399,20,319.2,2023-07-23,Net Banking,Delivered,Chennai
ORD00294,CUST0291,Running Shoes,Clothing,1,1999,0,1999.0,2023-06-02,Cash on Delivery,Delivered,Chennai
ORD00295,CUST0279,Laptop Stand,Electronics,3,899,5,2562.15,2023-11-25,Cash on Delivery,Delivered,Kolkata
ORD00296,CUST0415,Python Crash Course,Books,4,399,0,1596.0,2023-04-09,Credit Card,Cancelled,Hyderabad
ORD00297,CUST0368,Water Bottle,Home & Kitchen,4,299,15,1016.6,2023-05-12,Debit Card,Pending,Chennai
ORD00298,CUST0388,Laptop Stand,Electronics,3,899,10,2427.3,2023-12-12,Debit Card,Pending,Lucknow
ORD00299,CUST0264,Hoodie,Clothing,4,1199,20,3836.8,2023-08-07,UPI,Delivered,Bengaluru
ORD00300,CUST0245,USB Hub,Electronics,1,499,0,499.0,2023-03-13,UPI,Delivered,Kolkata
ORD00301,CUST0229,Men's T-Shirt,Clothing,3,399,5,1137.15,2023-05-01,UPI,Delivered,Lucknow
ORD00302,CUST0185,Chopping Board,Home & Kitchen,1,199,0,199.0,2023-12-01,Debit Card,Delivered,Bengaluru
ORD00303,CUST0208,Wireless Earbuds,Electronics,4,1299,0,5196.0,2023-03-23,Cash on Delivery,Delivered,Bengaluru
ORD00304,CUST0189,Lip Balm Set,Beauty,1,249,15,211.65,2023-06-01,Cash on Delivery,Delivered,Kolkata
ORD00305,CUST0233,Women's Kurta,Clothing,2,599,5,1138.1,2023-03-20,Cash on Delivery,Delivered,Delhi
ORD00306,CUST0411,Coffee Mug Set,Home & Kitchen,4,499,20,1596.8,2023-10-03,Debit Card,Delivered,Kolkata
ORD00307,CUST0271,Hoodie,Clothing,1,1199,10,1079.1,2023-08-17,UPI,Delivered,Hyderabad
ORD00308,CUST0463,Bluetooth Speaker,Electronics,1,1599,0,1599.0,2023-10-08,Cash on Delivery,Delivered,Lucknow
ORD00309,CUST0438,Hoodie,Clothing,2,1199,0,2398.0,2023-06-17,Cash on Delivery,Delivered,Chennai
ORD00310,CUST0251,Data Science 101,Books,2,499,15,848.3,2023-10-26,Credit Card,Pending,Ahmedabad
ORD00311,CUST0263,Gym Gloves,Sports,1,299,5,284.05,2023-03-09,Net Banking,Delivered,Kolkata
ORD00312,CUST0345,Deep Work,Books,1,319,10,287.1,2023-08-25,UPI,Delivered,Mumbai
ORD00313,CUST0382,Face Serum,Beauty,4,899,0,3596.0,2023-01-02,Debit Card,Delivered,Ahmedabad
ORD00314,CUST0359,Yoga Mat,Sports,1,799,5,759.05,2023-06-26,Credit Card,Returned,Kolkata
ORD00315,CUST0147,Yoga Mat,Sports,1,799,5,759.05,2023-01-17,Net Banking,Delivered,Jaipur
ORD00316,CUST0230,Women's Kurta,Clothing,4,599,0,2396.0,2023-07-15,Net Banking,Delivered,Jaipur
ORD00317,CUST0061,Data Science 101,Books,2,499,15,848.3,2023-06-28,Debit Card,Delivered,Hyderabad
ORD00318,CUST0428,Gym Gloves,Sports,2,299,15,508.3,2023-04-25,Credit Card,Delivered,Chennai
ORD00319,CUST0218,Laptop Stand,Electronics,4,899,15,3056.6,2023-10-06,Cash on Delivery,Delivered,Pune
ORD00320,CUST0080,Python Crash Course,Books,2,399,5,758.1,2023-06-27,UPI,Delivered,Jaipur
ORD00321,CUST0215,Men's T-Shirt,Clothing,1,399,20,319.2,2023-12-05,Cash on Delivery,Pending,Jaipur
ORD00322,CUST0305,Smart Watch,Electronics,2,3499,0,6998.0,2023-02-21,Credit Card,Delivered,Bengaluru
ORD00323,CUST0206,Deep Work,Books,1,319,0,319.0,2023-01-23,Net Banking,Delivered,Hyderabad
ORD00324,CUST0072,Hoodie,Clothing,2,1199,20,1918.4,2023-01-29,Cash on Delivery,Cancelled,Chennai
ORD00325,CUST0396,Water Bottle,Home & Kitchen,3,299,10,807.3,2023-11-03,UPI,Delivered,Mumbai
ORD00326,CUST0114,Running Shoes,Clothing,2,1999,15,3398.3,2023-09-24,Net Banking,Delivered,Bengaluru
ORD00327,CUST0451,Chopping Board,Home & Kitchen,1,199,10,179.1,2023-10-30,Debit Card,Delivered,Chennai
ORD00328,CUST0483,Moisturizer,Beauty,4,699,0,2796.0,2023-06-26,Net Banking,Delivered,Chennai
ORD00329,CUST0154,Skipping Rope,Sports,4,199,5,756.2,2023-03-18,Net Banking,Pending,Ahmedabad
ORD00330,CUST0154,Hoodie,Clothing,4,1199,0,4796.0,2023-04-26,Debit Card,Delivered,Ahmedabad
ORD00331,CUST0272,Data Science 101,Books,4,499,5,1896.2,2023-10-13,Debit Card,Cancelled,Ahmedabad
ORD00332,CUST0332,Python Crash Course,Books,3,399,0,1197.0,2023-06-19,Credit Card,Delivered,Pune
ORD00333,CUST0027,Atomic Habits,Books,1,299,10,269.1,2023-04-08,UPI,Delivered,Lucknow
ORD00334,CUST0097,Deep Work,Books,1,319,20,255.2,2023-02-07,Cash on Delivery,Delivered,Jaipur
ORD00335,CUST0446,Hair Oil,Beauty,2,349,5,663.1,2023-04-17,UPI,Delivered,Delhi
ORD00336,CUST0383,Air Fryer,Home & Kitchen,2,2999,0,5998.0,2023-03-02,Net Banking,Delivered,Bengaluru
ORD00337,CUST0283,Hoodie,Clothing,2,1199,5,2278.1,2023-05-03,UPI,Cancelled,Kolkata
ORD00338,CUST0184,Coffee Mug Set,Home & Kitchen,4,499,10,1796.4,2023-11-29,UPI,Delivered,Mumbai
ORD00339,CUST0412,Chopping Board,Home & Kitchen,4,199,5,756.2,2023-02-20,Net Banking,Pending,Jaipur
ORD00340,CUST0024,Water Bottle,Home & Kitchen,3,299,0,897.0,2023-07-31,Cash on Delivery,Delivered,Kolkata
ORD00341,CUST0479,Women's Kurta,Clothing,1,599,0,599.0,2023-10-11,Cash on Delivery,Cancelled,Chennai
ORD00342,CUST0169,Gym Gloves,Sports,3,299,0,897.0,2023-04-11,Debit Card,Delivered,Pune
ORD00343,CUST0336,Deep Work,Books,2,319,5,606.1,2023-10-09,UPI,Delivered,Bengaluru
ORD00344,CUST0376,Coffee Mug Set,Home & Kitchen,4,499,5,1896.2,2023-03-28,UPI,Returned,Ahmedabad
ORD00345,CUST0329,Women's Kurta,Clothing,4,599,0,2396.0,2023-10-05,Credit Card,Delivered,Mumbai
ORD00346,CUST0025,Yoga Mat,Sports,1,799,20,639.2,2023-12-09,Credit Card,Delivered,Jaipur
ORD00347,CUST0078,Python Crash Course,Books,2,399,0,798.0,2023-12-29,Credit Card,Delivered,Jaipur
ORD00348,CUST0317,Hoodie,Clothing,4,1199,0,4796.0,2023-01-31,Cash on Delivery,Delivered,Bengaluru
ORD00349,CUST0283,Think Again,Books,1,349,0,349.0,2023-09-30,Net Banking,Cancelled,Kolkata
ORD00350,CUST0009,Wireless Earbuds,Electronics,3,1299,10,3507.3,2023-05-27,Cash on Delivery,Delivered,Ahmedabad
ORD00351,CUST0269,Moisturizer,Beauty,2,699,0,1398.0,2023-02-19,Debit Card,Returned,Mumbai
ORD00352,CUST0137,Women's Kurta,Clothing,3,599,20,1437.6,2023-07-01,Net Banking,Delivered,Jaipur
ORD00353,CUST0125,Laptop Stand,Electronics,4,899,5,3416.2,2023-10-17,Debit Card,Delivered,Mumbai
ORD00354,CUST0195,Air Fryer,Home & Kitchen,1,2999,0,2999.0,2023-07-27,Net Banking,Delivered,Kolkata
ORD00355,CUST0360,Gym Gloves,Sports,1,299,15,254.15,2023-01-05,Debit Card,Delivered,Mumbai
ORD00356,CUST0290,USB Hub,Electronics,4,499,15,1696.6,2023-06-19,Credit Card,Delivered,Mumbai
ORD00357,CUST0455,Yoga Mat,Sports,2,799,0,1598.0,2023-12-21,Cash on Delivery,Delivered,Ahmedabad
ORD00358,CUST0474,Atomic Habits,Books,1,299,0,299.0,2023-12-17,UPI,Delivered,Chennai
ORD00359,CUST0009,Water Sipper,Sports,1,399,0,399.0,2023-06-11,Debit Card,Delivered,Ahmedabad
ORD00360,CUST0084,Resistance Bands,Sports,4,349,0,1396.0,2023-06-03,Cash on Delivery,Delivered,Mumbai
ORD00361,CUST0170,Hoodie,Clothing,4,1199,15,4076.6,2023-10-04,Net Banking,Delivered,Delhi
ORD00362,CUST0028,Sunscreen SPF50,Beauty,1,499,10,449.1,2023-06-27,Credit Card,Returned,Bengaluru
ORD00363,CUST0394,Python Crash Course,Books,1,399,0,399.0,2023-11-06,Cash on Delivery,Delivered,Lucknow
ORD00364,CUST0140,Gym Gloves,Sports,3,299,0,897.0,2023-11-21,Net Banking,Delivered,Hyderabad
ORD00365,CUST0222,Python Crash Course,Books,3,399,10,1077.3,2023-07-12,Debit Card,Delivered,Jaipur
ORD00366,CUST0152,Hair Oil,Beauty,4,349,0,1396.0,2023-11-13,Debit Card,Delivered,Pune
ORD00367,CUST0195,Face Serum,Beauty,1,899,0,899.0,2023-03-20,Debit Card,Delivered,Kolkata
ORD00368,CUST0047,Moisturizer,Beauty,3,699,0,2097.0,2023-02-24,Credit Card,Delivered,Delhi
ORD00369,CUST0053,Coffee Mug Set,Home & Kitchen,3,499,20,1197.6,2023-05-19,Debit Card,Delivered,Hyderabad
ORD00370,CUST0285,Smart Watch,Electronics,4,3499,5,13296.2,2023-10-13,Cash on Delivery,Delivered,Kolkata
ORD00371,CUST0284,Data Science 101,Books,1,499,0,499.0,2023-07-01,Credit Card,Delivered,Bengaluru
ORD00372,CUST0007,Water Sipper,Sports,3,399,20,957.6,2023-07-17,UPI,Cancelled,Bengaluru
ORD00373,CUST0464,Think Again,Books,1,349,15,296.65,2023-10-14,Debit Card,Delivered,Ahmedabad
ORD00374,CUST0087,Water Sipper,Sports,2,399,15,678.3,2023-07-14,Debit Card,Delivered,Bengaluru
ORD00375,CUST0033,Chopping Board,Home & Kitchen,3,199,5,567.15,2023-03-16,Debit Card,Delivered,Chennai
ORD00376,CUST0401,Atomic Habits,Books,4,299,0,1196.0,2023-09-05,Credit Card,Delivered,Chennai
ORD00377,CUST0254,Chopping Board,Home & Kitchen,2,199,15,338.3,2023-11-17,Cash on Delivery,Delivered,Ahmedabad
ORD00378,CUST0156,Resistance Bands,Sports,4,349,0,1396.0,2023-03-11,Credit Card,Pending,Chennai
ORD00379,CUST0226,Atomic Habits,Books,4,299,20,956.8,2023-06-18,UPI,Delivered,Lucknow
ORD00380,CUST0309,Deep Work,Books,2,319,0,638.0,2023-06-14,Debit Card,Delivered,Pune
ORD00381,CUST0150,Atomic Habits,Books,2,299,5,568.1,2023-06-13,Net Banking,Delivered,Jaipur
ORD00382,CUST0419,Resistance Bands,Sports,3,349,5,994.65,2023-05-24,Net Banking,Delivered,Chennai
ORD00383,CUST0093,Air Fryer,Home & Kitchen,2,2999,10,5398.2,2023-10-07,Cash on Delivery,Delivered,Chennai
ORD00384,CUST0426,USB Hub,Electronics,2,499,5,948.1,2023-05-30,Credit Card,Delivered,Lucknow
ORD00385,CUST0124,Think Again,Books,2,349,15,593.3,2023-06-05,UPI,Delivered,Pune
ORD00386,CUST0038,Sunscreen SPF50,Beauty,4,499,20,1596.8,2023-07-13,Net Banking,Delivered,Pune
ORD00387,CUST0473,Gym Gloves,Sports,4,299,10,1076.4,2023-09-17,Net Banking,Delivered,Lucknow
ORD00388,CUST0305,Yoga Mat,Sports,3,799,15,2037.45,2023-10-02,Credit Card,Delivered,Bengaluru
ORD00389,CUST0314,Smart Watch,Electronics,3,3499,0,10497.0,2023-11-28,Credit Card,Delivered,Lucknow
ORD00390,CUST0055,Gym Gloves,Sports,3,299,20,717.6,2023-08-09,Credit Card,Delivered,Ahmedabad
ORD00391,CUST0286,Laptop Stand,Electronics,2,899,10,1618.2,2023-09-23,Cash on Delivery,Delivered,Ahmedabad
ORD00392,CUST0201,Hair Oil,Beauty,2,349,5,663.1,2023-07-11,Net Banking,Delivered,Kolkata
ORD00393,CUST0248,Hair Oil,Beauty,2,349,0,698.0,2023-01-13,Credit Card,Delivered,Ahmedabad
ORD00394,CUST0179,Coffee Mug Set,Home & Kitchen,1,499,0,499.0,2023-03-14,UPI,Delivered,Delhi
ORD00395,CUST0179,Coffee Mug Set,Home & Kitchen,2,499,10,898.2,2023-09-05,Net Banking,Returned,Delhi
ORD00396,CUST0154,USB Hub,Electronics,4,499,0,1996.0,2023-02-04,Credit Card,Delivered,Ahmedabad
ORD00397,CUST0332,Face Serum,Beauty,1,899,20,719.2,2023-06-25,Credit Card,Delivered,Pune
ORD00398,CUST0283,Sunscreen SPF50,Beauty,2,499,10,898.2,2023-03-31,Debit Card,Delivered,Kolkata
ORD00399,CUST0409,Storage Box,Home & Kitchen,4,349,5,1326.2,2023-04-29,Net Banking,Delivered,Bengaluru
ORD00400,CUST0222,Sunscreen SPF50,Beauty,2,499,15,848.3,2023-12-03,Net Banking,Delivered,Jaipur
ORD00401,CUST0220,Bluetooth Speaker,Electronics,2,1599,5,3038.1,2023-10-31,Net Banking,Delivered,Ahmedabad
ORD00402,CUST0415,Smart Watch,Electronics,2,3499,0,6998.0,2023-12-27,Credit Card,Cancelled,Hyderabad
ORD00403,CUST0101,Yoga Mat,Sports,2,799,0,1598.0,2023-06-16,Net Banking,Delivered,Delhi
ORD00404,CUST0161,Laptop Stand,Electronics,4,899,10,3236.4,2023-11-24,Cash on Delivery,Delivered,Kolkata
ORD00405,CUST0179,Deep Work,Books,4,319,10,1148.4,2023-02-28,UPI,Delivered,Delhi
ORD00406,CUST0362,Deep Work,Books,2,319,20,510.4,2023-12-11,UPI,Cancelled,Lucknow
ORD00407,CUST0161,Water Sipper,Sports,1,399,15,339.15,2023-03-10,Credit Card,Delivered,Kolkata
ORD00408,CUST0356,Running Shoes,Clothing,1,1999,0,1999.0,2023-07-11,Debit Card,Returned,Kolkata
ORD00409,CUST0295,Gym Gloves,Sports,4,299,10,1076.4,2023-03-12,Net Banking,Delivered,Mumbai
ORD00410,CUST0356,Python Crash Course,Books,4,399,15,1356.6,2023-10-03,Debit Card,Returned,Kolkata
ORD00411,CUST0096,Resistance Bands,Sports,4,349,0,1396.0,2023-03-13,UPI,Delivered,Lucknow
ORD00412,CUST0488,Deep Work,Books,1,319,20,255.2,2023-07-03,Credit Card,Cancelled,Bengaluru
ORD00413,CUST0494,Python Crash Course,Books,2,399,20,638.4,2023-07-16,Cash on Delivery,Delivered,Pune
ORD00414,CUST0213,Gym Gloves,Sports,4,299,15,1016.6,2023-09-09,Net Banking,Returned,Pune
ORD00415,CUST0408,Python Crash Course,Books,1,399,10,359.1,2023-01-16,Debit Card,Delivered,Lucknow
ORD00416,CUST0148,Air Fryer,Home & Kitchen,3,2999,0,8997.0,2023-10-03,Debit Card,Delivered,Jaipur
ORD00417,CUST0058,Deep Work,Books,4,319,10,1148.4,2023-09-19,Cash on Delivery,Delivered,Kolkata
ORD00418,CUST0390,Laptop Stand,Electronics,3,899,10,2427.3,2023-01-22,Net Banking,Delivered,Pune
ORD00419,CUST0385,Resistance Bands,Sports,4,349,0,1396.0,2023-12-01,Debit Card,Delivered,Pune
ORD00420,CUST0442,Air Fryer,Home & Kitchen,4,2999,0,11996.0,2023-06-28,Credit Card,Delivered,Delhi
ORD00421,CUST0353,Data Science 101,Books,2,499,0,998.0,2023-10-29,UPI,Delivered,Bengaluru
ORD00422,CUST0072,Hair Oil,Beauty,4,349,0,1396.0,2023-11-12,Debit Card,Delivered,Chennai
ORD00423,CUST0306,Men's T-Shirt,Clothing,3,399,10,1077.3,2023-05-24,Cash on Delivery,Cancelled,Mumbai
ORD00424,CUST0137,Running Shoes,Clothing,3,1999,0,5997.0,2023-10-21,Cash on Delivery,Delivered,Jaipur
ORD00425,CUST0471,Face Serum,Beauty,2,899,20,1438.4,2023-07-30,Credit Card,Pending,Pune
ORD00426,CUST0365,Water Bottle,Home & Kitchen,2,299,0,598.0,2023-03-16,UPI,Delivered,Chennai
ORD00427,CUST0324,Casual Jeans,Clothing,4,999,0,3996.0,2023-10-23,UPI,Delivered,Lucknow
ORD00428,CUST0325,Moisturizer,Beauty,4,699,5,2656.2,2023-02-08,Credit Card,Returned,Delhi
ORD00429,CUST0233,Deep Work,Books,3,319,15,813.45,2023-07-08,Net Banking,Delivered,Delhi
ORD00430,CUST0375,Storage Box,Home & Kitchen,1,349,20,279.2,2023-02-17,Net Banking,Delivered,Pune
ORD00431,CUST0204,Lip Balm Set,Beauty,1,249,20,199.2,2023-10-01,Debit Card,Delivered,Kolkata
ORD00432,CUST0425,Python Crash Course,Books,4,399,0,1596.0,2023-06-15,UPI,Delivered,Lucknow
ORD00433,CUST0404,Storage Box,Home & Kitchen,2,349,10,628.2,2023-09-06,UPI,Delivered,Chennai
ORD00434,CUST0402,Face Serum,Beauty,1,899,0,899.0,2023-11-17,Net Banking,Pending,Mumbai
ORD00435,CUST0001,Wireless Earbuds,Electronics,2,1299,5,2468.1,2023-08-22,Net Banking,Pending,Pune
ORD00436,CUST0048,Women's Kurta,Clothing,3,599,0,1797.0,2023-05-21,UPI,Delivered,Hyderabad
ORD00437,CUST0085,Air Fryer,Home & Kitchen,3,2999,15,7647.45,2023-11-29,Credit Card,Delivered,Ahmedabad
ORD00438,CUST0047,Atomic Habits,Books,2,299,5,568.1,2023-12-02,Credit Card,Delivered,Delhi
ORD00439,CUST0304,Smart Watch,Electronics,4,3499,0,13996.0,2023-03-09,Debit Card,Delivered,Chennai
ORD00440,CUST0176,Gym Gloves,Sports,1,299,0,299.0,2023-12-23,Credit Card,Delivered,Mumbai
ORD00441,CUST0197,Python Crash Course,Books,4,399,0,1596.0,2023-04-28,Credit Card,Delivered,Chennai
ORD00442,CUST0452,Face Serum,Beauty,1,899,0,899.0,2023-07-08,UPI,Delivered,Bengaluru
ORD00443,CUST0074,Casual Jeans,Clothing,2,999,15,1698.3,2023-12-13,Credit Card,Cancelled,Chennai
ORD00444,CUST0085,Water Sipper,Sports,1,399,10,359.1,2023-11-29,Net Banking,Delivered,Ahmedabad
ORD00445,CUST0352,Water Bottle,Home & Kitchen,2,299,5,568.1,2023-11-12,Net Banking,Delivered,Kolkata
ORD00446,CUST0302,Men's T-Shirt,Clothing,1,399,0,399.0,2023-03-05,Net Banking,Delivered,Ahmedabad
ORD00447,CUST0127,Coffee Mug Set,Home & Kitchen,3,499,20,1197.6,2023-03-13,UPI,Delivered,Hyderabad
ORD00448,CUST0308,Face Serum,Beauty,2,899,10,1618.2,2023-11-04,Cash on Delivery,Delivered,Chennai
ORD00449,CUST0311,Air Fryer,Home & Kitchen,3,2999,0,8997.0,2023-09-23,Cash on Delivery,Pending,Bengaluru
ORD00450,CUST0402,Casual Jeans,Clothing,3,999,15,2547.45,2023-01-28,Debit Card,Delivered,Mumbai
ORD00451,CUST0327,Think Again,Books,1,349,0,349.0,2023-09-13,Cash on Delivery,Cancelled,Mumbai
ORD00452,CUST0068,Bluetooth Speaker,Electronics,1,1599,0,1599.0,2023-06-12,Net Banking,Delivered,Ahmedabad
ORD00453,CUST0089,Gym Gloves,Sports,3,299,10,807.3,2023-12-16,Net Banking,Delivered,Ahmedabad
ORD00454,CUST0111,Wireless Earbuds,Electronics,1,1299,0,1299.0,2023-05-15,Credit Card,Delivered,Mumbai
ORD00455,CUST0257,USB Hub,Electronics,3,499,15,1272.45,2023-12-31,Net Banking,Delivered,Jaipur
ORD00456,CUST0276,Think Again,Books,1,349,15,296.65,2023-10-02,Cash on Delivery,Cancelled,Mumbai
ORD00457,CUST0262,Running Shoes,Clothing,1,1999,0,1999.0,2023-02-10,Debit Card,Cancelled,Delhi
ORD00458,CUST0325,Hoodie,Clothing,3,1199,5,3417.15,2023-10-28,Credit Card,Delivered,Delhi
ORD00459,CUST0045,Coffee Mug Set,Home & Kitchen,2,499,0,998.0,2023-05-06,Net Banking,Delivered,Lucknow
ORD00460,CUST0380,USB Hub,Electronics,1,499,0,499.0,2023-12-08,Debit Card,Delivered,Bengaluru
ORD00461,CUST0084,Wireless Earbuds,Electronics,2,1299,15,2208.3,2023-01-06,Net Banking,Cancelled,Mumbai
ORD00462,CUST0065,Storage Box,Home & Kitchen,3,349,0,1047.0,2023-07-10,UPI,Delivered,Delhi
ORD00463,CUST0140,Face Serum,Beauty,1,899,0,899.0,2023-08-08,Cash on Delivery,Delivered,Hyderabad
ORD00464,CUST0262,Laptop Stand,Electronics,1,899,5,854.05,2023-08-22,UPI,Delivered,Delhi
ORD00465,CUST0131,USB Hub,Electronics,2,499,0,998.0,2023-03-22,Credit Card,Delivered,Hyderabad
ORD00466,CUST0002,Yoga Mat,Sports,2,799,15,1358.3,2023-09-18,Credit Card,Delivered,Hyderabad
ORD00467,CUST0197,Smart Watch,Electronics,1,3499,5,3324.05,2023-07-06,Debit Card,Delivered,Chennai
ORD00468,CUST0128,Men's T-Shirt,Clothing,4,399,0,1596.0,2023-06-14,Net Banking,Cancelled,Chennai
ORD00469,CUST0293,Lip Balm Set,Beauty,3,249,20,597.6,2023-02-09,UPI,Delivered,Hyderabad
ORD00470,CUST0412,Bluetooth Speaker,Electronics,1,1599,0,1599.0,2023-04-25,Cash on Delivery,Delivered,Jaipur
ORD00471,CUST0397,USB Hub,Electronics,1,499,5,474.05,2023-05-25,UPI,Pending,Delhi
ORD00472,CUST0103,Air Fryer,Home & Kitchen,4,2999,0,11996.0,2023-07-08,UPI,Delivered,Pune
ORD00473,CUST0303,Skipping Rope,Sports,2,199,5,378.1,2023-07-08,Net Banking,Returned,Mumbai
ORD00474,CUST0478,Hoodie,Clothing,2,1199,0,2398.0,2023-01-04,Net Banking,Delivered,Jaipur
ORD00475,CUST0450,Smart Watch,Electronics,3,3499,15,8922.45,2023-12-22,Credit Card,Delivered,Bengaluru
ORD00476,CUST0054,Air Fryer,Home & Kitchen,4,2999,20,9596.8,2023-06-07,Debit Card,Cancelled,Delhi
ORD00477,CUST0498,Resistance Bands,Sports,4,349,5,1326.2,2023-01-31,Debit Card,Delivered,Pune
ORD00478,CUST0460,Lip Balm Set,Beauty,1,249,0,249.0,2023-04-29,Cash on Delivery,Delivered,Bengaluru
ORD00479,CUST0298,Atomic Habits,Books,4,299,15,1016.6,2023-02-13,Credit Card,Delivered,Kolkata
ORD00480,CUST0291,Resistance Bands,Sports,4,349,0,1396.0,2023-10-31,Credit Card,Delivered,Chennai
ORD00481,CUST0436,Python Crash Course,Books,2,399,0,798.0,2023-05-14,UPI,Delivered,Mumbai
ORD00482,CUST0120,Atomic Habits,Books,3,299,5,852.15,2023-05-20,Credit Card,Delivered,Jaipur
ORD00483,CUST0085,Women's Kurta,Clothing,1,599,0,599.0,2023-02-24,Net Banking,Pending,Ahmedabad
ORD00484,CUST0184,Atomic Habits,Books,4,299,0,1196.0,2023-10-02,Debit Card,Delivered,Mumbai
ORD00485,CUST0047,Atomic Habits,Books,4,299,0,1196.0,2023-03-03,Debit Card,Delivered,Delhi
ORD00486,CUST0076,Lip Balm Set,Beauty,1,249,0,249.0,2023-06-17,Credit Card,Delivered,Lucknow
ORD00487,CUST0026,Sunscreen SPF50,Beauty,3,499,5,1422.15,2023-09-20,UPI,Delivered,Mumbai
ORD00488,CUST0285,Water Bottle,Home & Kitchen,1,299,5,284.05,2023-08-20,Cash on Delivery,Delivered,Kolkata
ORD00489,CUST0063,Men's T-Shirt,Clothing,4,399,0,1596.0,2023-03-13,Credit Card,Pending,Delhi
ORD00490,CUST0191,Smart Watch,Electronics,2,3499,0,6998.0,2023-07-25,Credit Card,Delivered,Hyderabad
ORD00491,CUST0012,Water Sipper,Sports,3,399,20,957.6,2023-02-08,Credit Card,Delivered,Ahmedabad
ORD00492,CUST0063,Casual Jeans,Clothing,2,999,0,1998.0,2023-06-19,Credit Card,Delivered,Delhi
ORD00493,CUST0421,Data Science 101,Books,2,499,10,898.2,2023-08-10,Net Banking,Delivered,Hyderabad
ORD00494,CUST0089,Data Science 101,Books,4,499,15,1696.6,2023-08-07,UPI,Delivered,Ahmedabad
ORD00495,CUST0453,Women's Kurta,Clothing,3,599,0,1797.0,2023-08-17,Debit Card,Delivered,Mumbai
ORD00496,CUST0256,Bluetooth Speaker,Electronics,2,1599,15,2718.3,2023-06-01,Net Banking,Returned,Bengaluru
ORD00497,CUST0197,Gym Gloves,Sports,1,299,0,299.0,2023-05-24,Debit Card,Delivered,Chennai
ORD00498,CUST0407,Python Crash Course,Books,2,399,15,678.3,2023-10-06,Credit Card,Delivered,Bengaluru
ORD00499,CUST0177,Atomic Habits,Books,4,299,10,1076.4,2023-09-06,Cash on Delivery,Delivered,Mumbai
ORD00500,CUST0014,Skipping Rope,Sports,4,199,0,796.0,2023-04-03,UPI,Delivered,Bengaluru
ORD00501,CUST0030,Resistance Bands,Sports,1,349,20,279.2,2023-05-24,Net Banking,Delivered,Hyderabad
ORD00502,CUST0127,Skipping Rope,Sports,2,199,0,398.0,2023-02-21,Debit Card,Delivered,Hyderabad
ORD00503,CUST0295,Storage Box,Home & Kitchen,1,349,20,279.2,2023-04-23,Net Banking,Delivered,Mumbai
ORD00504,CUST0163,Water Bottle,Home & Kitchen,2,299,0,598.0,2023-10-31,UPI,Delivered,Jaipur
ORD00505,CUST0073,Yoga Mat,Sports,3,799,10,2157.3,2023-10-16,Cash on Delivery,Delivered,Delhi
ORD00506,CUST0020,Casual Jeans,Clothing,3,999,0,2997.0,2023-09-09,Credit Card,Delivered,Delhi
ORD00507,CUST0245,Smart Watch,Electronics,2,3499,0,6998.0,2023-09-27,Credit Card,Returned,Kolkata
ORD00508,CUST0175,Storage Box,Home & Kitchen,2,349,20,558.4,2023-03-08,Debit Card,Returned,Ahmedabad
ORD00509,CUST0361,Air Fryer,Home & Kitchen,1,2999,0,2999.0,2023-10-28,Debit Card,Delivered,Hyderabad
ORD00510,CUST0361,Bluetooth Speaker,Electronics,3,1599,0,4797.0,2023-07-11,Net Banking,Cancelled,Hyderabad
ORD00511,CUST0070,Yoga Mat,Sports,3,799,0,2397.0,2023-06-15,Debit Card,Delivered,Jaipur
ORD00512,CUST0090,Moisturizer,Beauty,4,699,15,2376.6,2023-06-12,Cash on Delivery,Delivered,Bengaluru
ORD00513,CUST0302,Hair Oil,Beauty,3,349,0,1047.0,2023-12-07,Debit Card,Delivered,Ahmedabad
ORD00514,CUST0374,Atomic Habits,Books,3,299,0,897.0,2023-04-01,Credit Card,Delivered,Bengaluru
ORD00515,CUST0017,Hair Oil,Beauty,4,349,20,1116.8,2023-10-18,Debit Card,Delivered,Delhi
ORD00516,CUST0054,Skipping Rope,Sports,2,199,15,338.3,2023-10-17,Net Banking,Cancelled,Delhi
ORD00517,CUST0164,Running Shoes,Clothing,1,1999,0,1999.0,2023-06-27,Debit Card,Delivered,Hyderabad
ORD00518,CUST0136,Face Serum,Beauty,3,899,5,2562.15,2023-01-06,Debit Card,Delivered,Lucknow
ORD00519,CUST0369,Men's T-Shirt,Clothing,3,399,0,1197.0,2023-02-25,Credit Card,Delivered,Chennai
ORD00520,CUST0497,USB Hub,Electronics,4,499,15,1696.6,2023-08-03,Debit Card,Cancelled,Pune
ORD00521,CUST0193,Think Again,Books,4,349,0,1396.0,2023-10-07,Credit Card,Delivered,Ahmedabad
ORD00522,CUST0038,Deep Work,Books,2,319,0,638.0,2023-08-20,Credit Card,Delivered,Pune
ORD00523,CUST0038,Air Fryer,Home & Kitchen,3,2999,0,8997.0,2023-02-23,UPI,Delivered,Pune
ORD00524,CUST0281,Casual Jeans,Clothing,2,999,15,1698.3,2023-02-08,Credit Card,Delivered,Kolkata
ORD00525,CUST0221,Storage Box,Home & Kitchen,4,349,15,1186.6,2023-01-16,Debit Card,Pending,Mumbai
ORD00526,CUST0170,Gym Gloves,Sports,2,299,0,598.0,2023-02-21,Debit Card,Pending,Delhi
ORD00527,CUST0153,Casual Jeans,Clothing,3,999,15,2547.45,2023-05-25,Debit Card,Delivered,Kolkata
ORD00528,CUST0431,Wireless Earbuds,Electronics,4,1299,10,4676.4,2023-10-09,Net Banking,Pending,Hyderabad
ORD00529,CUST0045,Men's T-Shirt,Clothing,3,399,0,1197.0,2023-08-07,UPI,Delivered,Lucknow
ORD00530,CUST0014,Hair Oil,Beauty,4,349,0,1396.0,2023-02-19,Debit Card,Cancelled,Bengaluru
ORD00531,CUST0158,Running Shoes,Clothing,1,1999,5,1899.05,2023-03-01,Net Banking,Delivered,Bengaluru
ORD00532,CUST0279,Think Again,Books,3,349,0,1047.0,2023-11-25,Net Banking,Delivered,Kolkata
ORD00533,CUST0229,Running Shoes,Clothing,4,1999,0,7996.0,2023-04-06,Credit Card,Delivered,Lucknow
ORD00534,CUST0429,Coffee Mug Set,Home & Kitchen,4,499,0,1996.0,2023-04-26,UPI,Delivered,Hyderabad
ORD00535,CUST0342,Yoga Mat,Sports,2,799,20,1278.4,2023-12-23,Credit Card,Delivered,Jaipur
ORD00536,CUST0117,Laptop Stand,Electronics,4,899,20,2876.8,2023-10-29,Cash on Delivery,Delivered,Lucknow
ORD00537,CUST0444,USB Hub,Electronics,4,499,10,1796.4,2023-12-18,Net Banking,Delivered,Hyderabad
ORD00538,CUST0203,Resistance Bands,Sports,4,349,0,1396.0,2023-02-10,Credit Card,Delivered,Jaipur
ORD00539,CUST0089,Water Sipper,Sports,2,399,0,798.0,2023-08-18,Debit Card,Delivered,Ahmedabad
ORD00540,CUST0041,Women's Kurta,Clothing,2,599,0,1198.0,2023-08-05,Net Banking,Delivered,Jaipur
ORD00541,CUST0045,Women's Kurta,Clothing,3,599,0,1797.0,2023-02-04,Net Banking,Pending,Lucknow
ORD00542,CUST0267,Gym Gloves,Sports,3,299,20,717.6,2023-05-22,Net Banking,Delivered,Mumbai
ORD00543,CUST0077,Bluetooth Speaker,Electronics,4,1599,0,6396.0,2023-08-01,Debit Card,Delivered,Jaipur
ORD00544,CUST0400,Water Sipper,Sports,1,399,0,399.0,2023-10-16,Credit Card,Delivered,Ahmedabad
ORD00545,CUST0197,Storage Box,Home & Kitchen,3,349,5,994.65,2023-05-16,Net Banking,Cancelled,Chennai
ORD00546,CUST0142,Water Sipper,Sports,4,399,0,1596.0,2023-03-30,Net Banking,Delivered,Pune
ORD00547,CUST0456,Hoodie,Clothing,4,1199,0,4796.0,2023-07-22,UPI,Delivered,Lucknow
ORD00548,CUST0472,Sunscreen SPF50,Beauty,1,499,15,424.15,2023-09-01,UPI,Returned,Hyderabad
ORD00549,CUST0160,Air Fryer,Home & Kitchen,3,2999,20,7197.6,2023-06-05,UPI,Cancelled,Ahmedabad
ORD00550,CUST0499,Data Science 101,Books,2,499,0,998.0,2023-06-03,Net Banking,Delivered,Jaipur
ORD00551,CUST0046,Chopping Board,Home & Kitchen,4,199,10,716.4,2023-11-27,Debit Card,Delivered,Chennai
ORD00552,CUST0389,Python Crash Course,Books,4,399,15,1356.6,2023-09-06,Cash on Delivery,Delivered,Chennai
ORD00553,CUST0364,Air Fryer,Home & Kitchen,2,2999,0,5998.0,2023-06-09,Cash on Delivery,Cancelled,Kolkata
ORD00554,CUST0449,Python Crash Course,Books,1,399,0,399.0,2023-04-09,Debit Card,Delivered,Mumbai
ORD00555,CUST0471,Smart Watch,Electronics,1,3499,5,3324.05,2023-01-26,UPI,Delivered,Pune
ORD00556,CUST0259,Sunscreen SPF50,Beauty,3,499,0,1497.0,2023-08-26,Net Banking,Cancelled,Jaipur
ORD00557,CUST0251,Face Serum,Beauty,1,899,0,899.0,2023-07-10,Cash on Delivery,Delivered,Ahmedabad
ORD00558,CUST0180,Python Crash Course,Books,4,399,10,1436.4,2023-10-10,UPI,Delivered,Kolkata
ORD00559,CUST0198,Running Shoes,Clothing,1,1999,0,1999.0,2023-01-15,Credit Card,Delivered,Hyderabad
ORD00560,CUST0332,Hoodie,Clothing,2,1199,20,1918.4,2023-04-24,Debit Card,Delivered,Pune
ORD00561,CUST0263,Sunscreen SPF50,Beauty,3,499,15,1272.45,2023-07-29,Credit Card,Delivered,Kolkata
ORD00562,CUST0089,Face Serum,Beauty,4,899,0,3596.0,2023-11-28,Cash on Delivery,Delivered,Ahmedabad
ORD00563,CUST0365,Smart Watch,Electronics,3,3499,10,9447.3,2023-06-06,UPI,Delivered,Chennai
ORD00564,CUST0112,Think Again,Books,3,349,5,994.65,2023-05-10,Net Banking,Delivered,Bengaluru
ORD00565,CUST0004,Storage Box,Home & Kitchen,4,349,10,1256.4,2023-02-22,Cash on Delivery,Pending,Chennai
ORD00566,CUST0056,Lip Balm Set,Beauty,3,249,0,747.0,2023-12-17,Net Banking,Delivered,Hyderabad
ORD00567,CUST0442,Laptop Stand,Electronics,3,899,15,2292.45,2023-06-16,UPI,Pending,Delhi
ORD00568,CUST0392,Chopping Board,Home & Kitchen,2,199,0,398.0,2023-09-22,Debit Card,Delivered,Chennai
ORD00569,CUST0349,Bluetooth Speaker,Electronics,4,1599,15,5436.6,2023-06-13,Debit Card,Cancelled,Delhi
ORD00570,CUST0465,Face Serum,Beauty,4,899,0,3596.0,2023-05-13,Net Banking,Returned,Lucknow
ORD00571,CUST0293,Think Again,Books,1,349,10,314.1,2023-12-29,Debit Card,Delivered,Hyderabad
ORD00572,CUST0260,Water Bottle,Home & Kitchen,4,299,15,1016.6,2023-07-03,UPI,Delivered,Delhi
ORD00573,CUST0242,Hoodie,Clothing,2,1199,0,2398.0,2023-02-19,Debit Card,Cancelled,Bengaluru
ORD00574,CUST0336,Lip Balm Set,Beauty,2,249,15,423.3,2023-06-21,Credit Card,Delivered,Bengaluru
ORD00575,CUST0216,Running Shoes,Clothing,2,1999,15,3398.3,2023-06-07,UPI,Delivered,Mumbai
ORD00576,CUST0241,Chopping Board,Home & Kitchen,3,199,5,567.15,2023-03-02,Credit Card,Delivered,Bengaluru
ORD00577,CUST0257,Hair Oil,Beauty,1,349,5,331.55,2023-04-10,Credit Card,Returned,Jaipur
ORD00578,CUST0446,Moisturizer,Beauty,3,699,5,1992.15,2023-01-28,Debit Card,Delivered,Delhi
ORD00579,CUST0458,Women's Kurta,Clothing,3,599,5,1707.15,2023-10-19,Net Banking,Returned,Bengaluru
ORD00580,CUST0250,Running Shoes,Clothing,2,1999,20,3198.4,2023-02-11,UPI,Delivered,Mumbai
ORD00581,CUST0003,Sunscreen SPF50,Beauty,3,499,15,1272.45,2023-01-30,Net Banking,Returned,Ahmedabad
ORD00582,CUST0251,Water Bottle,Home & Kitchen,2,299,10,538.2,2023-03-23,Credit Card,Delivered,Ahmedabad
ORD00583,CUST0207,Hoodie,Clothing,4,1199,15,4076.6,2023-08-08,Net Banking,Delivered,Hyderabad
ORD00584,CUST0103,Think Again,Books,1,349,0,349.0,2023-10-01,UPI,Delivered,Pune
ORD00585,CUST0003,Laptop Stand,Electronics,2,899,0,1798.0,2023-12-13,Debit Card,Delivered,Ahmedabad
ORD00586,CUST0197,Running Shoes,Clothing,3,1999,0,5997.0,2023-02-22,Cash on Delivery,Delivered,Chennai
ORD00587,CUST0153,Skipping Rope,Sports,2,199,0,398.0,2023-01-24,UPI,Delivered,Kolkata
ORD00588,CUST0069,Deep Work,Books,3,319,5,909.15,2023-12-18,UPI,Delivered,Pune
ORD00589,CUST0010,Atomic Habits,Books,2,299,0,598.0,2023-07-26,Debit Card,Delivered,Chennai
ORD00590,CUST0302,Women's Kurta,Clothing,2,599,15,1018.3,2023-01-12,Cash on Delivery,Delivered,Ahmedabad
ORD00591,CUST0406,Men's T-Shirt,Clothing,3,399,15,1017.45,2023-11-30,Credit Card,Delivered,Pune
ORD00592,CUST0339,Atomic Habits,Books,1,299,10,269.1,2023-01-25,Credit Card,Delivered,Ahmedabad
ORD00593,CUST0214,Face Serum,Beauty,1,899,15,764.15,2023-03-01,Net Banking,Delivered,Hyderabad
ORD00594,CUST0079,Data Science 101,Books,3,499,5,1422.15,2023-12-26,Debit Card,Delivered,Mumbai
ORD00595,CUST0052,Face Serum,Beauty,3,899,5,2562.15,2023-12-05,Cash on Delivery,Delivered,Mumbai
ORD00596,CUST0262,Storage Box,Home & Kitchen,2,349,5,663.1,2023-02-23,Cash on Delivery,Delivered,Delhi
ORD00597,CUST0255,Laptop Stand,Electronics,1,899,20,719.2,2023-02-24,Debit Card,Delivered,Hyderabad
ORD00598,CUST0499,Resistance Bands,Sports,3,349,20,837.6,2023-09-25,Debit Card,Delivered,Jaipur
ORD00599,CUST0281,Coffee Mug Set,Home & Kitchen,3,499,0,1497.0,2023-01-21,Net Banking,Delivered,Kolkata
ORD00600,CUST0007,Casual Jeans,Clothing,3,999,0,2997.0,2023-01-02,Credit Card,Cancelled,Bengaluru
ORD00601,CUST0400,Bluetooth Speaker,Electronics,4,1599,0,6396.0,2023-02-16,Cash on Delivery,Delivered,Ahmedabad
ORD00602,CUST0234,Wireless Earbuds,Electronics,3,1299,15,3312.45,2023-04-29,UPI,Delivered,Mumbai
ORD00603,CUST0448,Coffee Mug Set,Home & Kitchen,1,499,0,499.0,2023-03-31,Credit Card,Delivered,Mumbai
ORD00604,CUST0049,Chopping Board,Home & Kitchen,3,199,5,567.15,2023-03-01,Credit Card,Delivered,Pune
ORD00605,CUST0458,Smart Watch,Electronics,2,3499,0,6998.0,2023-07-03,Net Banking,Delivered,Bengaluru
ORD00606,CUST0094,Skipping Rope,Sports,1,199,0,199.0,2023-06-25,Credit Card,Delivered,Lucknow
ORD00607,CUST0354,Think Again,Books,4,349,0,1396.0,2023-07-17,Net Banking,Delivered,Jaipur
ORD00608,CUST0372,Python Crash Course,Books,1,399,0,399.0,2023-12-23,Credit Card,Delivered,Kolkata
ORD00609,CUST0411,Men's T-Shirt,Clothing,4,399,10,1436.4,2023-09-05,Cash on Delivery,Delivered,Kolkata
ORD00610,CUST0399,Moisturizer,Beauty,2,699,10,1258.2,2023-07-14,UPI,Delivered,Jaipur
ORD00611,CUST0058,Yoga Mat,Sports,2,799,5,1518.1,2023-09-07,Net Banking,Returned,Kolkata
ORD00612,CUST0161,Data Science 101,Books,1,499,0,499.0,2023-12-02,Credit Card,Delivered,Kolkata
ORD00613,CUST0266,Hair Oil,Beauty,2,349,15,593.3,2023-06-23,Cash on Delivery,Pending,Hyderabad
ORD00614,CUST0373,Hair Oil,Beauty,1,349,5,331.55,2023-12-05,Debit Card,Delivered,Hyderabad
ORD00615,CUST0457,Atomic Habits,Books,4,299,0,1196.0,2023-10-13,Cash on Delivery,Delivered,Delhi
ORD00616,CUST0437,Wireless Earbuds,Electronics,2,1299,10,2338.2,2023-08-29,Net Banking,Delivered,Ahmedabad
ORD00617,CUST0170,Men's T-Shirt,Clothing,4,399,0,1596.0,2023-05-04,UPI,Delivered,Delhi
ORD00618,CUST0194,Bluetooth Speaker,Electronics,2,1599,10,2878.2,2023-11-26,Net Banking,Cancelled,Mumbai
ORD00619,CUST0230,Men's T-Shirt,Clothing,4,399,5,1516.2,2023-10-21,Credit Card,Delivered,Jaipur
ORD00620,CUST0382,Think Again,Books,3,349,0,1047.0,2023-09-12,Credit Card,Cancelled,Ahmedabad
ORD00621,CUST0282,USB Hub,Electronics,4,499,0,1996.0,2023-10-13,Credit Card,Delivered,Kolkata
ORD00622,CUST0106,Bluetooth Speaker,Electronics,3,1599,10,4317.3,2023-10-15,Net Banking,Cancelled,Chennai
ORD00623,CUST0433,Chopping Board,Home & Kitchen,1,199,20,159.2,2023-04-25,Net Banking,Delivered,Lucknow
ORD00624,CUST0187,Storage Box,Home & Kitchen,4,349,15,1186.6,2023-12-03,Net Banking,Delivered,Chennai
ORD00625,CUST0182,Wireless Earbuds,Electronics,2,1299,0,2598.0,2023-06-24,UPI,Delivered,Chennai
ORD00626,CUST0024,Water Sipper,Sports,3,399,15,1017.45,2023-02-24,Debit Card,Delivered,Kolkata
ORD00627,CUST0313,Python Crash Course,Books,4,399,0,1596.0,2023-05-11,Debit Card,Delivered,Jaipur
ORD00628,CUST0423,Men's T-Shirt,Clothing,4,399,0,1596.0,2023-08-23,Debit Card,Delivered,Chennai
ORD00629,CUST0024,Lip Balm Set,Beauty,1,249,20,199.2,2023-08-01,Cash on Delivery,Returned,Kolkata
ORD00630,CUST0490,USB Hub,Electronics,4,499,15,1696.6,2023-10-29,Cash on Delivery,Delivered,Delhi
ORD00631,CUST0284,Casual Jeans,Clothing,1,999,10,899.1,2023-01-25,Net Banking,Delivered,Bengaluru
ORD00632,CUST0089,Gym Gloves,Sports,2,299,15,508.3,2023-10-24,Debit Card,Delivered,Ahmedabad
ORD00633,CUST0215,USB Hub,Electronics,3,499,10,1347.3,2023-07-16,Cash on Delivery,Delivered,Jaipur
ORD00634,CUST0497,Sunscreen SPF50,Beauty,3,499,5,1422.15,2023-06-25,UPI,Delivered,Pune
ORD00635,CUST0359,Python Crash Course,Books,2,399,5,758.1,2023-11-05,Cash on Delivery,Delivered,Kolkata
ORD00636,CUST0324,Storage Box,Home & Kitchen,3,349,15,889.95,2023-10-11,Debit Card,Delivered,Lucknow
ORD00637,CUST0472,Women's Kurta,Clothing,3,599,15,1527.45,2023-06-26,Debit Card,Delivered,Hyderabad
ORD00638,CUST0390,Sunscreen SPF50,Beauty,3,499,15,1272.45,2023-03-01,UPI,Delivered,Pune
ORD00639,CUST0147,Gym Gloves,Sports,4,299,15,1016.6,2023-10-01,Net Banking,Delivered,Jaipur
ORD00640,CUST0075,Bluetooth Speaker,Electronics,1,1599,0,1599.0,2023-07-15,Credit Card,Delivered,Ahmedabad
ORD00641,CUST0147,Face Serum,Beauty,2,899,0,1798.0,2023-03-24,UPI,Delivered,Jaipur
ORD00642,CUST0017,Men's T-Shirt,Clothing,3,399,0,1197.0,2023-10-05,UPI,Delivered,Delhi
ORD00643,CUST0288,Data Science 101,Books,2,499,15,848.3,2023-11-28,Net Banking,Delivered,Chennai
ORD00644,CUST0025,Hoodie,Clothing,3,1199,15,3057.45,2023-12-07,Net Banking,Delivered,Jaipur
ORD00645,CUST0007,Think Again,Books,3,349,10,942.3,2023-01-28,UPI,Pending,Bengaluru
ORD00646,CUST0467,Hoodie,Clothing,4,1199,20,3836.8,2023-04-26,UPI,Delivered,Lucknow
ORD00647,CUST0151,Water Sipper,Sports,2,399,20,638.4,2023-04-10,Net Banking,Returned,Bengaluru
ORD00648,CUST0062,Men's T-Shirt,Clothing,2,399,0,798.0,2023-09-21,Net Banking,Delivered,Kolkata
ORD00649,CUST0067,USB Hub,Electronics,3,499,10,1347.3,2023-05-16,Debit Card,Delivered,Hyderabad
ORD00650,CUST0364,Skipping Rope,Sports,1,199,0,199.0,2023-08-27,Debit Card,Delivered,Kolkata
ORD00651,CUST0397,Smart Watch,Electronics,3,3499,10,9447.3,2023-01-27,Cash on Delivery,Pending,Delhi
ORD00652,CUST0282,Lip Balm Set,Beauty,4,249,20,796.8,2023-10-21,UPI,Delivered,Kolkata
ORD00653,CUST0035,Laptop Stand,Electronics,2,899,0,1798.0,2023-09-24,Cash on Delivery,Returned,Pune
ORD00654,CUST0114,Casual Jeans,Clothing,4,999,0,3996.0,2023-06-28,Debit Card,Cancelled,Bengaluru
ORD00655,CUST0112,Lip Balm Set,Beauty,3,249,0,747.0,2023-05-31,Cash on Delivery,Delivered,Bengaluru
ORD00656,CUST0178,Gym Gloves,Sports,1,299,0,299.0,2023-12-09,Net Banking,Delivered,Delhi
ORD00657,CUST0454,Hoodie,Clothing,2,1199,0,2398.0,2023-12-16,UPI,Delivered,Mumbai
ORD00658,CUST0371,Data Science 101,Books,4,499,0,1996.0,2023-10-04,UPI,Delivered,Hyderabad
ORD00659,CUST0229,Bluetooth Speaker,Electronics,3,1599,10,4317.3,2023-09-18,Net Banking,Returned,Lucknow
ORD00660,CUST0043,Laptop Stand,Electronics,2,899,0,1798.0,2023-09-21,Credit Card,Cancelled,Lucknow
ORD00661,CUST0108,Hoodie,Clothing,1,1199,15,1019.15,2023-02-03,Debit Card,Delivered,Ahmedabad
ORD00662,CUST0425,Moisturizer,Beauty,1,699,0,699.0,2023-10-03,Net Banking,Delivered,Lucknow
ORD00663,CUST0368,Face Serum,Beauty,2,899,0,1798.0,2023-08-24,UPI,Returned,Chennai
ORD00664,CUST0407,Wireless Earbuds,Electronics,1,1299,0,1299.0,2023-04-02,UPI,Delivered,Bengaluru
ORD00665,CUST0199,Yoga Mat,Sports,2,799,0,1598.0,2023-07-28,Net Banking,Returned,Delhi
ORD00666,CUST0200,Moisturizer,Beauty,4,699,0,2796.0,2023-01-09,Credit Card,Delivered,Kolkata
ORD00667,CUST0024,Yoga Mat,Sports,1,799,20,639.2,2023-10-27,Credit Card,Delivered,Kolkata
ORD00668,CUST0155,Storage Box,Home & Kitchen,1,349,0,349.0,2023-12-18,Cash on Delivery,Delivered,Jaipur
ORD00669,CUST0421,Laptop Stand,Electronics,4,899,5,3416.2,2023-07-22,Credit Card,Delivered,Hyderabad
ORD00670,CUST0408,Python Crash Course,Books,2,399,0,798.0,2023-07-20,Cash on Delivery,Delivered,Lucknow
ORD00671,CUST0192,Water Bottle,Home & Kitchen,3,299,15,762.45,2023-11-28,Credit Card,Delivered,Pune
ORD00672,CUST0003,Water Sipper,Sports,2,399,0,798.0,2023-01-22,Cash on Delivery,Delivered,Ahmedabad
ORD00673,CUST0384,Gym Gloves,Sports,1,299,0,299.0,2023-04-18,UPI,Delivered,Lucknow
ORD00674,CUST0114,Casual Jeans,Clothing,2,999,0,1998.0,2023-04-05,Cash on Delivery,Cancelled,Bengaluru
ORD00675,CUST0410,Water Bottle,Home & Kitchen,1,299,0,299.0,2023-12-10,Cash on Delivery,Delivered,Chennai
ORD00676,CUST0038,Bluetooth Speaker,Electronics,4,1599,15,5436.6,2023-10-09,UPI,Delivered,Pune
ORD00677,CUST0372,Face Serum,Beauty,3,899,0,2697.0,2023-04-12,Cash on Delivery,Delivered,Kolkata
ORD00678,CUST0336,Atomic Habits,Books,3,299,0,897.0,2023-12-10,Debit Card,Delivered,Bengaluru
ORD00679,CUST0249,Laptop Stand,Electronics,1,899,0,899.0,2023-06-12,Net Banking,Delivered,Hyderabad
ORD00680,CUST0079,Storage Box,Home & Kitchen,3,349,15,889.95,2023-10-27,Cash on Delivery,Delivered,Mumbai
ORD00681,CUST0003,Skipping Rope,Sports,3,199,5,567.15,2023-03-28,UPI,Delivered,Ahmedabad
ORD00682,CUST0069,Women's Kurta,Clothing,4,599,0,2396.0,2023-07-04,UPI,Delivered,Pune
ORD00683,CUST0250,Think Again,Books,4,349,0,1396.0,2023-06-06,Cash on Delivery,Delivered,Mumbai
ORD00684,CUST0440,Smart Watch,Electronics,1,3499,20,2799.2,2023-05-24,Debit Card,Delivered,Ahmedabad
ORD00685,CUST0040,Resistance Bands,Sports,3,349,15,889.95,2023-11-17,Credit Card,Pending,Hyderabad
ORD00686,CUST0297,Bluetooth Speaker,Electronics,1,1599,20,1279.2,2023-10-25,Net Banking,Delivered,Chennai
ORD00687,CUST0279,Resistance Bands,Sports,1,349,10,314.1,2023-05-14,Cash on Delivery,Delivered,Kolkata
ORD00688,CUST0457,Python Crash Course,Books,3,399,5,1137.15,2023-04-25,Cash on Delivery,Delivered,Delhi
ORD00689,CUST0262,Lip Balm Set,Beauty,2,249,5,473.1,2023-09-14,Credit Card,Delivered,Delhi
ORD00690,CUST0435,Atomic Habits,Books,1,299,15,254.15,2023-05-03,Cash on Delivery,Delivered,Lucknow
ORD00691,CUST0092,Sunscreen SPF50,Beauty,2,499,5,948.1,2023-03-23,Cash on Delivery,Delivered,Mumbai
ORD00692,CUST0113,Resistance Bands,Sports,4,349,0,1396.0,2023-01-21,Net Banking,Pending,Chennai
ORD00693,CUST0022,Men's T-Shirt,Clothing,3,399,0,1197.0,2023-04-30,Debit Card,Delivered,Mumbai
ORD00694,CUST0452,Skipping Rope,Sports,4,199,5,756.2,2023-08-21,Credit Card,Delivered,Bengaluru
ORD00695,CUST0325,Laptop Stand,Electronics,1,899,15,764.15,2023-09-24,UPI,Delivered,Delhi
ORD00696,CUST0194,Lip Balm Set,Beauty,2,249,5,473.1,2023-12-01,UPI,Delivered,Mumbai
ORD00697,CUST0265,Yoga Mat,Sports,3,799,5,2277.15,2023-04-25,Net Banking,Delivered,Jaipur
ORD00698,CUST0455,Chopping Board,Home & Kitchen,4,199,20,636.8,2023-09-04,Cash on Delivery,Delivered,Ahmedabad
ORD00699,CUST0118,Bluetooth Speaker,Electronics,2,1599,5,3038.1,2023-03-26,Credit Card,Delivered,Pune
ORD00700,CUST0081,Skipping Rope,Sports,2,199,0,398.0,2023-04-06,UPI,Cancelled,Pune
ORD00701,CUST0369,Yoga Mat,Sports,2,799,5,1518.1,2023-06-19,Credit Card,Delivered,Chennai
ORD00702,CUST0083,Think Again,Books,4,349,0,1396.0,2023-10-30,Net Banking,Delivered,Ahmedabad
ORD00703,CUST0304,Smart Watch,Electronics,1,3499,0,3499.0,2023-10-21,Debit Card,Delivered,Chennai
ORD00704,CUST0029,Hoodie,Clothing,1,1199,10,1079.1,2023-03-17,Debit Card,Delivered,Pune
ORD00705,CUST0327,Water Bottle,Home & Kitchen,4,299,10,1076.4,2023-10-16,Credit Card,Delivered,Mumbai
ORD00706,CUST0311,Lip Balm Set,Beauty,1,249,0,249.0,2023-08-18,Net Banking,Delivered,Bengaluru
ORD00707,CUST0308,Python Crash Course,Books,2,399,20,638.4,2023-07-30,Debit Card,Delivered,Chennai
ORD00708,CUST0176,Resistance Bands,Sports,3,349,0,1047.0,2023-12-18,Net Banking,Returned,Mumbai
ORD00709,CUST0198,Water Sipper,Sports,1,399,0,399.0,2023-07-13,Debit Card,Delivered,Hyderabad
ORD00710,CUST0351,Wireless Earbuds,Electronics,2,1299,10,2338.2,2023-09-16,Net Banking,Delivered,Pune
ORD00711,CUST0462,Hoodie,Clothing,1,1199,0,1199.0,2023-09-01,Cash on Delivery,Cancelled,Mumbai
ORD00712,CUST0338,Yoga Mat,Sports,1,799,0,799.0,2023-09-04,Debit Card,Delivered,Jaipur
ORD00713,CUST0333,Water Sipper,Sports,1,399,20,319.2,2023-12-14,Net Banking,Delivered,Lucknow
ORD00714,CUST0358,Gym Gloves,Sports,3,299,20,717.6,2023-01-23,Cash on Delivery,Delivered,Lucknow
ORD00715,CUST0180,Python Crash Course,Books,4,399,20,1276.8,2023-07-15,Cash on Delivery,Delivered,Kolkata
ORD00716,CUST0131,Hair Oil,Beauty,1,349,5,331.55,2023-03-10,Net Banking,Delivered,Hyderabad
ORD00717,CUST0210,Men's T-Shirt,Clothing,3,399,10,1077.3,2023-10-06,UPI,Pending,Bengaluru
ORD00718,CUST0061,Men's T-Shirt,Clothing,1,399,10,359.1,2023-09-25,Cash on Delivery,Delivered,Hyderabad
ORD00719,CUST0210,USB Hub,Electronics,2,499,15,848.3,2023-06-11,UPI,Delivered,Bengaluru
ORD00720,CUST0130,Smart Watch,Electronics,4,3499,15,11896.6,2023-10-27,UPI,Delivered,Pune
ORD00721,CUST0349,Gym Gloves,Sports,3,299,10,807.3,2023-05-22,Net Banking,Delivered,Delhi
ORD00722,CUST0287,Casual Jeans,Clothing,4,999,0,3996.0,2023-07-09,Cash on Delivery,Delivered,Delhi
ORD00723,CUST0397,Atomic Habits,Books,3,299,10,807.3,2023-06-26,Net Banking,Delivered,Delhi
ORD00724,CUST0229,Sunscreen SPF50,Beauty,1,499,15,424.15,2023-04-28,Debit Card,Pending,Lucknow
ORD00725,CUST0411,Smart Watch,Electronics,4,3499,20,11196.8,2023-06-23,Cash on Delivery,Delivered,Kolkata
ORD00726,CUST0003,Yoga Mat,Sports,2,799,5,1518.1,2023-11-22,Credit Card,Delivered,Ahmedabad
ORD00727,CUST0135,Casual Jeans,Clothing,4,999,0,3996.0,2023-02-02,Debit Card,Delivered,Delhi
ORD00728,CUST0477,Air Fryer,Home & Kitchen,1,2999,15,2549.15,2023-07-16,Net Banking,Delivered,Hyderabad
ORD00729,CUST0030,Water Sipper,Sports,3,399,15,1017.45,2023-11-02,Debit Card,Delivered,Hyderabad
ORD00730,CUST0436,Moisturizer,Beauty,4,699,0,2796.0,2023-04-14,Cash on Delivery,Delivered,Mumbai
ORD00731,CUST0262,Water Bottle,Home & Kitchen,1,299,20,239.2,2023-11-03,Cash on Delivery,Delivered,Delhi
ORD00732,CUST0185,Sunscreen SPF50,Beauty,2,499,15,848.3,2023-01-19,Debit Card,Delivered,Bengaluru
ORD00733,CUST0400,Face Serum,Beauty,2,899,0,1798.0,2023-05-22,Net Banking,Delivered,Ahmedabad
ORD00734,CUST0266,Coffee Mug Set,Home & Kitchen,4,499,10,1796.4,2023-04-13,Credit Card,Returned,Hyderabad
ORD00735,CUST0372,Face Serum,Beauty,1,899,10,809.1,2023-05-26,Cash on Delivery,Cancelled,Kolkata
ORD00736,CUST0116,Skipping Rope,Sports,3,199,20,477.6,2023-05-22,Cash on Delivery,Delivered,Chennai
ORD00737,CUST0134,Casual Jeans,Clothing,4,999,10,3596.4,2023-01-03,Debit Card,Delivered,Kolkata
ORD00738,CUST0258,Deep Work,Books,1,319,10,287.1,2023-02-07,UPI,Delivered,Bengaluru
ORD00739,CUST0129,Air Fryer,Home & Kitchen,3,2999,10,8097.3,2023-10-22,Net Banking,Pending,Pune
ORD00740,CUST0388,Deep Work,Books,4,319,20,1020.8,2023-05-05,UPI,Cancelled,Lucknow
ORD00741,CUST0133,Think Again,Books,1,349,5,331.55,2023-03-01,Credit Card,Delivered,Bengaluru
ORD00742,CUST0212,Python Crash Course,Books,2,399,20,638.4,2023-06-11,UPI,Returned,Hyderabad
ORD00743,CUST0128,Water Sipper,Sports,1,399,15,339.15,2023-05-15,UPI,Delivered,Chennai
ORD00744,CUST0477,USB Hub,Electronics,3,499,0,1497.0,2023-10-11,Debit Card,Delivered,Hyderabad
ORD00745,CUST0138,Atomic Habits,Books,3,299,0,897.0,2023-10-21,Debit Card,Delivered,Chennai
ORD00746,CUST0121,Sunscreen SPF50,Beauty,4,499,15,1696.6,2023-04-13,Debit Card,Delivered,Lucknow
ORD00747,CUST0429,Water Bottle,Home & Kitchen,2,299,0,598.0,2023-05-08,Cash on Delivery,Delivered,Hyderabad
ORD00748,CUST0347,Water Bottle,Home & Kitchen,1,299,0,299.0,2023-02-10,Net Banking,Returned,Bengaluru
ORD00749,CUST0191,Yoga Mat,Sports,1,799,20,639.2,2023-09-04,Cash on Delivery,Returned,Hyderabad
ORD00750,CUST0392,Coffee Mug Set,Home & Kitchen,3,499,5,1422.15,2023-04-04,Cash on Delivery,Delivered,Chennai
ORD00751,CUST0066,Coffee Mug Set,Home & Kitchen,2,499,20,798.4,2023-10-23,Credit Card,Delivered,Lucknow
ORD00752,CUST0258,Gym Gloves,Sports,4,299,10,1076.4,2023-01-17,UPI,Delivered,Bengaluru
ORD00753,CUST0266,Python Crash Course,Books,4,399,0,1596.0,2023-12-24,Net Banking,Delivered,Hyderabad
ORD00754,CUST0195,Air Fryer,Home & Kitchen,1,2999,15,2549.15,2023-04-18,Cash on Delivery,Delivered,Kolkata
ORD00755,CUST0096,Laptop Stand,Electronics,3,899,10,2427.3,2023-05-13,Cash on Delivery,Delivered,Lucknow
ORD00756,CUST0176,Water Bottle,Home & Kitchen,3,299,5,852.15,2023-11-10,UPI,Cancelled,Mumbai
ORD00757,CUST0359,Casual Jeans,Clothing,4,999,0,3996.0,2023-08-03,UPI,Delivered,Kolkata
ORD00758,CUST0293,Coffee Mug Set,Home & Kitchen,3,499,5,1422.15,2023-04-03,Debit Card,Delivered,Hyderabad
ORD00759,CUST0412,Resistance Bands,Sports,1,349,15,296.65,2023-05-19,Debit Card,Delivered,Jaipur
ORD00760,CUST0410,Gym Gloves,Sports,4,299,0,1196.0,2023-03-16,Debit Card,Delivered,Chennai
ORD00761,CUST0069,Data Science 101,Books,2,499,5,948.1,2023-09-13,Cash on Delivery,Delivered,Pune
ORD00762,CUST0288,Skipping Rope,Sports,4,199,0,796.0,2023-05-09,Cash on Delivery,Delivered,Chennai
ORD00763,CUST0031,USB Hub,Electronics,1,499,15,424.15,2023-03-25,Debit Card,Cancelled,Jaipur
ORD00764,CUST0134,Coffee Mug Set,Home & Kitchen,1,499,5,474.05,2023-06-21,UPI,Delivered,Kolkata
ORD00765,CUST0211,Storage Box,Home & Kitchen,3,349,0,1047.0,2023-01-11,Credit Card,Pending,Bengaluru
ORD00766,CUST0333,Storage Box,Home & Kitchen,2,349,10,628.2,2023-10-22,Cash on Delivery,Returned,Lucknow
ORD00767,CUST0262,Running Shoes,Clothing,3,1999,0,5997.0,2023-12-11,Net Banking,Delivered,Delhi
ORD00768,CUST0147,Moisturizer,Beauty,1,699,5,664.05,2023-11-11,Net Banking,Cancelled,Jaipur
ORD00769,CUST0216,Sunscreen SPF50,Beauty,2,499,15,848.3,2023-06-22,Cash on Delivery,Delivered,Mumbai
ORD00770,CUST0176,Gym Gloves,Sports,1,299,0,299.0,2023-03-24,Debit Card,Returned,Mumbai
ORD00771,CUST0310,Chopping Board,Home & Kitchen,3,199,15,507.45,2023-05-17,Net Banking,Delivered,Mumbai
ORD00772,CUST0267,Coffee Mug Set,Home & Kitchen,3,499,15,1272.45,2023-10-28,Net Banking,Cancelled,Mumbai
ORD00773,CUST0065,Python Crash Course,Books,2,399,20,638.4,2023-01-12,Debit Card,Cancelled,Delhi
ORD00774,CUST0204,Lip Balm Set,Beauty,1,249,0,249.0,2023-03-27,Credit Card,Returned,Kolkata
ORD00775,CUST0014,Wireless Earbuds,Electronics,4,1299,10,4676.4,2023-01-28,Net Banking,Returned,Bengaluru
ORD00776,CUST0080,Yoga Mat,Sports,1,799,0,799.0,2023-11-13,Credit Card,Delivered,Jaipur
ORD00777,CUST0378,Moisturizer,Beauty,3,699,0,2097.0,2023-05-07,UPI,Delivered,Delhi
ORD00778,CUST0015,Python Crash Course,Books,2,399,10,718.2,2023-03-29,Credit Card,Delivered,Kolkata
ORD00779,CUST0240,Lip Balm Set,Beauty,3,249,20,597.6,2023-09-01,Cash on Delivery,Delivered,Bengaluru
ORD00780,CUST0277,Storage Box,Home & Kitchen,4,349,0,1396.0,2023-12-24,Debit Card,Delivered,Mumbai
ORD00781,CUST0450,Water Sipper,Sports,4,399,15,1356.6,2023-11-22,Cash on Delivery,Delivered,Bengaluru
ORD00782,CUST0277,Deep Work,Books,3,319,0,957.0,2023-09-04,Debit Card,Pending,Mumbai
ORD00783,CUST0134,USB Hub,Electronics,3,499,0,1497.0,2023-07-31,Debit Card,Delivered,Kolkata
ORD00784,CUST0177,Air Fryer,Home & Kitchen,1,2999,10,2699.1,2023-03-11,UPI,Returned,Mumbai
ORD00785,CUST0485,Deep Work,Books,1,319,15,271.15,2023-09-09,Net Banking,Delivered,Ahmedabad
ORD00786,CUST0306,Air Fryer,Home & Kitchen,4,2999,20,9596.8,2023-05-30,Debit Card,Cancelled,Mumbai
ORD00787,CUST0452,Bluetooth Speaker,Electronics,3,1599,0,4797.0,2023-07-30,Cash on Delivery,Cancelled,Bengaluru
ORD00788,CUST0200,Think Again,Books,2,349,0,698.0,2023-11-27,Net Banking,Delivered,Kolkata
ORD00789,CUST0123,Running Shoes,Clothing,1,1999,5,1899.05,2023-11-17,Cash on Delivery,Delivered,Bengaluru
ORD00790,CUST0415,Skipping Rope,Sports,3,199,15,507.45,2023-09-30,UPI,Delivered,Hyderabad
ORD00791,CUST0149,Python Crash Course,Books,1,399,0,399.0,2023-03-11,Credit Card,Delivered,Hyderabad
ORD00792,CUST0319,Moisturizer,Beauty,4,699,0,2796.0,2023-12-25,Net Banking,Delivered,Ahmedabad
ORD00793,CUST0497,Running Shoes,Clothing,1,1999,0,1999.0,2023-01-26,Cash on Delivery,Delivered,Pune
ORD00794,CUST0065,Smart Watch,Electronics,1,3499,0,3499.0,2023-05-18,Net Banking,Delivered,Delhi
ORD00795,CUST0008,Face Serum,Beauty,2,899,0,1798.0,2023-03-19,Net Banking,Delivered,Pune
ORD00796,CUST0191,Running Shoes,Clothing,4,1999,0,7996.0,2023-09-13,Net Banking,Delivered,Hyderabad
ORD00797,CUST0029,Face Serum,Beauty,3,899,0,2697.0,2023-03-16,UPI,Delivered,Pune
ORD00798,CUST0459,Data Science 101,Books,4,499,0,1996.0,2023-04-09,UPI,Delivered,Delhi
ORD00799,CUST0198,Data Science 101,Books,1,499,20,399.2,2023-05-08,Net Banking,Pending,Hyderabad
ORD00800,CUST0267,Men's T-Shirt,Clothing,2,399,5,758.1,2023-02-18,Debit Card,Delivered,Mumbai
ORD00801,CUST0323,Think Again,Books,3,349,0,1047.0,2023-03-23,Credit Card,Pending,Delhi
ORD00802,CUST0327,Hair Oil,Beauty,1,349,0,349.0,2023-09-04,UPI,Delivered,Mumbai
ORD00803,CUST0112,Running Shoes,Clothing,1,1999,20,1599.2,2023-12-08,Credit Card,Delivered,Bengaluru
ORD00804,CUST0407,Casual Jeans,Clothing,3,999,0,2997.0,2023-03-27,UPI,Delivered,Bengaluru
ORD00805,CUST0005,Yoga Mat,Sports,4,799,20,2556.8,2023-05-05,Credit Card,Delivered,Pune
ORD00806,CUST0128,Gym Gloves,Sports,2,299,0,598.0,2023-02-15,Debit Card,Delivered,Chennai
ORD00807,CUST0031,Data Science 101,Books,3,499,20,1197.6,2023-11-17,Credit Card,Delivered,Jaipur
ORD00808,CUST0120,Water Bottle,Home & Kitchen,1,299,0,299.0,2023-09-07,UPI,Delivered,Jaipur
ORD00809,CUST0011,Skipping Rope,Sports,4,199,15,676.6,2023-04-09,Net Banking,Delivered,Hyderabad
ORD00810,CUST0362,Water Bottle,Home & Kitchen,3,299,0,897.0,2023-09-06,Net Banking,Delivered,Lucknow
ORD00811,CUST0096,Skipping Rope,Sports,4,199,0,796.0,2023-10-18,Cash on Delivery,Delivered,Lucknow
ORD00812,CUST0469,Chopping Board,Home & Kitchen,4,199,0,796.0,2023-11-03,Cash on Delivery,Delivered,Bengaluru
ORD00813,CUST0420,Men's T-Shirt,Clothing,2,399,5,758.1,2023-06-01,UPI,Returned,Pune
ORD00814,CUST0260,Skipping Rope,Sports,4,199,0,796.0,2023-11-23,Net Banking,Delivered,Delhi
ORD00815,CUST0398,Sunscreen SPF50,Beauty,1,499,10,449.1,2023-07-06,Cash on Delivery,Delivered,Kolkata
ORD00816,CUST0420,Running Shoes,Clothing,1,1999,15,1699.15,2023-10-03,Net Banking,Pending,Pune
ORD00817,CUST0079,Hoodie,Clothing,4,1199,20,3836.8,2023-10-10,Cash on Delivery,Delivered,Mumbai
ORD00818,CUST0057,Chopping Board,Home & Kitchen,4,199,15,676.6,2023-06-14,Credit Card,Delivered,Delhi
ORD00819,CUST0092,Yoga Mat,Sports,1,799,20,639.2,2023-03-08,Credit Card,Pending,Mumbai
ORD00820,CUST0017,Men's T-Shirt,Clothing,4,399,0,1596.0,2023-02-20,Cash on Delivery,Delivered,Delhi
ORD00821,CUST0360,Moisturizer,Beauty,4,699,10,2516.4,2023-11-16,Cash on Delivery,Delivered,Mumbai
ORD00822,CUST0368,Air Fryer,Home & Kitchen,3,2999,0,8997.0,2023-11-07,Credit Card,Delivered,Chennai
ORD00823,CUST0240,Smart Watch,Electronics,4,3499,20,11196.8,2023-02-10,Credit Card,Delivered,Bengaluru
ORD00824,CUST0407,Storage Box,Home & Kitchen,4,349,20,1116.8,2023-07-08,Credit Card,Delivered,Bengaluru
ORD00825,CUST0428,Skipping Rope,Sports,1,199,15,169.15,2023-02-06,UPI,Delivered,Chennai
ORD00826,CUST0273,Smart Watch,Electronics,1,3499,0,3499.0,2023-04-29,Net Banking,Delivered,Ahmedabad
ORD00827,CUST0486,Women's Kurta,Clothing,2,599,10,1078.2,2023-11-17,Debit Card,Delivered,Bengaluru
ORD00828,CUST0393,Water Sipper,Sports,4,399,15,1356.6,2023-02-24,Cash on Delivery,Pending,Mumbai
ORD00829,CUST0406,Coffee Mug Set,Home & Kitchen,4,499,0,1996.0,2023-03-27,Debit Card,Returned,Pune
ORD00830,CUST0274,Gym Gloves,Sports,3,299,15,762.45,2023-03-22,Cash on Delivery,Delivered,Pune
ORD00831,CUST0433,Atomic Habits,Books,3,299,10,807.3,2023-06-16,UPI,Delivered,Lucknow
ORD00832,CUST0289,Think Again,Books,3,349,10,942.3,2023-05-04,Cash on Delivery,Delivered,Mumbai
ORD00833,CUST0230,Casual Jeans,Clothing,3,999,0,2997.0,2023-08-20,Net Banking,Delivered,Jaipur
ORD00834,CUST0266,Wireless Earbuds,Electronics,3,1299,10,3507.3,2023-01-09,Debit Card,Delivered,Hyderabad
ORD00835,CUST0439,Air Fryer,Home & Kitchen,3,2999,0,8997.0,2023-04-20,UPI,Delivered,Hyderabad
ORD00836,CUST0236,Laptop Stand,Electronics,2,899,0,1798.0,2023-01-20,UPI,Cancelled,Chennai
ORD00837,CUST0128,Women's Kurta,Clothing,3,599,0,1797.0,2023-10-26,Debit Card,Delivered,Chennai
ORD00838,CUST0292,Chopping Board,Home & Kitchen,1,199,10,179.1,2023-07-24,Debit Card,Delivered,Bengaluru
ORD00839,CUST0089,Face Serum,Beauty,3,899,20,2157.6,2023-09-05,Net Banking,Delivered,Ahmedabad
ORD00840,CUST0154,Hair Oil,Beauty,1,349,10,314.1,2023-11-25,Credit Card,Delivered,Ahmedabad
ORD00841,CUST0472,Hair Oil,Beauty,4,349,0,1396.0,2023-01-29,UPI,Returned,Hyderabad
ORD00842,CUST0446,Coffee Mug Set,Home & Kitchen,4,499,20,1596.8,2023-03-03,Debit Card,Delivered,Delhi
ORD00843,CUST0196,Hair Oil,Beauty,1,349,15,296.65,2023-11-20,Credit Card,Delivered,Ahmedabad
ORD00844,CUST0290,Storage Box,Home & Kitchen,1,349,0,349.0,2023-10-04,Debit Card,Delivered,Mumbai
ORD00845,CUST0345,Storage Box,Home & Kitchen,2,349,0,698.0,2023-01-26,Net Banking,Delivered,Mumbai
ORD00846,CUST0149,Deep Work,Books,1,319,0,319.0,2023-08-10,Net Banking,Delivered,Hyderabad
ORD00847,CUST0293,Women's Kurta,Clothing,3,599,0,1797.0,2023-09-01,Credit Card,Delivered,Hyderabad
ORD00848,CUST0257,Gym Gloves,Sports,3,299,0,897.0,2023-07-24,Net Banking,Delivered,Jaipur
ORD00849,CUST0102,Sunscreen SPF50,Beauty,2,499,5,948.1,2023-10-14,Net Banking,Delivered,Mumbai
ORD00850,CUST0377,Deep Work,Books,2,319,10,574.2,2023-11-12,Cash on Delivery,Delivered,Hyderabad
ORD00851,CUST0166,Women's Kurta,Clothing,1,599,0,599.0,2023-08-09,Cash on Delivery,Delivered,Mumbai
ORD00852,CUST0179,Wireless Earbuds,Electronics,4,1299,5,4936.2,2023-07-07,Debit Card,Delivered,Delhi
ORD00853,CUST0087,Chopping Board,Home & Kitchen,1,199,20,159.2,2023-06-06,UPI,Delivered,Bengaluru
ORD00854,CUST0474,Gym Gloves,Sports,2,299,5,568.1,2023-01-23,Debit Card,Delivered,Chennai
ORD00855,CUST0058,Running Shoes,Clothing,2,1999,20,3198.4,2023-02-13,Credit Card,Pending,Kolkata
ORD00856,CUST0008,Hoodie,Clothing,2,1199,20,1918.4,2023-05-28,UPI,Returned,Pune
ORD00857,CUST0012,Face Serum,Beauty,3,899,5,2562.15,2023-08-30,UPI,Pending,Ahmedabad
ORD00858,CUST0268,Hoodie,Clothing,2,1199,0,2398.0,2023-10-07,UPI,Delivered,Hyderabad
ORD00859,CUST0343,Gym Gloves,Sports,2,299,15,508.3,2023-12-24,Credit Card,Delivered,Hyderabad
ORD00860,CUST0031,Deep Work,Books,1,319,0,319.0,2023-03-29,UPI,Delivered,Jaipur
ORD00861,CUST0336,Hoodie,Clothing,3,1199,0,3597.0,2023-08-27,Credit Card,Delivered,Bengaluru
ORD00862,CUST0185,USB Hub,Electronics,3,499,15,1272.45,2023-12-04,Credit Card,Returned,Bengaluru
ORD00863,CUST0261,Laptop Stand,Electronics,4,899,0,3596.0,2023-07-14,Credit Card,Delivered,Delhi
ORD00864,CUST0257,Coffee Mug Set,Home & Kitchen,1,499,0,499.0,2023-04-12,Net Banking,Delivered,Jaipur
ORD00865,CUST0157,Yoga Mat,Sports,1,799,0,799.0,2023-09-29,UPI,Delivered,Mumbai
ORD00866,CUST0351,Think Again,Books,2,349,0,698.0,2023-06-27,UPI,Delivered,Pune
ORD00867,CUST0416,Chopping Board,Home & Kitchen,2,199,10,358.2,2023-05-22,Credit Card,Delivered,Chennai
ORD00868,CUST0484,Lip Balm Set,Beauty,4,249,20,796.8,2023-01-16,Cash on Delivery,Delivered,Jaipur
ORD00869,CUST0337,Water Bottle,Home & Kitchen,2,299,0,598.0,2023-07-21,Debit Card,Delivered,Delhi
ORD00870,CUST0294,USB Hub,Electronics,2,499,5,948.1,2023-05-04,Debit Card,Delivered,Bengaluru
ORD00871,CUST0068,Atomic Habits,Books,3,299,5,852.15,2023-10-05,Debit Card,Delivered,Ahmedabad
ORD00872,CUST0159,Sunscreen SPF50,Beauty,2,499,20,798.4,2023-03-12,Cash on Delivery,Returned,Lucknow
ORD00873,CUST0470,Casual Jeans,Clothing,2,999,15,1698.3,2023-10-17,Debit Card,Cancelled,Jaipur
ORD00874,CUST0430,Air Fryer,Home & Kitchen,1,2999,0,2999.0,2023-06-12,Debit Card,Pending,Delhi
ORD00875,CUST0156,Face Serum,Beauty,3,899,5,2562.15,2023-07-30,Net Banking,Returned,Chennai
ORD00876,CUST0055,Lip Balm Set,Beauty,2,249,20,398.4,2023-04-07,Debit Card,Delivered,Ahmedabad
ORD00877,CUST0314,Men's T-Shirt,Clothing,3,399,10,1077.3,2023-10-18,Debit Card,Delivered,Lucknow
ORD00878,CUST0184,Resistance Bands,Sports,2,349,15,593.3,2023-01-14,Credit Card,Delivered,Mumbai
ORD00879,CUST0241,Moisturizer,Beauty,2,699,10,1258.2,2023-11-06,UPI,Delivered,Bengaluru
ORD00880,CUST0084,Casual Jeans,Clothing,4,999,5,3796.2,2023-03-12,Debit Card,Returned,Mumbai
ORD00881,CUST0474,Men's T-Shirt,Clothing,4,399,20,1276.8,2023-01-08,UPI,Delivered,Chennai
ORD00882,CUST0034,Python Crash Course,Books,2,399,20,638.4,2023-04-15,Debit Card,Cancelled,Bengaluru
ORD00883,CUST0444,Deep Work,Books,4,319,15,1084.6,2023-06-16,Net Banking,Delivered,Hyderabad
ORD00884,CUST0312,Casual Jeans,Clothing,4,999,20,3196.8,2023-01-22,Net Banking,Delivered,Delhi
ORD00885,CUST0305,Lip Balm Set,Beauty,4,249,10,896.4,2023-10-20,Cash on Delivery,Delivered,Bengaluru
ORD00886,CUST0424,Yoga Mat,Sports,1,799,5,759.05,2023-08-22,Credit Card,Cancelled,Pune
ORD00887,CUST0286,Hoodie,Clothing,4,1199,15,4076.6,2023-01-21,Net Banking,Delivered,Ahmedabad
ORD00888,CUST0204,Yoga Mat,Sports,2,799,0,1598.0,2023-08-14,UPI,Delivered,Kolkata
ORD00889,CUST0314,Coffee Mug Set,Home & Kitchen,2,499,5,948.1,2023-05-31,Credit Card,Delivered,Lucknow
ORD00890,CUST0232,Hair Oil,Beauty,2,349,5,663.1,2023-11-27,Credit Card,Delivered,Mumbai
ORD00891,CUST0481,Hair Oil,Beauty,1,349,0,349.0,2023-10-27,Cash on Delivery,Delivered,Hyderabad
ORD00892,CUST0013,Casual Jeans,Clothing,4,999,0,3996.0,2023-08-19,Debit Card,Delivered,Ahmedabad
ORD00893,CUST0129,Deep Work,Books,2,319,5,606.1,2023-02-16,UPI,Delivered,Pune
ORD00894,CUST0362,Sunscreen SPF50,Beauty,1,499,0,499.0,2023-02-28,Net Banking,Delivered,Lucknow
ORD00895,CUST0197,Lip Balm Set,Beauty,1,249,10,224.1,2023-12-29,Cash on Delivery,Delivered,Chennai
ORD00896,CUST0023,Resistance Bands,Sports,4,349,10,1256.4,2023-07-14,Debit Card,Delivered,Lucknow
ORD00897,CUST0092,Storage Box,Home & Kitchen,2,349,0,698.0,2023-03-16,Credit Card,Delivered,Mumbai
ORD00898,CUST0148,Atomic Habits,Books,3,299,15,762.45,2023-08-17,Debit Card,Delivered,Jaipur
ORD00899,CUST0392,Smart Watch,Electronics,2,3499,0,6998.0,2023-11-15,UPI,Delivered,Chennai
ORD00900,CUST0279,USB Hub,Electronics,4,499,20,1596.8,2023-09-13,Credit Card,Delivered,Kolkata
ORD00901,CUST0338,Gym Gloves,Sports,2,299,0,598.0,2023-10-29,Net Banking,Pending,Jaipur
ORD00902,CUST0308,Think Again,Books,4,349,0,1396.0,2023-11-04,Credit Card,Delivered,Chennai
ORD00903,CUST0286,Hoodie,Clothing,3,1199,10,3237.3,2023-11-18,Debit Card,Delivered,Ahmedabad
ORD00904,CUST0179,Smart Watch,Electronics,2,3499,0,6998.0,2023-12-01,Credit Card,Delivered,Delhi
ORD00905,CUST0026,Men's T-Shirt,Clothing,3,399,0,1197.0,2023-02-14,Credit Card,Delivered,Mumbai
ORD00906,CUST0313,Python Crash Course,Books,2,399,15,678.3,2023-05-26,Cash on Delivery,Delivered,Jaipur
ORD00907,CUST0185,Water Sipper,Sports,2,399,5,758.1,2023-10-24,Credit Card,Delivered,Bengaluru
ORD00908,CUST0420,Laptop Stand,Electronics,3,899,0,2697.0,2023-07-14,Credit Card,Delivered,Pune
ORD00909,CUST0069,Deep Work,Books,1,319,0,319.0,2023-08-30,Credit Card,Delivered,Pune
ORD00910,CUST0269,Lip Balm Set,Beauty,3,249,10,672.3,2023-07-31,Debit Card,Delivered,Mumbai
ORD00911,CUST0374,Sunscreen SPF50,Beauty,1,499,0,499.0,2023-10-20,Cash on Delivery,Delivered,Bengaluru
ORD00912,CUST0435,USB Hub,Electronics,3,499,5,1422.15,2023-11-08,UPI,Delivered,Lucknow
ORD00913,CUST0289,Storage Box,Home & Kitchen,3,349,0,1047.0,2023-11-11,Net Banking,Delivered,Mumbai
ORD00914,CUST0453,Gym Gloves,Sports,4,299,20,956.8,2023-04-03,Cash on Delivery,Delivered,Mumbai
ORD00915,CUST0013,Running Shoes,Clothing,2,1999,0,3998.0,2023-03-02,Net Banking,Delivered,Ahmedabad
ORD00916,CUST0213,Face Serum,Beauty,2,899,20,1438.4,2023-11-12,Net Banking,Pending,Pune
ORD00917,CUST0109,Laptop Stand,Electronics,3,899,10,2427.3,2023-11-23,Credit Card,Delivered,Kolkata
ORD00918,CUST0158,Sunscreen SPF50,Beauty,3,499,0,1497.0,2023-02-04,UPI,Delivered,Bengaluru
ORD00919,CUST0059,Water Sipper,Sports,3,399,20,957.6,2023-01-04,UPI,Delivered,Kolkata
ORD00920,CUST0100,Coffee Mug Set,Home & Kitchen,1,499,20,399.2,2023-03-31,UPI,Delivered,Ahmedabad
ORD00921,CUST0331,Coffee Mug Set,Home & Kitchen,4,499,20,1596.8,2023-01-19,Debit Card,Delivered,Kolkata
ORD00922,CUST0459,Python Crash Course,Books,4,399,20,1276.8,2023-10-02,UPI,Delivered,Delhi
ORD00923,CUST0154,Think Again,Books,1,349,20,279.2,2023-09-24,Cash on Delivery,Delivered,Ahmedabad
ORD00924,CUST0351,Lip Balm Set,Beauty,1,249,0,249.0,2023-10-23,UPI,Delivered,Pune
ORD00925,CUST0174,Air Fryer,Home & Kitchen,2,2999,0,5998.0,2023-01-16,Net Banking,Delivered,Mumbai
ORD00926,CUST0200,Hair Oil,Beauty,2,349,10,628.2,2023-11-07,Debit Card,Delivered,Kolkata
ORD00927,CUST0364,Yoga Mat,Sports,3,799,15,2037.45,2023-06-11,Credit Card,Delivered,Kolkata
ORD00928,CUST0191,Coffee Mug Set,Home & Kitchen,1,499,5,474.05,2023-05-02,Net Banking,Pending,Hyderabad
ORD00929,CUST0192,Water Bottle,Home & Kitchen,3,299,0,897.0,2023-02-27,Credit Card,Returned,Pune
ORD00930,CUST0410,Men's T-Shirt,Clothing,4,399,10,1436.4,2023-01-13,Net Banking,Delivered,Chennai
ORD00931,CUST0376,Resistance Bands,Sports,2,349,0,698.0,2023-09-05,Cash on Delivery,Pending,Ahmedabad
ORD00932,CUST0421,Chopping Board,Home & Kitchen,2,199,20,318.4,2023-02-20,Cash on Delivery,Delivered,Hyderabad
ORD00933,CUST0236,Sunscreen SPF50,Beauty,2,499,15,848.3,2023-01-19,Net Banking,Delivered,Chennai
ORD00934,CUST0478,Hair Oil,Beauty,1,349,0,349.0,2023-06-09,Credit Card,Delivered,Jaipur
ORD00935,CUST0456,Hair Oil,Beauty,1,349,0,349.0,2023-08-28,Credit Card,Returned,Lucknow
ORD00936,CUST0389,Bluetooth Speaker,Electronics,3,1599,0,4797.0,2023-10-23,UPI,Delivered,Chennai
ORD00937,CUST0147,Sunscreen SPF50,Beauty,3,499,0,1497.0,2023-04-09,UPI,Delivered,Jaipur
ORD00938,CUST0140,Skipping Rope,Sports,4,199,15,676.6,2023-03-02,Debit Card,Delivered,Hyderabad
ORD00939,CUST0287,Running Shoes,Clothing,1,1999,0,1999.0,2023-11-15,Cash on Delivery,Cancelled,Delhi
ORD00940,CUST0139,Smart Watch,Electronics,3,3499,10,9447.3,2023-06-13,Debit Card,Delivered,Kolkata
ORD00941,CUST0160,Lip Balm Set,Beauty,2,249,0,498.0,2023-02-06,Cash on Delivery,Delivered,Ahmedabad
ORD00942,CUST0015,Storage Box,Home & Kitchen,4,349,0,1396.0,2023-03-08,Net Banking,Delivered,Kolkata
ORD00943,CUST0045,Face Serum,Beauty,1,899,5,854.05,2023-01-28,Net Banking,Delivered,Lucknow
ORD00944,CUST0160,Python Crash Course,Books,4,399,10,1436.4,2023-07-02,UPI,Delivered,Ahmedabad
ORD00945,CUST0291,Hoodie,Clothing,1,1199,20,959.2,2023-08-27,Debit Card,Cancelled,Chennai
ORD00946,CUST0351,USB Hub,Electronics,1,499,5,474.05,2023-06-08,Net Banking,Delivered,Pune
ORD00947,CUST0133,Python Crash Course,Books,2,399,0,798.0,2023-11-12,UPI,Delivered,Bengaluru
ORD00948,CUST0233,Python Crash Course,Books,3,399,20,957.6,2023-06-16,Net Banking,Delivered,Delhi
ORD00949,CUST0246,Wireless Earbuds,Electronics,4,1299,0,5196.0,2023-06-29,Net Banking,Cancelled,Ahmedabad
ORD00950,CUST0066,Running Shoes,Clothing,3,1999,10,5397.3,2023-10-22,Cash on Delivery,Delivered,Lucknow
ORD00951,CUST0333,USB Hub,Electronics,1,499,0,499.0,2023-10-12,Credit Card,Delivered,Lucknow
ORD00952,CUST0212,Storage Box,Home & Kitchen,4,349,5,1326.2,2023-10-30,Debit Card,Returned,Hyderabad
ORD00953,CUST0034,Resistance Bands,Sports,2,349,5,663.1,2023-07-16,UPI,Cancelled,Bengaluru
ORD00954,CUST0291,Hoodie,Clothing,4,1199,20,3836.8,2023-08-11,UPI,Returned,Chennai
ORD00955,CUST0040,Resistance Bands,Sports,2,349,15,593.3,2023-12-09,Cash on Delivery,Cancelled,Hyderabad
ORD00956,CUST0050,Data Science 101,Books,4,499,0,1996.0,2023-10-12,Net Banking,Delivered,Ahmedabad
ORD00957,CUST0056,Running Shoes,Clothing,4,1999,0,7996.0,2023-11-03,Cash on Delivery,Delivered,Hyderabad
ORD00958,CUST0032,Atomic Habits,Books,4,299,15,1016.6,2023-12-05,Credit Card,Delivered,Bengaluru
ORD00959,CUST0339,Women's Kurta,Clothing,1,599,20,479.2,2023-03-17,Debit Card,Returned,Ahmedabad
ORD00960,CUST0296,Deep Work,Books,3,319,5,909.15,2023-11-12,Net Banking,Delivered,Mumbai
ORD00961,CUST0407,Women's Kurta,Clothing,3,599,0,1797.0,2023-10-19,UPI,Delivered,Bengaluru
ORD00962,CUST0314,Atomic Habits,Books,1,299,10,269.1,2023-01-05,Cash on Delivery,Delivered,Lucknow
ORD00963,CUST0462,Python Crash Course,Books,3,399,0,1197.0,2023-07-09,Cash on Delivery,Delivered,Mumbai
ORD00964,CUST0444,Wireless Earbuds,Electronics,3,1299,0,3897.0,2023-05-25,Credit Card,Delivered,Hyderabad
ORD00965,CUST0365,Casual Jeans,Clothing,4,999,15,3396.6,2023-06-12,Net Banking,Pending,Chennai
ORD00966,CUST0340,Think Again,Books,4,349,10,1256.4,2023-04-19,Debit Card,Cancelled,Lucknow
ORD00967,CUST0432,Python Crash Course,Books,2,399,10,718.2,2023-07-16,UPI,Delivered,Lucknow
ORD00968,CUST0065,Python Crash Course,Books,3,399,20,957.6,2023-12-10,Debit Card,Delivered,Delhi
ORD00969,CUST0337,Wireless Earbuds,Electronics,1,1299,0,1299.0,2023-09-07,Net Banking,Delivered,Delhi
ORD00970,CUST0441,Men's T-Shirt,Clothing,2,399,15,678.3,2023-08-01,Net Banking,Delivered,Pune
ORD00971,CUST0233,Hair Oil,Beauty,4,349,10,1256.4,2023-04-03,Cash on Delivery,Returned,Delhi
ORD00972,CUST0116,Deep Work,Books,4,319,5,1212.2,2023-07-01,Debit Card,Delivered,Chennai
ORD00973,CUST0434,Deep Work,Books,1,319,10,287.1,2023-09-13,Debit Card,Delivered,Bengaluru
ORD00974,CUST0296,Hair Oil,Beauty,3,349,5,994.65,2023-10-07,UPI,Returned,Mumbai
ORD00975,CUST0058,Wireless Earbuds,Electronics,4,1299,15,4416.6,2023-07-08,Cash on Delivery,Delivered,Kolkata
ORD00976,CUST0440,Data Science 101,Books,2,499,15,848.3,2023-09-27,UPI,Delivered,Ahmedabad
ORD00977,CUST0046,Deep Work,Books,1,319,10,287.1,2023-11-09,Debit Card,Delivered,Chennai
ORD00978,CUST0463,Data Science 101,Books,3,499,10,1347.3,2023-01-28,UPI,Delivered,Lucknow
ORD00979,CUST0464,Yoga Mat,Sports,4,799,5,3036.2,2023-09-20,Net Banking,Delivered,Ahmedabad
ORD00980,CUST0149,Skipping Rope,Sports,4,199,0,796.0,2023-05-31,Debit Card,Delivered,Hyderabad
ORD00981,CUST0134,Bluetooth Speaker,Electronics,3,1599,15,4077.45,2023-10-16,Credit Card,Delivered,Kolkata
ORD00982,CUST0337,Moisturizer,Beauty,2,699,10,1258.2,2023-01-27,UPI,Cancelled,Delhi
ORD00983,CUST0043,Hair Oil,Beauty,1,349,0,349.0,2023-09-06,Debit Card,Delivered,Lucknow
ORD00984,CUST0316,Yoga Mat,Sports,3,799,0,2397.0,2023-03-09,UPI,Delivered,Lucknow
ORD00985,CUST0310,Chopping Board,Home & Kitchen,1,199,15,169.15,2023-02-27,Debit Card,Delivered,Mumbai
ORD00986,CUST0134,Resistance Bands,Sports,4,349,0,1396.0,2023-03-31,Debit Card,Delivered,Kolkata
ORD00987,CUST0496,Python Crash Course,Books,1,399,0,399.0,2023-02-13,Debit Card,Delivered,Mumbai
ORD00988,CUST0395,Resistance Bands,Sports,4,349,20,1116.8,2023-07-31,Net Banking,Delivered,Lucknow
ORD00989,CUST0376,Casual Jeans,Clothing,2,999,0,1998.0,2023-10-23,UPI,Delivered,Ahmedabad
ORD00990,CUST0238,Laptop Stand,Electronics,1,899,0,899.0,2023-03-27,Net Banking,Pending,Jaipur
ORD00991,CUST0120,Atomic Habits,Books,4,299,15,1016.6,2023-09-30,Net Banking,Delivered,Jaipur
ORD00992,CUST0272,Moisturizer,Beauty,4,699,0,2796.0,2023-03-16,Net Banking,Delivered,Ahmedabad
ORD00993,CUST0162,Laptop Stand,Electronics,4,899,5,3416.2,2023-12-14,Cash on Delivery,Returned,Ahmedabad
ORD00994,CUST0182,Face Serum,Beauty,1,899,10,809.1,2023-11-23,Net Banking,Delivered,Chennai
ORD00995,CUST0411,Skipping Rope,Sports,3,199,0,597.0,2023-05-17,Credit Card,Delivered,Kolkata
ORD00996,CUST0384,Storage Box,Home & Kitchen,4,349,5,1326.2,2023-12-12,Debit Card,Delivered,Lucknow
ORD00997,CUST0347,Hair Oil,Beauty,2,349,10,628.2,2023-06-22,Debit Card,Delivered,Bengaluru
ORD00998,CUST0426,Storage Box,Home & Kitchen,1,349,15,296.65,2023-01-05,Credit Card,Delivered,Lucknow
ORD00999,CUST0351,USB Hub,Electronics,1,499,10,449.1,2023-02-23,Net Banking,Delivered,Pune
ORD01000,CUST0018,Water Bottle,Home & Kitchen,3,299,0,897.0,2023-04-09,Credit Card,Returned,Ahmedabad
ORD01001,CUST0458,Yoga Mat,Sports,1,799,10,719.1,2023-12-03,Debit Card,Delivered,Bengaluru
ORD01002,CUST0067,Yoga Mat,Sports,1,799,0,799.0,2023-11-06,Net Banking,Delivered,Hyderabad
ORD01003,CUST0095,Hair Oil,Beauty,2,349,0,698.0,2023-12-23,UPI,Delivered,Pune
ORD01004,CUST0473,Coffee Mug Set,Home & Kitchen,1,499,15,424.15,2023-08-21,UPI,Delivered,Lucknow
ORD01005,CUST0142,Atomic Habits,Books,3,299,0,897.0,2023-02-07,Credit Card,Delivered,Pune
ORD01006,CUST0490,Think Again,Books,3,349,0,1047.0,2023-05-13,UPI,Delivered,Delhi
ORD01007,CUST0313,Casual Jeans,Clothing,1,999,5,949.05,2023-04-13,Net Banking,Pending,Jaipur
ORD01008,CUST0394,Casual Jeans,Clothing,1,999,0,999.0,2023-10-04,Net Banking,Delivered,Lucknow
ORD01009,CUST0053,Hoodie,Clothing,1,1199,5,1139.05,2023-05-13,Credit Card,Delivered,Hyderabad
ORD01010,CUST0010,Wireless Earbuds,Electronics,3,1299,20,3117.6,2023-08-17,Net Banking,Delivered,Chennai
ORD01011,CUST0137,Men's T-Shirt,Clothing,1,399,15,339.15,2023-07-19,Debit Card,Delivered,Jaipur
ORD01012,CUST0264,Lip Balm Set,Beauty,4,249,10,896.4,2023-01-02,Net Banking,Cancelled,Bengaluru
ORD01013,CUST0277,Think Again,Books,4,349,20,1116.8,2023-02-05,Debit Card,Pending,Mumbai
ORD01014,CUST0275,USB Hub,Electronics,4,499,0,1996.0,2023-10-18,UPI,Delivered,Bengaluru
ORD01015,CUST0491,Chopping Board,Home & Kitchen,4,199,0,796.0,2023-11-20,Credit Card,Delivered,Mumbai
ORD01016,CUST0390,Storage Box,Home & Kitchen,3,349,0,1047.0,2023-08-24,UPI,Delivered,Pune
ORD01017,CUST0496,Sunscreen SPF50,Beauty,2,499,10,898.2,2023-01-21,Net Banking,Cancelled,Mumbai
ORD01018,CUST0459,Sunscreen SPF50,Beauty,3,499,15,1272.45,2023-07-19,Credit Card,Delivered,Delhi
ORD01019,CUST0225,Lip Balm Set,Beauty,4,249,0,996.0,2023-11-20,Debit Card,Delivered,Pune
ORD01020,CUST0123,Men's T-Shirt,Clothing,2,399,0,798.0,2023-10-31,Net Banking,Delivered,Bengaluru
ORD01021,CUST0495,Data Science 101,Books,3,499,5,1422.15,2023-10-01,Net Banking,Delivered,Chennai
ORD01022,CUST0404,Wireless Earbuds,Electronics,3,1299,0,3897.0,2023-06-22,Credit Card,Delivered,Chennai
ORD01023,CUST0342,Data Science 101,Books,2,499,20,798.4,2023-12-01,Cash on Delivery,Delivered,Jaipur
ORD01024,CUST0120,Deep Work,Books,2,319,15,542.3,2023-10-24,Credit Card,Delivered,Jaipur
ORD01025,CUST0242,Smart Watch,Electronics,4,3499,15,11896.6,2023-01-10,Cash on Delivery,Returned,Bengaluru
ORD01026,CUST0324,Smart Watch,Electronics,2,3499,0,6998.0,2023-03-30,Credit Card,Delivered,Lucknow
ORD01027,CUST0428,Air Fryer,Home & Kitchen,4,2999,10,10796.4,2023-03-29,Cash on Delivery,Delivered,Chennai
ORD01028,CUST0410,Wireless Earbuds,Electronics,1,1299,5,1234.05,2023-11-01,Cash on Delivery,Delivered,Chennai
ORD01029,CUST0416,Men's T-Shirt,Clothing,2,399,5,758.1,2023-06-22,Net Banking,Delivered,Chennai
ORD01030,CUST0392,Air Fryer,Home & Kitchen,2,2999,0,5998.0,2023-04-20,Credit Card,Delivered,Chennai
ORD01031,CUST0141,Resistance Bands,Sports,3,349,0,1047.0,2023-03-03,Debit Card,Delivered,Lucknow
ORD01032,CUST0225,Python Crash Course,Books,3,399,10,1077.3,2023-03-26,Debit Card,Delivered,Pune
ORD01033,CUST0314,Yoga Mat,Sports,2,799,0,1598.0,2023-11-20,Net Banking,Delivered,Lucknow
ORD01034,CUST0004,Men's T-Shirt,Clothing,4,399,0,1596.0,2023-01-04,Debit Card,Delivered,Chennai
ORD01035,CUST0414,Bluetooth Speaker,Electronics,3,1599,5,4557.15,2023-12-22,Net Banking,Delivered,Mumbai
ORD01036,CUST0139,Sunscreen SPF50,Beauty,2,499,0,998.0,2023-11-24,Cash on Delivery,Returned,Kolkata
ORD01037,CUST0355,Think Again,Books,2,349,0,698.0,2023-11-09,Credit Card,Delivered,Lucknow
ORD01038,CUST0322,Resistance Bands,Sports,4,349,10,1256.4,2023-02-15,UPI,Returned,Pune
ORD01039,CUST0099,Coffee Mug Set,Home & Kitchen,1,499,10,449.1,2023-05-01,Credit Card,Delivered,Jaipur
ORD01040,CUST0260,Yoga Mat,Sports,3,799,20,1917.6,2023-10-04,Debit Card,Delivered,Delhi
ORD01041,CUST0058,Python Crash Course,Books,3,399,0,1197.0,2023-04-10,Debit Card,Delivered,Kolkata
ORD01042,CUST0344,Moisturizer,Beauty,4,699,0,2796.0,2023-03-23,Credit Card,Delivered,Hyderabad
ORD01043,CUST0129,Laptop Stand,Electronics,3,899,0,2697.0,2023-08-11,UPI,Returned,Pune
ORD01044,CUST0474,Gym Gloves,Sports,1,299,0,299.0,2023-01-27,Cash on Delivery,Delivered,Chennai
ORD01045,CUST0060,Women's Kurta,Clothing,1,599,5,569.05,2023-09-21,Credit Card,Returned,Lucknow
ORD01046,CUST0383,Casual Jeans,Clothing,3,999,5,2847.15,2023-04-12,UPI,Delivered,Bengaluru
ORD01047,CUST0122,Men's T-Shirt,Clothing,3,399,0,1197.0,2023-02-20,Net Banking,Delivered,Lucknow
ORD01048,CUST0300,Casual Jeans,Clothing,2,999,0,1998.0,2023-08-30,Net Banking,Delivered,Jaipur
ORD01049,CUST0233,USB Hub,Electronics,2,499,0,998.0,2023-11-09,Debit Card,Delivered,Delhi
ORD01050,CUST0324,Atomic Habits,Books,2,299,5,568.1,2023-04-10,UPI,Delivered,Lucknow
ORD01051,CUST0355,Water Bottle,Home & Kitchen,3,299,0,897.0,2023-01-17,Cash on Delivery,Delivered,Lucknow
ORD01052,CUST0235,Laptop Stand,Electronics,2,899,0,1798.0,2023-08-27,Net Banking,Delivered,Chennai
ORD01053,CUST0081,Running Shoes,Clothing,2,1999,0,3998.0,2023-11-06,Cash on Delivery,Delivered,Pune
ORD01054,CUST0439,Hoodie,Clothing,2,1199,0,2398.0,2023-07-30,Cash on Delivery,Delivered,Hyderabad
ORD01055,CUST0143,Python Crash Course,Books,4,399,20,1276.8,2023-08-25,Credit Card,Pending,Jaipur
ORD01056,CUST0223,Moisturizer,Beauty,2,699,0,1398.0,2023-06-17,Cash on Delivery,Cancelled,Jaipur
ORD01057,CUST0214,Hoodie,Clothing,2,1199,10,2158.2,2023-01-03,Credit Card,Delivered,Hyderabad
ORD01058,CUST0202,USB Hub,Electronics,1,499,5,474.05,2023-09-29,Net Banking,Delivered,Mumbai
ORD01059,CUST0043,Face Serum,Beauty,4,899,5,3416.2,2023-05-04,Cash on Delivery,Delivered,Lucknow
ORD01060,CUST0152,USB Hub,Electronics,2,499,0,998.0,2023-07-03,Debit Card,Returned,Pune
ORD01061,CUST0157,Face Serum,Beauty,1,899,5,854.05,2023-12-09,Debit Card,Delivered,Mumbai
ORD01062,CUST0396,Moisturizer,Beauty,1,699,5,664.05,2023-08-26,Debit Card,Delivered,Mumbai
ORD01063,CUST0321,Moisturizer,Beauty,2,699,20,1118.4,2023-07-09,Net Banking,Returned,Kolkata
ORD01064,CUST0171,Face Serum,Beauty,1,899,5,854.05,2023-12-20,Cash on Delivery,Delivered,Bengaluru
ORD01065,CUST0358,Laptop Stand,Electronics,4,899,20,2876.8,2023-05-19,Cash on Delivery,Delivered,Lucknow
ORD01066,CUST0042,Water Sipper,Sports,2,399,20,638.4,2023-12-17,Cash on Delivery,Delivered,Delhi
ORD01067,CUST0197,Air Fryer,Home & Kitchen,3,2999,0,8997.0,2023-02-26,UPI,Delivered,Chennai
ORD01068,CUST0090,Deep Work,Books,1,319,0,319.0,2023-07-07,Cash on Delivery,Delivered,Bengaluru
ORD01069,CUST0123,Face Serum,Beauty,2,899,0,1798.0,2023-06-21,Cash on Delivery,Delivered,Bengaluru
ORD01070,CUST0165,USB Hub,Electronics,2,499,20,798.4,2023-04-26,UPI,Delivered,Mumbai
ORD01071,CUST0033,Storage Box,Home & Kitchen,4,349,0,1396.0,2023-01-28,UPI,Delivered,Chennai
ORD01072,CUST0425,Coffee Mug Set,Home & Kitchen,4,499,10,1796.4,2023-09-27,Credit Card,Returned,Lucknow
ORD01073,CUST0189,Deep Work,Books,3,319,5,909.15,2023-11-14,Credit Card,Delivered,Kolkata
ORD01074,CUST0460,Casual Jeans,Clothing,1,999,0,999.0,2023-07-20,Debit Card,Delivered,Bengaluru
ORD01075,CUST0058,Air Fryer,Home & Kitchen,1,2999,0,2999.0,2023-05-22,Debit Card,Delivered,Kolkata
ORD01076,CUST0012,Python Crash Course,Books,2,399,10,718.2,2023-11-18,UPI,Cancelled,Ahmedabad
ORD01077,CUST0216,Deep Work,Books,2,319,5,606.1,2023-06-27,Net Banking,Delivered,Mumbai
ORD01078,CUST0012,Face Serum,Beauty,3,899,0,2697.0,2023-02-02,Debit Card,Delivered,Ahmedabad
ORD01079,CUST0336,Skipping Rope,Sports,4,199,10,716.4,2023-06-25,UPI,Cancelled,Bengaluru
ORD01080,CUST0291,Deep Work,Books,4,319,5,1212.2,2023-06-05,Debit Card,Returned,Chennai
ORD01081,CUST0191,Water Bottle,Home & Kitchen,3,299,0,897.0,2023-09-05,UPI,Delivered,Hyderabad
ORD01082,CUST0490,Smart Watch,Electronics,3,3499,0,10497.0,2023-08-22,Debit Card,Returned,Delhi
ORD01083,CUST0430,Resistance Bands,Sports,3,349,0,1047.0,2023-03-31,Debit Card,Delivered,Delhi
ORD01084,CUST0295,Women's Kurta,Clothing,1,599,0,599.0,2023-06-12,Debit Card,Delivered,Mumbai
ORD01085,CUST0288,Atomic Habits,Books,3,299,0,897.0,2023-04-16,Credit Card,Delivered,Chennai
ORD01086,CUST0230,Lip Balm Set,Beauty,3,249,0,747.0,2023-07-10,Cash on Delivery,Delivered,Jaipur
ORD01087,CUST0208,Hoodie,Clothing,3,1199,0,3597.0,2023-01-13,Net Banking,Delivered,Bengaluru
ORD01088,CUST0497,Casual Jeans,Clothing,3,999,0,2997.0,2023-01-03,Cash on Delivery,Delivered,Pune
ORD01089,CUST0497,Skipping Rope,Sports,3,199,5,567.15,2023-05-29,Cash on Delivery,Delivered,Pune
ORD01090,CUST0058,Sunscreen SPF50,Beauty,4,499,0,1996.0,2023-12-19,Net Banking,Delivered,Kolkata
ORD01091,CUST0206,Smart Watch,Electronics,1,3499,0,3499.0,2023-01-13,Cash on Delivery,Delivered,Hyderabad
ORD01092,CUST0029,Casual Jeans,Clothing,3,999,0,2997.0,2023-06-17,Cash on Delivery,Delivered,Pune
ORD01093,CUST0101,Sunscreen SPF50,Beauty,2,499,20,798.4,2023-05-23,Credit Card,Delivered,Delhi
ORD01094,CUST0491,Bluetooth Speaker,Electronics,4,1599,15,5436.6,2023-12-10,Credit Card,Delivered,Mumbai
ORD01095,CUST0309,Gym Gloves,Sports,2,299,5,568.1,2023-06-12,Cash on Delivery,Delivered,Pune
ORD01096,CUST0367,Yoga Mat,Sports,3,799,5,2277.15,2023-03-17,Net Banking,Delivered,Ahmedabad
ORD01097,CUST0177,Coffee Mug Set,Home & Kitchen,3,499,0,1497.0,2023-05-26,UPI,Pending,Mumbai
ORD01098,CUST0380,Coffee Mug Set,Home & Kitchen,1,499,0,499.0,2023-08-16,Net Banking,Delivered,Bengaluru
ORD01099,CUST0374,Atomic Habits,Books,2,299,20,478.4,2023-08-06,Net Banking,Delivered,Bengaluru
ORD01100,CUST0156,Hoodie,Clothing,1,1199,0,1199.0,2023-04-17,Net Banking,Delivered,Chennai
ORD01101,CUST0046,Skipping Rope,Sports,1,199,10,179.1,2023-07-12,Credit Card,Delivered,Chennai
ORD01102,CUST0237,Atomic Habits,Books,4,299,0,1196.0,2023-10-12,Cash on Delivery,Delivered,Pune
ORD01103,CUST0149,Women's Kurta,Clothing,2,599,20,958.4,2023-07-15,Cash on Delivery,Cancelled,Hyderabad
ORD01104,CUST0156,Data Science 101,Books,3,499,20,1197.6,2023-10-27,Net Banking,Delivered,Chennai
ORD01105,CUST0079,Gym Gloves,Sports,2,299,0,598.0,2023-01-02,UPI,Delivered,Mumbai
ORD01106,CUST0458,Coffee Mug Set,Home & Kitchen,1,499,15,424.15,2023-12-07,UPI,Delivered,Bengaluru
ORD01107,CUST0126,Python Crash Course,Books,4,399,15,1356.6,2023-11-27,Credit Card,Delivered,Hyderabad
ORD01108,CUST0382,Laptop Stand,Electronics,4,899,0,3596.0,2023-11-03,UPI,Delivered,Ahmedabad
ORD01109,CUST0322,Gym Gloves,Sports,4,299,20,956.8,2023-05-13,Net Banking,Delivered,Pune
ORD01110,CUST0009,Face Serum,Beauty,3,899,10,2427.3,2023-10-22,UPI,Delivered,Ahmedabad
ORD01111,CUST0237,Hoodie,Clothing,1,1199,0,1199.0,2023-06-13,Debit Card,Delivered,Pune
ORD01112,CUST0215,Water Bottle,Home & Kitchen,1,299,0,299.0,2023-07-04,UPI,Delivered,Jaipur
ORD01113,CUST0480,Laptop Stand,Electronics,3,899,10,2427.3,2023-11-24,Credit Card,Cancelled,Jaipur
ORD01114,CUST0307,Resistance Bands,Sports,2,349,20,558.4,2023-02-18,Debit Card,Delivered,Hyderabad
ORD01115,CUST0410,Skipping Rope,Sports,3,199,20,477.6,2023-12-17,UPI,Delivered,Chennai
ORD01116,CUST0181,Chopping Board,Home & Kitchen,1,199,10,179.1,2023-10-24,Debit Card,Delivered,Pune
ORD01117,CUST0211,Smart Watch,Electronics,3,3499,0,10497.0,2023-09-06,UPI,Delivered,Bengaluru
ORD01118,CUST0114,Men's T-Shirt,Clothing,2,399,0,798.0,2023-09-15,Debit Card,Cancelled,Bengaluru
ORD01119,CUST0470,Water Sipper,Sports,1,399,5,379.05,2023-08-24,Credit Card,Delivered,Jaipur
ORD01120,CUST0160,Smart Watch,Electronics,1,3499,5,3324.05,2023-06-28,UPI,Delivered,Ahmedabad
ORD01121,CUST0156,Casual Jeans,Clothing,3,999,0,2997.0,2023-12-30,Credit Card,Pending,Chennai
ORD01122,CUST0073,Face Serum,Beauty,2,899,0,1798.0,2023-12-22,Debit Card,Delivered,Delhi
ORD01123,CUST0218,Water Bottle,Home & Kitchen,2,299,0,598.0,2023-02-10,Credit Card,Cancelled,Pune
ORD01124,CUST0022,Wireless Earbuds,Electronics,4,1299,20,4156.8,2023-08-09,Debit Card,Delivered,Mumbai
ORD01125,CUST0466,Wireless Earbuds,Electronics,1,1299,5,1234.05,2023-03-02,UPI,Delivered,Lucknow
ORD01126,CUST0387,Wireless Earbuds,Electronics,3,1299,15,3312.45,2023-01-06,Credit Card,Delivered,Chennai
ORD01127,CUST0095,Bluetooth Speaker,Electronics,2,1599,10,2878.2,2023-04-13,UPI,Delivered,Pune
ORD01128,CUST0486,Wireless Earbuds,Electronics,2,1299,20,2078.4,2023-05-23,Cash on Delivery,Pending,Bengaluru
ORD01129,CUST0400,Chopping Board,Home & Kitchen,2,199,20,318.4,2023-09-14,Cash on Delivery,Delivered,Ahmedabad
ORD01130,CUST0391,Hoodie,Clothing,1,1199,0,1199.0,2023-10-24,Credit Card,Delivered,Jaipur
ORD01131,CUST0462,Resistance Bands,Sports,2,349,0,698.0,2023-03-29,Cash on Delivery,Delivered,Mumbai
ORD01132,CUST0244,Wireless Earbuds,Electronics,2,1299,10,2338.2,2023-12-29,UPI,Delivered,Ahmedabad
ORD01133,CUST0491,Hair Oil,Beauty,2,349,5,663.1,2023-12-11,Credit Card,Delivered,Mumbai
ORD01134,CUST0264,Running Shoes,Clothing,4,1999,5,7596.2,2023-04-20,Debit Card,Pending,Bengaluru
ORD01135,CUST0057,Data Science 101,Books,3,499,0,1497.0,2023-08-27,Cash on Delivery,Delivered,Delhi
ORD01136,CUST0286,Casual Jeans,Clothing,3,999,15,2547.45,2023-05-28,Credit Card,Delivered,Ahmedabad
ORD01137,CUST0146,Laptop Stand,Electronics,4,899,0,3596.0,2023-07-17,Net Banking,Delivered,Mumbai
ORD01138,CUST0209,Skipping Rope,Sports,4,199,0,796.0,2023-10-11,UPI,Delivered,Lucknow
ORD01139,CUST0481,Python Crash Course,Books,1,399,20,319.2,2023-09-01,UPI,Delivered,Hyderabad
ORD01140,CUST0203,Men's T-Shirt,Clothing,4,399,15,1356.6,2023-02-23,Net Banking,Delivered,Jaipur
ORD01141,CUST0206,Yoga Mat,Sports,1,799,0,799.0,2023-07-22,Cash on Delivery,Returned,Hyderabad
ORD01142,CUST0174,Smart Watch,Electronics,1,3499,0,3499.0,2023-04-12,Debit Card,Delivered,Mumbai
ORD01143,CUST0372,Gym Gloves,Sports,1,299,0,299.0,2023-08-06,Net Banking,Delivered,Kolkata
ORD01144,CUST0483,Storage Box,Home & Kitchen,3,349,20,837.6,2023-11-26,Net Banking,Delivered,Chennai
ORD01145,CUST0143,Coffee Mug Set,Home & Kitchen,4,499,5,1896.2,2023-09-19,Debit Card,Cancelled,Jaipur
ORD01146,CUST0255,Data Science 101,Books,1,499,0,499.0,2023-09-08,Debit Card,Delivered,Hyderabad
ORD01147,CUST0426,Sunscreen SPF50,Beauty,1,499,0,499.0,2023-01-28,Credit Card,Delivered,Lucknow
ORD01148,CUST0348,Data Science 101,Books,2,499,5,948.1,2023-11-06,UPI,Delivered,Pune
ORD01149,CUST0339,Running Shoes,Clothing,1,1999,20,1599.2,2023-02-09,Cash on Delivery,Delivered,Ahmedabad
ORD01150,CUST0255,Think Again,Books,2,349,0,698.0,2023-12-05,Net Banking,Delivered,Hyderabad
ORD01151,CUST0280,Skipping Rope,Sports,3,199,20,477.6,2023-10-04,Credit Card,Delivered,Pune
ORD01152,CUST0162,USB Hub,Electronics,1,499,5,474.05,2023-08-19,Net Banking,Delivered,Ahmedabad
ORD01153,CUST0286,Think Again,Books,1,349,0,349.0,2023-04-01,UPI,Delivered,Ahmedabad
ORD01154,CUST0160,Sunscreen SPF50,Beauty,4,499,5,1896.2,2023-03-10,Net Banking,Cancelled,Ahmedabad
ORD01155,CUST0351,Data Science 101,Books,4,499,15,1696.6,2023-10-11,Cash on Delivery,Returned,Pune
ORD01156,CUST0260,Gym Gloves,Sports,4,299,10,1076.4,2023-03-22,Credit Card,Delivered,Delhi
ORD01157,CUST0316,Atomic Habits,Books,4,299,10,1076.4,2023-07-13,UPI,Delivered,Lucknow
ORD01158,CUST0024,Chopping Board,Home & Kitchen,1,199,0,199.0,2023-10-30,Debit Card,Delivered,Kolkata
ORD01159,CUST0175,Chopping Board,Home & Kitchen,1,199,20,159.2,2023-11-17,Net Banking,Delivered,Ahmedabad
ORD01160,CUST0180,USB Hub,Electronics,3,499,0,1497.0,2023-07-30,Credit Card,Delivered,Kolkata
ORD01161,CUST0160,Sunscreen SPF50,Beauty,2,499,0,998.0,2023-11-28,Cash on Delivery,Delivered,Ahmedabad
ORD01162,CUST0087,Wireless Earbuds,Electronics,3,1299,0,3897.0,2023-06-22,Credit Card,Delivered,Bengaluru
ORD01163,CUST0443,Skipping Rope,Sports,1,199,5,189.05,2023-12-03,Net Banking,Returned,Mumbai
ORD01164,CUST0357,Water Sipper,Sports,4,399,0,1596.0,2023-01-11,Net Banking,Delivered,Lucknow
ORD01165,CUST0200,Yoga Mat,Sports,3,799,5,2277.15,2023-10-20,UPI,Delivered,Kolkata
ORD01166,CUST0346,Yoga Mat,Sports,4,799,0,3196.0,2023-12-20,Debit Card,Returned,Ahmedabad
ORD01167,CUST0154,Coffee Mug Set,Home & Kitchen,3,499,0,1497.0,2023-11-11,UPI,Delivered,Ahmedabad
ORD01168,CUST0431,Python Crash Course,Books,4,399,15,1356.6,2023-02-08,Cash on Delivery,Delivered,Hyderabad
ORD01169,CUST0294,Running Shoes,Clothing,3,1999,0,5997.0,2023-06-02,Net Banking,Delivered,Bengaluru
ORD01170,CUST0049,Hoodie,Clothing,1,1199,15,1019.15,2023-10-24,Cash on Delivery,Delivered,Pune
ORD01171,CUST0244,Chopping Board,Home & Kitchen,1,199,10,179.1,2023-09-29,Net Banking,Delivered,Ahmedabad
ORD01172,CUST0259,Running Shoes,Clothing,1,1999,15,1699.15,2023-06-04,UPI,Delivered,Jaipur
ORD01173,CUST0206,Deep Work,Books,3,319,0,957.0,2023-08-01,UPI,Delivered,Hyderabad
ORD01174,CUST0093,Water Sipper,Sports,4,399,15,1356.6,2023-10-08,Credit Card,Cancelled,Chennai
ORD01175,CUST0110,Hair Oil,Beauty,2,349,10,628.2,2023-09-13,Net Banking,Cancelled,Bengaluru
ORD01176,CUST0031,Storage Box,Home & Kitchen,4,349,10,1256.4,2023-11-17,Cash on Delivery,Cancelled,Jaipur
ORD01177,CUST0078,Running Shoes,Clothing,4,1999,0,7996.0,2023-05-04,UPI,Delivered,Jaipur
ORD01178,CUST0325,Think Again,Books,3,349,20,837.6,2023-02-02,Debit Card,Delivered,Delhi
ORD01179,CUST0132,Atomic Habits,Books,3,299,15,762.45,2023-03-24,Cash on Delivery,Pending,Pune
ORD01180,CUST0099,Casual Jeans,Clothing,2,999,0,1998.0,2023-03-18,Credit Card,Delivered,Jaipur
ORD01181,CUST0224,Running Shoes,Clothing,4,1999,5,7596.2,2023-10-14,Net Banking,Delivered,Delhi
ORD01182,CUST0070,Face Serum,Beauty,2,899,0,1798.0,2023-05-20,Credit Card,Delivered,Jaipur
ORD01183,CUST0494,Chopping Board,Home & Kitchen,2,199,15,338.3,2023-01-22,Net Banking,Delivered,Pune
ORD01184,CUST0153,Wireless Earbuds,Electronics,1,1299,0,1299.0,2023-11-05,Credit Card,Cancelled,Kolkata
ORD01185,CUST0121,Atomic Habits,Books,1,299,5,284.05,2023-03-13,Credit Card,Delivered,Lucknow
ORD01186,CUST0425,Water Sipper,Sports,1,399,10,359.1,2023-12-07,Cash on Delivery,Delivered,Lucknow
ORD01187,CUST0308,Skipping Rope,Sports,4,199,0,796.0,2023-05-02,Credit Card,Delivered,Chennai
ORD01188,CUST0479,Chopping Board,Home & Kitchen,4,199,20,636.8,2023-05-01,Net Banking,Delivered,Chennai
ORD01189,CUST0497,Women's Kurta,Clothing,1,599,0,599.0,2023-04-20,UPI,Returned,Pune
ORD01190,CUST0029,Think Again,Books,3,349,20,837.6,2023-10-29,Net Banking,Delivered,Pune
ORD01191,CUST0217,Skipping Rope,Sports,1,199,0,199.0,2023-10-07,Net Banking,Delivered,Ahmedabad
ORD01192,CUST0186,Sunscreen SPF50,Beauty,3,499,20,1197.6,2023-03-16,Net Banking,Pending,Delhi
ORD01193,CUST0496,Lip Balm Set,Beauty,3,249,0,747.0,2023-11-27,Cash on Delivery,Delivered,Mumbai
ORD01194,CUST0197,Wireless Earbuds,Electronics,2,1299,0,2598.0,2023-10-10,UPI,Delivered,Chennai
ORD01195,CUST0440,Lip Balm Set,Beauty,1,249,10,224.1,2023-05-02,Net Banking,Delivered,Ahmedabad
ORD01196,CUST0047,Data Science 101,Books,4,499,0,1996.0,2023-06-04,Debit Card,Returned,Delhi
ORD01197,CUST0163,Water Bottle,Home & Kitchen,2,299,5,568.1,2023-11-20,Net Banking,Delivered,Jaipur
ORD01198,CUST0242,Laptop Stand,Electronics,1,899,20,719.2,2023-09-09,Net Banking,Delivered,Bengaluru
ORD01199,CUST0358,Coffee Mug Set,Home & Kitchen,1,499,20,399.2,2023-03-24,UPI,Returned,Lucknow
ORD01200,CUST0374,Yoga Mat,Sports,3,799,5,2277.15,2023-11-05,Cash on Delivery,Delivered,Bengaluru
ORD01201,CUST0391,Lip Balm Set,Beauty,4,249,15,846.6,2023-01-15,Credit Card,Cancelled,Jaipur
ORD01202,CUST0070,Sunscreen SPF50,Beauty,4,499,20,1596.8,2023-11-25,Credit Card,Delivered,Jaipur
ORD01203,CUST0043,Python Crash Course,Books,3,399,0,1197.0,2023-10-22,Credit Card,Delivered,Lucknow
ORD01204,CUST0352,Women's Kurta,Clothing,2,599,20,958.4,2023-11-01,Net Banking,Delivered,Kolkata
ORD01205,CUST0134,Coffee Mug Set,Home & Kitchen,4,499,20,1596.8,2023-03-10,Debit Card,Returned,Kolkata
ORD01206,CUST0102,Hair Oil,Beauty,3,349,20,837.6,2023-05-25,Credit Card,Delivered,Mumbai
ORD01207,CUST0484,Atomic Habits,Books,2,299,5,568.1,2023-07-13,Cash on Delivery,Returned,Jaipur
ORD01208,CUST0314,Men's T-Shirt,Clothing,1,399,10,359.1,2023-11-28,Debit Card,Cancelled,Lucknow
ORD01209,CUST0437,USB Hub,Electronics,2,499,0,998.0,2023-12-26,Debit Card,Delivered,Ahmedabad
ORD01210,CUST0077,USB Hub,Electronics,4,499,10,1796.4,2023-05-14,Credit Card,Pending,Jaipur
ORD01211,CUST0223,Water Bottle,Home & Kitchen,1,299,0,299.0,2023-09-27,Net Banking,Delivered,Jaipur
ORD01212,CUST0098,Moisturizer,Beauty,1,699,0,699.0,2023-04-15,UPI,Delivered,Pune
ORD01213,CUST0439,Coffee Mug Set,Home & Kitchen,4,499,0,1996.0,2023-08-09,Debit Card,Delivered,Hyderabad
ORD01214,CUST0097,Resistance Bands,Sports,3,349,15,889.95,2023-12-13,Net Banking,Cancelled,Jaipur
ORD01215,CUST0500,Casual Jeans,Clothing,2,999,0,1998.0,2023-05-29,UPI,Delivered,Bengaluru
ORD01216,CUST0299,Hoodie,Clothing,4,1199,0,4796.0,2023-07-09,Net Banking,Delivered,Bengaluru
ORD01217,CUST0499,Wireless Earbuds,Electronics,4,1299,0,5196.0,2023-06-15,Net Banking,Delivered,Jaipur
ORD01218,CUST0377,Sunscreen SPF50,Beauty,4,499,15,1696.6,2023-08-05,Cash on Delivery,Delivered,Hyderabad
ORD01219,CUST0027,Air Fryer,Home & Kitchen,1,2999,10,2699.1,2023-01-31,UPI,Delivered,Lucknow
ORD01220,CUST0496,Casual Jeans,Clothing,3,999,10,2697.3,2023-12-10,Cash on Delivery,Cancelled,Mumbai
ORD01221,CUST0318,Face Serum,Beauty,1,899,0,899.0,2023-09-16,Net Banking,Returned,Ahmedabad
ORD01222,CUST0022,Coffee Mug Set,Home & Kitchen,3,499,0,1497.0,2023-10-14,Cash on Delivery,Delivered,Mumbai
ORD01223,CUST0477,Running Shoes,Clothing,2,1999,10,3598.2,2023-09-10,UPI,Pending,Hyderabad
ORD01224,CUST0272,Python Crash Course,Books,1,399,0,399.0,2023-12-30,Net Banking,Delivered,Ahmedabad
ORD01225,CUST0066,Running Shoes,Clothing,1,1999,0,1999.0,2023-01-23,Net Banking,Pending,Lucknow
ORD01226,CUST0314,Chopping Board,Home & Kitchen,4,199,0,796.0,2023-05-15,UPI,Delivered,Lucknow
ORD01227,CUST0378,Skipping Rope,Sports,4,199,0,796.0,2023-06-11,Net Banking,Delivered,Delhi
ORD01228,CUST0077,Hoodie,Clothing,4,1199,0,4796.0,2023-04-07,Credit Card,Delivered,Jaipur
ORD01229,CUST0084,Women's Kurta,Clothing,1,599,5,569.05,2023-05-14,Net Banking,Cancelled,Mumbai
ORD01230,CUST0183,Data Science 101,Books,4,499,0,1996.0,2023-08-15,Cash on Delivery,Delivered,Mumbai
ORD01231,CUST0064,Think Again,Books,4,349,0,1396.0,2023-03-17,UPI,Delivered,Lucknow
ORD01232,CUST0384,Smart Watch,Electronics,3,3499,0,10497.0,2023-03-28,Cash on Delivery,Delivered,Lucknow
ORD01233,CUST0270,Storage Box,Home & Kitchen,2,349,10,628.2,2023-01-03,Cash on Delivery,Delivered,Chennai
ORD01234,CUST0347,Casual Jeans,Clothing,1,999,0,999.0,2023-09-13,Credit Card,Delivered,Bengaluru
ORD01235,CUST0063,Air Fryer,Home & Kitchen,3,2999,15,7647.45,2023-12-15,Net Banking,Delivered,Delhi
ORD01236,CUST0079,Storage Box,Home & Kitchen,1,349,20,279.2,2023-06-15,Credit Card,Cancelled,Mumbai
ORD01237,CUST0490,USB Hub,Electronics,4,499,5,1896.2,2023-11-18,UPI,Delivered,Delhi
ORD01238,CUST0319,Yoga Mat,Sports,3,799,0,2397.0,2023-12-02,Net Banking,Delivered,Ahmedabad
ORD01239,CUST0411,Storage Box,Home & Kitchen,2,349,0,698.0,2023-01-25,UPI,Delivered,Kolkata
ORD01240,CUST0196,Air Fryer,Home & Kitchen,1,2999,10,2699.1,2023-11-05,Credit Card,Returned,Ahmedabad
ORD01241,CUST0046,Atomic Habits,Books,2,299,0,598.0,2023-07-24,Credit Card,Returned,Chennai
ORD01242,CUST0146,Women's Kurta,Clothing,4,599,20,1916.8,2023-07-26,Debit Card,Delivered,Mumbai
ORD01243,CUST0377,Laptop Stand,Electronics,4,899,20,2876.8,2023-08-10,UPI,Delivered,Hyderabad
ORD01244,CUST0050,Hair Oil,Beauty,2,349,0,698.0,2023-12-07,UPI,Delivered,Ahmedabad
ORD01245,CUST0244,Resistance Bands,Sports,4,349,5,1326.2,2023-07-18,UPI,Delivered,Ahmedabad
ORD01246,CUST0416,Water Sipper,Sports,4,399,0,1596.0,2023-08-05,UPI,Returned,Chennai
ORD01247,CUST0048,Resistance Bands,Sports,4,349,15,1186.6,2023-08-07,Credit Card,Delivered,Hyderabad
ORD01248,CUST0332,Skipping Rope,Sports,4,199,15,676.6,2023-04-25,Debit Card,Delivered,Pune
ORD01249,CUST0224,Deep Work,Books,1,319,0,319.0,2023-08-28,Credit Card,Delivered,Delhi
ORD01250,CUST0463,Atomic Habits,Books,2,299,0,598.0,2023-12-17,UPI,Returned,Lucknow
ORD01251,CUST0025,Hoodie,Clothing,4,1199,0,4796.0,2023-10-19,Cash on Delivery,Delivered,Jaipur
ORD01252,CUST0212,Wireless Earbuds,Electronics,1,1299,10,1169.1,2023-08-06,Credit Card,Delivered,Hyderabad
ORD01253,CUST0300,Deep Work,Books,3,319,0,957.0,2023-05-11,Credit Card,Delivered,Jaipur
ORD01254,CUST0237,Yoga Mat,Sports,1,799,15,679.15,2023-12-05,Debit Card,Returned,Pune
ORD01255,CUST0449,Casual Jeans,Clothing,1,999,0,999.0,2023-08-02,UPI,Delivered,Mumbai
ORD01256,CUST0231,Storage Box,Home & Kitchen,4,349,20,1116.8,2023-12-10,Cash on Delivery,Delivered,Hyderabad
ORD01257,CUST0041,Chopping Board,Home & Kitchen,2,199,0,398.0,2023-04-05,Cash on Delivery,Delivered,Jaipur
ORD01258,CUST0003,Air Fryer,Home & Kitchen,4,2999,10,10796.4,2023-01-10,Net Banking,Delivered,Ahmedabad
ORD01259,CUST0236,Wireless Earbuds,Electronics,2,1299,15,2208.3,2023-09-02,Net Banking,Delivered,Chennai
ORD01260,CUST0417,Hair Oil,Beauty,4,349,0,1396.0,2023-11-13,Cash on Delivery,Delivered,Lucknow
ORD01261,CUST0070,Coffee Mug Set,Home & Kitchen,3,499,0,1497.0,2023-03-06,Credit Card,Delivered,Jaipur
ORD01262,CUST0440,Men's T-Shirt,Clothing,1,399,15,339.15,2023-04-07,Credit Card,Delivered,Ahmedabad
ORD01263,CUST0224,Casual Jeans,Clothing,2,999,15,1698.3,2023-05-04,Cash on Delivery,Delivered,Delhi
ORD01264,CUST0076,Men's T-Shirt,Clothing,3,399,20,957.6,2023-08-26,Net Banking,Returned,Lucknow
ORD01265,CUST0379,Data Science 101,Books,1,499,0,499.0,2023-03-20,Net Banking,Delivered,Lucknow
ORD01266,CUST0300,Think Again,Books,1,349,20,279.2,2023-08-19,Debit Card,Pending,Jaipur
ORD01267,CUST0005,Running Shoes,Clothing,4,1999,0,7996.0,2023-06-20,Credit Card,Delivered,Pune
ORD01268,CUST0378,Moisturizer,Beauty,4,699,20,2236.8,2023-09-11,Cash on Delivery,Delivered,Delhi
ORD01269,CUST0205,Water Sipper,Sports,3,399,0,1197.0,2023-09-07,Net Banking,Delivered,Bengaluru
ORD01270,CUST0271,Water Sipper,Sports,4,399,0,1596.0,2023-02-01,Credit Card,Delivered,Hyderabad
ORD01271,CUST0138,Deep Work,Books,3,319,10,861.3,2023-02-02,Net Banking,Delivered,Chennai
ORD01272,CUST0178,Data Science 101,Books,4,499,10,1796.4,2023-11-27,Net Banking,Delivered,Delhi
ORD01273,CUST0372,Moisturizer,Beauty,1,699,0,699.0,2023-05-28,Debit Card,Delivered,Kolkata
ORD01274,CUST0113,Atomic Habits,Books,4,299,0,1196.0,2023-09-17,Cash on Delivery,Returned,Chennai
ORD01275,CUST0371,Lip Balm Set,Beauty,4,249,0,996.0,2023-05-31,Net Banking,Delivered,Hyderabad
ORD01276,CUST0319,Atomic Habits,Books,4,299,20,956.8,2023-03-24,Debit Card,Returned,Ahmedabad
ORD01277,CUST0103,Air Fryer,Home & Kitchen,4,2999,0,11996.0,2023-03-30,Debit Card,Delivered,Pune
ORD01278,CUST0483,Gym Gloves,Sports,1,299,20,239.2,2023-08-01,Net Banking,Delivered,Chennai
ORD01279,CUST0010,Water Bottle,Home & Kitchen,2,299,10,538.2,2023-01-25,UPI,Delivered,Chennai
ORD01280,CUST0017,Chopping Board,Home & Kitchen,2,199,0,398.0,2023-09-15,Credit Card,Delivered,Delhi
ORD01281,CUST0062,Coffee Mug Set,Home & Kitchen,1,499,10,449.1,2023-04-27,Cash on Delivery,Delivered,Kolkata
ORD01282,CUST0394,Casual Jeans,Clothing,3,999,0,2997.0,2023-07-01,Credit Card,Delivered,Lucknow
ORD01283,CUST0448,Skipping Rope,Sports,2,199,20,318.4,2023-12-20,Cash on Delivery,Delivered,Mumbai
ORD01284,CUST0493,Yoga Mat,Sports,1,799,5,759.05,2023-08-23,Credit Card,Delivered,Ahmedabad
ORD01285,CUST0022,Bluetooth Speaker,Electronics,1,1599,20,1279.2,2023-10-15,Cash on Delivery,Delivered,Mumbai
ORD01286,CUST0467,Smart Watch,Electronics,1,3499,20,2799.2,2023-04-16,UPI,Cancelled,Lucknow
ORD01287,CUST0256,Running Shoes,Clothing,4,1999,20,6396.8,2023-09-17,Credit Card,Cancelled,Bengaluru
ORD01288,CUST0063,Running Shoes,Clothing,3,1999,20,4797.6,2023-03-12,Debit Card,Delivered,Delhi
ORD01289,CUST0175,Think Again,Books,1,349,0,349.0,2023-08-31,UPI,Returned,Ahmedabad
ORD01290,CUST0367,Resistance Bands,Sports,1,349,0,349.0,2023-07-10,Net Banking,Delivered,Ahmedabad
ORD01291,CUST0216,Water Bottle,Home & Kitchen,2,299,20,478.4,2023-09-29,Debit Card,Delivered,Mumbai
ORD01292,CUST0488,Casual Jeans,Clothing,4,999,5,3796.2,2023-08-23,Cash on Delivery,Cancelled,Bengaluru
ORD01293,CUST0395,Lip Balm Set,Beauty,1,249,5,236.55,2023-03-16,Credit Card,Delivered,Lucknow
ORD01294,CUST0162,Hair Oil,Beauty,1,349,0,349.0,2023-06-23,Net Banking,Delivered,Ahmedabad
ORD01295,CUST0339,Casual Jeans,Clothing,1,999,5,949.05,2023-01-19,Debit Card,Delivered,Ahmedabad
ORD01296,CUST0454,Yoga Mat,Sports,3,799,5,2277.15,2023-07-25,Cash on Delivery,Delivered,Mumbai
ORD01297,CUST0461,Chopping Board,Home & Kitchen,3,199,0,597.0,2023-05-24,Cash on Delivery,Delivered,Pune
ORD01298,CUST0106,Resistance Bands,Sports,4,349,5,1326.2,2023-11-26,Cash on Delivery,Cancelled,Chennai
ORD01299,CUST0455,Water Sipper,Sports,4,399,15,1356.6,2023-06-26,Net Banking,Delivered,Ahmedabad
ORD01300,CUST0172,Running Shoes,Clothing,1,1999,0,1999.0,2023-10-03,Net Banking,Delivered,Mumbai
ORD01301,CUST0262,Sunscreen SPF50,Beauty,3,499,0,1497.0,2023-02-17,Cash on Delivery,Pending,Delhi
ORD01302,CUST0082,Storage Box,Home & Kitchen,3,349,20,837.6,2023-11-22,Credit Card,Delivered,Jaipur
ORD01303,CUST0372,Bluetooth Speaker,Electronics,3,1599,0,4797.0,2023-06-05,Net Banking,Delivered,Kolkata
ORD01304,CUST0133,Yoga Mat,Sports,1,799,20,639.2,2023-07-10,Cash on Delivery,Delivered,Bengaluru
ORD01305,CUST0482,Air Fryer,Home & Kitchen,1,2999,20,2399.2,2023-11-30,Credit Card,Delivered,Lucknow
ORD01306,CUST0121,Atomic Habits,Books,1,299,5,284.05,2023-06-23,Cash on Delivery,Cancelled,Lucknow
ORD01307,CUST0146,Water Sipper,Sports,2,399,0,798.0,2023-06-03,Cash on Delivery,Delivered,Mumbai
ORD01308,CUST0054,Sunscreen SPF50,Beauty,4,499,10,1796.4,2023-05-07,UPI,Returned,Delhi
ORD01309,CUST0233,Water Sipper,Sports,2,399,20,638.4,2023-07-04,Credit Card,Delivered,Delhi
ORD01310,CUST0032,Casual Jeans,Clothing,4,999,0,3996.0,2023-02-17,Net Banking,Cancelled,Bengaluru
ORD01311,CUST0190,Casual Jeans,Clothing,2,999,5,1898.1,2023-02-09,Cash on Delivery,Delivered,Pune
ORD01312,CUST0300,Deep Work,Books,4,319,20,1020.8,2023-05-16,Net Banking,Returned,Jaipur
ORD01313,CUST0375,Moisturizer,Beauty,4,699,15,2376.6,2023-09-08,Net Banking,Delivered,Pune
ORD01314,CUST0235,Women's Kurta,Clothing,2,599,5,1138.1,2023-12-31,Debit Card,Pending,Chennai
ORD01315,CUST0234,Hair Oil,Beauty,1,349,15,296.65,2023-04-19,Net Banking,Delivered,Mumbai
ORD01316,CUST0437,Smart Watch,Electronics,3,3499,0,10497.0,2023-11-05,Net Banking,Delivered,Ahmedabad
ORD01317,CUST0021,Wireless Earbuds,Electronics,3,1299,10,3507.3,2023-05-29,Cash on Delivery,Returned,Chennai
ORD01318,CUST0156,Men's T-Shirt,Clothing,3,399,0,1197.0,2023-07-11,UPI,Delivered,Chennai
ORD01319,CUST0216,Data Science 101,Books,2,499,0,998.0,2023-10-29,Credit Card,Cancelled,Mumbai
ORD01320,CUST0002,Chopping Board,Home & Kitchen,2,199,0,398.0,2023-09-08,Credit Card,Delivered,Hyderabad
ORD01321,CUST0214,Skipping Rope,Sports,1,199,20,159.2,2023-01-23,Net Banking,Delivered,Hyderabad
ORD01322,CUST0244,Skipping Rope,Sports,4,199,0,796.0,2023-07-13,Cash on Delivery,Delivered,Ahmedabad
ORD01323,CUST0342,Women's Kurta,Clothing,4,599,20,1916.8,2023-08-19,Net Banking,Delivered,Jaipur
ORD01324,CUST0341,Running Shoes,Clothing,1,1999,20,1599.2,2023-11-16,Cash on Delivery,Delivered,Pune
ORD01325,CUST0277,Think Again,Books,2,349,5,663.1,2023-06-23,Credit Card,Delivered,Mumbai
ORD01326,CUST0444,Moisturizer,Beauty,3,699,15,1782.45,2023-02-15,Debit Card,Delivered,Hyderabad
ORD01327,CUST0064,Face Serum,Beauty,3,899,10,2427.3,2023-11-27,Cash on Delivery,Delivered,Lucknow
ORD01328,CUST0097,Smart Watch,Electronics,1,3499,10,3149.1,2023-09-25,Net Banking,Delivered,Jaipur
ORD01329,CUST0093,Yoga Mat,Sports,1,799,15,679.15,2023-09-30,Credit Card,Delivered,Chennai
ORD01330,CUST0430,Water Bottle,Home & Kitchen,2,299,20,478.4,2023-12-28,Cash on Delivery,Delivered,Delhi
ORD01331,CUST0024,Data Science 101,Books,3,499,5,1422.15,2023-10-29,Net Banking,Delivered,Kolkata
ORD01332,CUST0013,Laptop Stand,Electronics,4,899,0,3596.0,2023-08-01,Cash on Delivery,Delivered,Ahmedabad
ORD01333,CUST0051,Coffee Mug Set,Home & Kitchen,3,499,0,1497.0,2023-02-28,Cash on Delivery,Cancelled,Bengaluru
ORD01334,CUST0394,Running Shoes,Clothing,2,1999,0,3998.0,2023-05-11,Credit Card,Returned,Lucknow
ORD01335,CUST0031,Running Shoes,Clothing,4,1999,15,6796.6,2023-03-28,Cash on Delivery,Delivered,Jaipur
ORD01336,CUST0153,Water Bottle,Home & Kitchen,1,299,15,254.15,2023-01-30,Net Banking,Delivered,Kolkata
ORD01337,CUST0133,Laptop Stand,Electronics,2,899,5,1708.1,2023-06-15,Net Banking,Cancelled,Bengaluru
ORD01338,CUST0301,Wireless Earbuds,Electronics,2,1299,0,2598.0,2023-11-02,Debit Card,Delivered,Chennai
ORD01339,CUST0032,Deep Work,Books,4,319,0,1276.0,2023-05-18,UPI,Delivered,Bengaluru
ORD01340,CUST0015,Deep Work,Books,4,319,0,1276.0,2023-09-05,Net Banking,Delivered,Kolkata
ORD01341,CUST0494,Sunscreen SPF50,Beauty,1,499,0,499.0,2023-10-11,Cash on Delivery,Returned,Pune
ORD01342,CUST0334,Face Serum,Beauty,2,899,20,1438.4,2023-10-12,Debit Card,Delivered,Pune
ORD01343,CUST0434,Storage Box,Home & Kitchen,4,349,5,1326.2,2023-02-12,Cash on Delivery,Delivered,Bengaluru
ORD01344,CUST0401,Women's Kurta,Clothing,3,599,10,1617.3,2023-03-28,Debit Card,Pending,Chennai
ORD01345,CUST0417,Gym Gloves,Sports,4,299,0,1196.0,2023-01-01,Net Banking,Returned,Lucknow
ORD01346,CUST0478,Skipping Rope,Sports,2,199,0,398.0,2023-01-31,Net Banking,Delivered,Jaipur
ORD01347,CUST0195,Storage Box,Home & Kitchen,3,349,20,837.6,2023-12-15,UPI,Delivered,Kolkata
ORD01348,CUST0379,Sunscreen SPF50,Beauty,3,499,0,1497.0,2023-03-24,Cash on Delivery,Returned,Lucknow
ORD01349,CUST0358,Yoga Mat,Sports,3,799,0,2397.0,2023-07-22,Credit Card,Delivered,Lucknow
ORD01350,CUST0313,Hoodie,Clothing,3,1199,5,3417.15,2023-04-18,Cash on Delivery,Delivered,Jaipur
ORD01351,CUST0232,Chopping Board,Home & Kitchen,3,199,20,477.6,2023-12-29,UPI,Delivered,Mumbai
ORD01352,CUST0492,Running Shoes,Clothing,3,1999,0,5997.0,2023-08-24,Cash on Delivery,Cancelled,Pune
ORD01353,CUST0312,Air Fryer,Home & Kitchen,2,2999,15,5098.3,2023-01-02,Net Banking,Delivered,Delhi
ORD01354,CUST0459,Wireless Earbuds,Electronics,2,1299,5,2468.1,2023-10-12,Net Banking,Returned,Delhi
ORD01355,CUST0334,Deep Work,Books,1,319,20,255.2,2023-11-29,Credit Card,Cancelled,Pune
ORD01356,CUST0181,Yoga Mat,Sports,4,799,15,2716.6,2023-03-05,Net Banking,Delivered,Pune
ORD01357,CUST0005,Skipping Rope,Sports,4,199,0,796.0,2023-12-23,Credit Card,Delivered,Pune
ORD01358,CUST0114,Atomic Habits,Books,2,299,5,568.1,2023-01-05,Credit Card,Delivered,Bengaluru
ORD01359,CUST0321,Chopping Board,Home & Kitchen,2,199,0,398.0,2023-11-11,UPI,Delivered,Kolkata
ORD01360,CUST0019,Sunscreen SPF50,Beauty,2,499,5,948.1,2023-07-05,UPI,Delivered,Kolkata
ORD01361,CUST0421,Deep Work,Books,2,319,0,638.0,2023-04-11,Net Banking,Delivered,Hyderabad
ORD01362,CUST0100,Laptop Stand,Electronics,4,899,0,3596.0,2023-10-10,Cash on Delivery,Delivered,Ahmedabad
ORD01363,CUST0066,Hair Oil,Beauty,2,349,0,698.0,2023-10-29,Credit Card,Cancelled,Lucknow
ORD01364,CUST0099,Running Shoes,Clothing,2,1999,10,3598.2,2023-05-21,Credit Card,Delivered,Jaipur
ORD01365,CUST0453,Hair Oil,Beauty,3,349,15,889.95,2023-10-14,Net Banking,Delivered,Mumbai
ORD01366,CUST0222,USB Hub,Electronics,1,499,20,399.2,2023-06-15,Net Banking,Delivered,Jaipur
ORD01367,CUST0265,Air Fryer,Home & Kitchen,4,2999,5,11396.2,2023-07-05,Credit Card,Delivered,Jaipur
ORD01368,CUST0273,Sunscreen SPF50,Beauty,1,499,0,499.0,2023-08-04,Net Banking,Delivered,Ahmedabad
ORD01369,CUST0042,Air Fryer,Home & Kitchen,4,2999,0,11996.0,2023-06-21,Cash on Delivery,Delivered,Delhi
ORD01370,CUST0101,Smart Watch,Electronics,4,3499,0,13996.0,2023-05-08,Debit Card,Delivered,Delhi
ORD01371,CUST0050,Chopping Board,Home & Kitchen,1,199,15,169.15,2023-11-17,Credit Card,Delivered,Ahmedabad
ORD01372,CUST0479,Think Again,Books,1,349,10,314.1,2023-11-17,UPI,Delivered,Chennai
ORD01373,CUST0491,Water Bottle,Home & Kitchen,1,299,5,284.05,2023-05-03,UPI,Delivered,Mumbai
ORD01374,CUST0318,Laptop Stand,Electronics,2,899,0,1798.0,2023-11-04,Net Banking,Delivered,Ahmedabad
ORD01375,CUST0470,USB Hub,Electronics,1,499,0,499.0,2023-02-01,Credit Card,Pending,Jaipur
ORD01376,CUST0032,Atomic Habits,Books,1,299,20,239.2,2023-03-07,Net Banking,Delivered,Bengaluru
ORD01377,CUST0347,Laptop Stand,Electronics,4,899,0,3596.0,2023-02-22,Credit Card,Delivered,Bengaluru
ORD01378,CUST0206,Yoga Mat,Sports,3,799,20,1917.6,2023-07-15,Credit Card,Delivered,Hyderabad
ORD01379,CUST0404,Gym Gloves,Sports,2,299,20,478.4,2023-11-03,Cash on Delivery,Delivered,Chennai
ORD01380,CUST0451,USB Hub,Electronics,4,499,5,1896.2,2023-08-08,Cash on Delivery,Delivered,Chennai
ORD01381,CUST0401,Yoga Mat,Sports,3,799,15,2037.45,2023-12-12,Credit Card,Delivered,Chennai
ORD01382,CUST0056,Deep Work,Books,3,319,10,861.3,2023-04-09,Credit Card,Delivered,Hyderabad
ORD01383,CUST0464,Bluetooth Speaker,Electronics,1,1599,10,1439.1,2023-04-10,Cash on Delivery,Delivered,Ahmedabad
ORD01384,CUST0247,Hoodie,Clothing,3,1199,0,3597.0,2023-08-04,Cash on Delivery,Delivered,Mumbai
ORD01385,CUST0031,Python Crash Course,Books,2,399,0,798.0,2023-01-23,Debit Card,Delivered,Jaipur
ORD01386,CUST0387,Storage Box,Home & Kitchen,4,349,10,1256.4,2023-11-30,UPI,Delivered,Chennai
ORD01387,CUST0159,Storage Box,Home & Kitchen,2,349,0,698.0,2023-08-29,Cash on Delivery,Pending,Lucknow
ORD01388,CUST0301,Chopping Board,Home & Kitchen,3,199,0,597.0,2023-09-23,Debit Card,Delivered,Chennai
ORD01389,CUST0101,Smart Watch,Electronics,1,3499,5,3324.05,2023-06-26,Debit Card,Delivered,Delhi
ORD01390,CUST0342,Sunscreen SPF50,Beauty,1,499,0,499.0,2023-04-07,Net Banking,Delivered,Jaipur
ORD01391,CUST0290,Moisturizer,Beauty,3,699,20,1677.6,2023-10-24,UPI,Delivered,Mumbai
ORD01392,CUST0054,Skipping Rope,Sports,4,199,0,796.0,2023-03-25,Net Banking,Delivered,Delhi
ORD01393,CUST0115,USB Hub,Electronics,2,499,0,998.0,2023-11-24,Debit Card,Delivered,Mumbai
ORD01394,CUST0377,Deep Work,Books,2,319,0,638.0,2023-09-04,UPI,Delivered,Hyderabad
ORD01395,CUST0423,Moisturizer,Beauty,2,699,5,1328.1,2023-04-05,Credit Card,Delivered,Chennai
ORD01396,CUST0285,Air Fryer,Home & Kitchen,1,2999,0,2999.0,2023-01-16,Credit Card,Delivered,Kolkata
ORD01397,CUST0300,Running Shoes,Clothing,4,1999,0,7996.0,2023-11-20,UPI,Delivered,Jaipur
ORD01398,CUST0090,Wireless Earbuds,Electronics,2,1299,0,2598.0,2023-05-26,Debit Card,Delivered,Bengaluru
ORD01399,CUST0126,Water Bottle,Home & Kitchen,3,299,20,717.6,2023-10-11,Debit Card,Delivered,Hyderabad
ORD01400,CUST0467,Men's T-Shirt,Clothing,2,399,20,638.4,2023-05-15,Credit Card,Delivered,Lucknow
ORD01401,CUST0174,Smart Watch,Electronics,4,3499,15,11896.6,2023-02-26,Debit Card,Returned,Mumbai
ORD01402,CUST0339,Coffee Mug Set,Home & Kitchen,2,499,0,998.0,2023-07-10,Debit Card,Delivered,Ahmedabad
ORD01403,CUST0061,Water Sipper,Sports,4,399,15,1356.6,2023-02-03,Debit Card,Delivered,Hyderabad
ORD01404,CUST0356,Women's Kurta,Clothing,2,599,10,1078.2,2023-07-13,UPI,Delivered,Kolkata
ORD01405,CUST0472,Storage Box,Home & Kitchen,4,349,15,1186.6,2023-05-06,Credit Card,Cancelled,Hyderabad
ORD01406,CUST0151,Water Sipper,Sports,2,399,20,638.4,2023-10-02,Debit Card,Delivered,Bengaluru
ORD01407,CUST0447,Water Bottle,Home & Kitchen,1,299,15,254.15,2023-05-24,Debit Card,Delivered,Bengaluru
ORD01408,CUST0402,Water Sipper,Sports,4,399,0,1596.0,2023-02-11,Net Banking,Delivered,Mumbai
ORD01409,CUST0199,Hair Oil,Beauty,1,349,0,349.0,2023-09-18,Cash on Delivery,Delivered,Delhi
ORD01410,CUST0365,Coffee Mug Set,Home & Kitchen,4,499,0,1996.0,2023-06-14,UPI,Delivered,Chennai
ORD01411,CUST0298,Gym Gloves,Sports,4,299,5,1136.2,2023-05-18,Net Banking,Delivered,Kolkata
ORD01412,CUST0459,Hair Oil,Beauty,1,349,0,349.0,2023-04-23,Debit Card,Cancelled,Delhi
ORD01413,CUST0218,Python Crash Course,Books,4,399,0,1596.0,2023-06-06,Net Banking,Delivered,Pune
ORD01414,CUST0044,Resistance Bands,Sports,3,349,0,1047.0,2023-10-09,Debit Card,Delivered,Jaipur
ORD01415,CUST0118,Laptop Stand,Electronics,4,899,10,3236.4,2023-06-30,Cash on Delivery,Pending,Pune
ORD01416,CUST0240,USB Hub,Electronics,3,499,5,1422.15,2023-08-19,Net Banking,Delivered,Bengaluru
ORD01417,CUST0196,Atomic Habits,Books,4,299,0,1196.0,2023-05-20,Credit Card,Delivered,Ahmedabad
ORD01418,CUST0039,Casual Jeans,Clothing,2,999,0,1998.0,2023-11-27,UPI,Delivered,Delhi
ORD01419,CUST0475,Laptop Stand,Electronics,1,899,20,719.2,2023-05-22,Debit Card,Delivered,Delhi
ORD01420,CUST0280,Wireless Earbuds,Electronics,1,1299,0,1299.0,2023-01-20,Debit Card,Delivered,Pune
ORD01421,CUST0382,Water Bottle,Home & Kitchen,3,299,0,897.0,2023-06-04,UPI,Cancelled,Ahmedabad
ORD01422,CUST0468,Hoodie,Clothing,2,1199,20,1918.4,2023-10-06,UPI,Delivered,Delhi
ORD01423,CUST0401,Laptop Stand,Electronics,3,899,20,2157.6,2023-06-27,Net Banking,Delivered,Chennai
ORD01424,CUST0263,Deep Work,Books,1,319,5,303.05,2023-12-01,Debit Card,Delivered,Kolkata
ORD01425,CUST0243,Python Crash Course,Books,2,399,15,678.3,2023-04-18,Debit Card,Returned,Hyderabad
ORD01426,CUST0175,Water Sipper,Sports,4,399,15,1356.6,2023-08-25,Credit Card,Pending,Ahmedabad
ORD01427,CUST0214,Water Bottle,Home & Kitchen,4,299,20,956.8,2023-12-24,Debit Card,Returned,Hyderabad
ORD01428,CUST0296,Think Again,Books,1,349,0,349.0,2023-03-13,Debit Card,Delivered,Mumbai
ORD01429,CUST0428,Air Fryer,Home & Kitchen,4,2999,20,9596.8,2023-12-04,UPI,Delivered,Chennai
ORD01430,CUST0386,Water Bottle,Home & Kitchen,4,299,5,1136.2,2023-12-18,Net Banking,Delivered,Lucknow
ORD01431,CUST0012,Hair Oil,Beauty,3,349,0,1047.0,2023-10-28,Cash on Delivery,Delivered,Ahmedabad
ORD01432,CUST0323,Smart Watch,Electronics,2,3499,0,6998.0,2023-10-18,Cash on Delivery,Delivered,Delhi
ORD01433,CUST0486,Water Sipper,Sports,4,399,5,1516.2,2023-04-15,Net Banking,Delivered,Bengaluru
ORD01434,CUST0056,Bluetooth Speaker,Electronics,4,1599,0,6396.0,2023-09-01,UPI,Delivered,Hyderabad
ORD01435,CUST0054,Gym Gloves,Sports,3,299,0,897.0,2023-03-29,Cash on Delivery,Delivered,Delhi
ORD01436,CUST0102,Men's T-Shirt,Clothing,4,399,0,1596.0,2023-04-06,Credit Card,Delivered,Mumbai
ORD01437,CUST0338,Atomic Habits,Books,2,299,0,598.0,2023-05-30,Cash on Delivery,Delivered,Jaipur
ORD01438,CUST0006,USB Hub,Electronics,1,499,0,499.0,2023-09-23,Debit Card,Delivered,Lucknow
ORD01439,CUST0067,Coffee Mug Set,Home & Kitchen,4,499,0,1996.0,2023-02-26,Cash on Delivery,Delivered,Hyderabad
ORD01440,CUST0067,Think Again,Books,1,349,5,331.55,2023-04-16,Debit Card,Delivered,Hyderabad
ORD01441,CUST0295,Coffee Mug Set,Home & Kitchen,4,499,0,1996.0,2023-11-06,UPI,Delivered,Mumbai
ORD01442,CUST0004,Resistance Bands,Sports,4,349,0,1396.0,2023-04-14,Debit Card,Delivered,Chennai
ORD01443,CUST0270,Data Science 101,Books,4,499,10,1796.4,2023-05-07,UPI,Delivered,Chennai
ORD01444,CUST0021,Gym Gloves,Sports,4,299,5,1136.2,2023-10-22,Credit Card,Delivered,Chennai
ORD01445,CUST0406,Coffee Mug Set,Home & Kitchen,3,499,15,1272.45,2023-12-31,UPI,Cancelled,Pune
ORD01446,CUST0092,Deep Work,Books,2,319,5,606.1,2023-05-08,Cash on Delivery,Delivered,Mumbai
ORD01447,CUST0094,Moisturizer,Beauty,4,699,5,2656.2,2023-12-04,Cash on Delivery,Delivered,Lucknow
ORD01448,CUST0141,USB Hub,Electronics,1,499,0,499.0,2023-03-22,Cash on Delivery,Delivered,Lucknow
ORD01449,CUST0391,Air Fryer,Home & Kitchen,2,2999,5,5698.1,2023-07-30,Cash on Delivery,Delivered,Jaipur
ORD01450,CUST0259,Laptop Stand,Electronics,1,899,20,719.2,2023-02-23,UPI,Delivered,Jaipur
ORD01451,CUST0260,Think Again,Books,2,349,0,698.0,2023-04-17,Credit Card,Delivered,Delhi
ORD01452,CUST0346,Data Science 101,Books,1,499,15,424.15,2023-12-22,Net Banking,Cancelled,Ahmedabad
ORD01453,CUST0204,Atomic Habits,Books,4,299,20,956.8,2023-04-10,Credit Card,Delivered,Kolkata
ORD01454,CUST0168,Laptop Stand,Electronics,1,899,15,764.15,2023-03-11,Net Banking,Cancelled,Hyderabad
ORD01455,CUST0337,Think Again,Books,1,349,0,349.0,2023-10-08,Debit Card,Delivered,Delhi
ORD01456,CUST0431,Moisturizer,Beauty,2,699,5,1328.1,2023-05-23,Debit Card,Delivered,Hyderabad
ORD01457,CUST0064,Men's T-Shirt,Clothing,1,399,0,399.0,2023-05-31,Cash on Delivery,Cancelled,Lucknow
ORD01458,CUST0391,Moisturizer,Beauty,2,699,0,1398.0,2023-12-10,Credit Card,Delivered,Jaipur
ORD01459,CUST0092,Lip Balm Set,Beauty,2,249,5,473.1,2023-07-03,Debit Card,Delivered,Mumbai
ORD01460,CUST0025,Face Serum,Beauty,2,899,5,1708.1,2023-12-23,Cash on Delivery,Delivered,Jaipur
ORD01461,CUST0228,Face Serum,Beauty,4,899,15,3056.6,2023-06-07,Credit Card,Delivered,Pune
ORD01462,CUST0393,Yoga Mat,Sports,1,799,20,639.2,2023-07-13,Debit Card,Delivered,Mumbai
ORD01463,CUST0009,Running Shoes,Clothing,2,1999,0,3998.0,2023-02-16,Net Banking,Delivered,Ahmedabad
ORD01464,CUST0349,Wireless Earbuds,Electronics,3,1299,20,3117.6,2023-04-09,Credit Card,Delivered,Delhi
ORD01465,CUST0023,Men's T-Shirt,Clothing,2,399,15,678.3,2023-03-27,Net Banking,Delivered,Lucknow
ORD01466,CUST0321,Yoga Mat,Sports,3,799,0,2397.0,2023-10-15,Debit Card,Delivered,Kolkata
ORD01467,CUST0119,Resistance Bands,Sports,4,349,5,1326.2,2023-03-03,Debit Card,Delivered,Pune
ORD01468,CUST0206,Laptop Stand,Electronics,3,899,0,2697.0,2023-01-08,UPI,Delivered,Hyderabad
ORD01469,CUST0034,USB Hub,Electronics,2,499,5,948.1,2023-04-23,UPI,Delivered,Bengaluru
ORD01470,CUST0454,Hair Oil,Beauty,3,349,0,1047.0,2023-02-04,Debit Card,Delivered,Mumbai
ORD01471,CUST0275,Atomic Habits,Books,4,299,0,1196.0,2023-12-31,Cash on Delivery,Delivered,Bengaluru
ORD01472,CUST0324,Running Shoes,Clothing,1,1999,10,1799.1,2023-06-16,Net Banking,Returned,Lucknow
ORD01473,CUST0390,Sunscreen SPF50,Beauty,3,499,0,1497.0,2023-11-22,UPI,Delivered,Pune
ORD01474,CUST0312,Moisturizer,Beauty,1,699,0,699.0,2023-01-10,Cash on Delivery,Delivered,Delhi
ORD01475,CUST0361,Think Again,Books,2,349,10,628.2,2023-10-28,Credit Card,Delivered,Hyderabad
ORD01476,CUST0378,Men's T-Shirt,Clothing,1,399,0,399.0,2023-05-02,Net Banking,Delivered,Delhi
ORD01477,CUST0192,Hoodie,Clothing,1,1199,0,1199.0,2023-03-12,Net Banking,Delivered,Pune
ORD01478,CUST0329,Water Bottle,Home & Kitchen,2,299,5,568.1,2023-04-15,Credit Card,Returned,Mumbai
ORD01479,CUST0069,Hoodie,Clothing,4,1199,15,4076.6,2023-06-18,UPI,Delivered,Pune
ORD01480,CUST0385,Air Fryer,Home & Kitchen,4,2999,15,10196.6,2023-05-28,Credit Card,Returned,Pune
ORD01481,CUST0277,Running Shoes,Clothing,3,1999,0,5997.0,2023-04-16,Credit Card,Returned,Mumbai
ORD01482,CUST0267,Sunscreen SPF50,Beauty,2,499,10,898.2,2023-07-15,UPI,Returned,Mumbai
ORD01483,CUST0036,Casual Jeans,Clothing,1,999,0,999.0,2023-09-09,Debit Card,Cancelled,Chennai
ORD01484,CUST0089,Smart Watch,Electronics,2,3499,0,6998.0,2023-02-16,Cash on Delivery,Delivered,Ahmedabad
ORD01485,CUST0219,Resistance Bands,Sports,2,349,10,628.2,2023-02-10,Net Banking,Delivered,Delhi
ORD01486,CUST0091,Water Bottle,Home & Kitchen,2,299,0,598.0,2023-08-06,Cash on Delivery,Delivered,Bengaluru
ORD01487,CUST0496,Running Shoes,Clothing,3,1999,10,5397.3,2023-08-18,Debit Card,Delivered,Mumbai
ORD01488,CUST0194,Coffee Mug Set,Home & Kitchen,1,499,0,499.0,2023-07-23,Debit Card,Delivered,Mumbai
ORD01489,CUST0377,Think Again,Books,4,349,10,1256.4,2023-11-09,Net Banking,Delivered,Hyderabad
ORD01490,CUST0219,Casual Jeans,Clothing,1,999,20,799.2,2023-07-15,Credit Card,Delivered,Delhi
ORD01491,CUST0132,Storage Box,Home & Kitchen,2,349,10,628.2,2023-03-31,Net Banking,Delivered,Pune
ORD01492,CUST0288,Atomic Habits,Books,4,299,0,1196.0,2023-07-12,Cash on Delivery,Delivered,Chennai
ORD01493,CUST0101,Data Science 101,Books,3,499,0,1497.0,2023-08-29,Debit Card,Delivered,Delhi
ORD01494,CUST0374,Men's T-Shirt,Clothing,1,399,20,319.2,2023-09-14,UPI,Delivered,Bengaluru
ORD01495,CUST0197,Think Again,Books,4,349,5,1326.2,2023-07-11,Net Banking,Cancelled,Chennai
ORD01496,CUST0472,Storage Box,Home & Kitchen,1,349,5,331.55,2023-01-20,Credit Card,Delivered,Hyderabad
ORD01497,CUST0491,Deep Work,Books,2,319,0,638.0,2023-08-12,UPI,Delivered,Mumbai
ORD01498,CUST0189,Lip Balm Set,Beauty,4,249,15,846.6,2023-12-19,Credit Card,Delivered,Kolkata
ORD01499,CUST0125,Moisturizer,Beauty,4,699,15,2376.6,2023-05-07,Net Banking,Delivered,Mumbai
ORD01500,CUST0331,Laptop Stand,Electronics,1,899,15,764.15,2023-12-07,Debit Card,Delivered,Kolkata
ORD01501,CUST0131,Storage Box,Home & Kitchen,4,349,15,1186.6,2023-03-17,Debit Card,Delivered,Hyderabad
ORD01502,CUST0395,Water Sipper,Sports,2,399,0,798.0,2023-03-01,Credit Card,Delivered,Lucknow
ORD01503,CUST0499,Moisturizer,Beauty,4,699,15,2376.6,2023-10-28,Credit Card,Delivered,Jaipur
ORD01504,CUST0130,Resistance Bands,Sports,4,349,0,1396.0,2023-08-07,UPI,Delivered,Pune
ORD01505,CUST0376,Water Sipper,Sports,4,399,10,1436.4,2023-06-07,Net Banking,Delivered,Ahmedabad
ORD01506,CUST0398,Face Serum,Beauty,1,899,15,764.15,2023-10-21,UPI,Delivered,Kolkata
ORD01507,CUST0358,Running Shoes,Clothing,2,1999,15,3398.3,2023-07-23,UPI,Delivered,Lucknow
ORD01508,CUST0036,Smart Watch,Electronics,4,3499,0,13996.0,2023-02-19,Net Banking,Delivered,Chennai
ORD01509,CUST0088,Gym Gloves,Sports,3,299,15,762.45,2023-08-09,Debit Card,Pending,Mumbai
ORD01510,CUST0094,Water Bottle,Home & Kitchen,2,299,0,598.0,2023-09-07,Cash on Delivery,Delivered,Lucknow
ORD01511,CUST0031,USB Hub,Electronics,2,499,0,998.0,2023-04-13,Debit Card,Delivered,Jaipur
ORD01512,CUST0468,Running Shoes,Clothing,4,1999,5,7596.2,2023-11-17,Cash on Delivery,Delivered,Delhi
ORD01513,CUST0194,Smart Watch,Electronics,1,3499,0,3499.0,2023-02-13,Credit Card,Delivered,Mumbai
ORD01514,CUST0121,Air Fryer,Home & Kitchen,3,2999,0,8997.0,2023-10-27,Net Banking,Delivered,Lucknow
ORD01515,CUST0385,Data Science 101,Books,1,499,0,499.0,2023-05-17,Credit Card,Delivered,Pune
ORD01516,CUST0268,Hair Oil,Beauty,1,349,0,349.0,2023-04-19,Credit Card,Pending,Hyderabad
ORD01517,CUST0388,Deep Work,Books,3,319,5,909.15,2023-08-31,UPI,Delivered,Lucknow
ORD01518,CUST0456,Gym Gloves,Sports,3,299,0,897.0,2023-12-16,UPI,Delivered,Lucknow
ORD01519,CUST0194,Water Bottle,Home & Kitchen,3,299,15,762.45,2023-07-24,Cash on Delivery,Delivered,Mumbai
ORD01520,CUST0002,Laptop Stand,Electronics,3,899,20,2157.6,2023-02-21,Net Banking,Delivered,Hyderabad
ORD01521,CUST0063,Moisturizer,Beauty,2,699,0,1398.0,2023-11-05,Cash on Delivery,Delivered,Delhi
ORD01522,CUST0352,Water Bottle,Home & Kitchen,3,299,5,852.15,2023-11-13,Net Banking,Delivered,Kolkata
ORD01523,CUST0491,Gym Gloves,Sports,2,299,0,598.0,2023-11-23,UPI,Delivered,Mumbai
ORD01524,CUST0348,Laptop Stand,Electronics,1,899,20,719.2,2023-06-16,Net Banking,Delivered,Pune
ORD01525,CUST0407,Hoodie,Clothing,4,1199,5,4556.2,2023-11-10,Credit Card,Delivered,Bengaluru
ORD01526,CUST0464,Coffee Mug Set,Home & Kitchen,4,499,15,1696.6,2023-12-25,Credit Card,Cancelled,Ahmedabad
ORD01527,CUST0365,Moisturizer,Beauty,3,699,10,1887.3,2023-04-10,Debit Card,Delivered,Chennai
ORD01528,CUST0408,Water Sipper,Sports,1,399,0,399.0,2023-09-12,Credit Card,Pending,Lucknow
ORD01529,CUST0489,Storage Box,Home & Kitchen,4,349,0,1396.0,2023-08-17,Credit Card,Delivered,Hyderabad
ORD01530,CUST0088,Deep Work,Books,2,319,0,638.0,2023-04-19,Credit Card,Cancelled,Mumbai
ORD01531,CUST0463,USB Hub,Electronics,1,499,0,499.0,2023-06-17,Net Banking,Delivered,Lucknow
ORD01532,CUST0488,Water Bottle,Home & Kitchen,3,299,15,762.45,2023-09-01,Credit Card,Returned,Bengaluru
ORD01533,CUST0171,Sunscreen SPF50,Beauty,4,499,0,1996.0,2023-12-21,Debit Card,Pending,Bengaluru
ORD01534,CUST0194,Water Sipper,Sports,1,399,15,339.15,2023-06-25,Net Banking,Delivered,Mumbai
ORD01535,CUST0115,Hair Oil,Beauty,4,349,20,1116.8,2023-04-30,UPI,Pending,Mumbai
ORD01536,CUST0175,Laptop Stand,Electronics,1,899,0,899.0,2023-02-15,Cash on Delivery,Delivered,Ahmedabad
ORD01537,CUST0489,Men's T-Shirt,Clothing,3,399,0,1197.0,2023-06-10,Net Banking,Delivered,Hyderabad
ORD01538,CUST0275,Yoga Mat,Sports,3,799,0,2397.0,2023-10-30,Debit Card,Delivered,Bengaluru
ORD01539,CUST0409,Think Again,Books,3,349,20,837.6,2023-07-06,Debit Card,Delivered,Bengaluru
ORD01540,CUST0005,Water Sipper,Sports,2,399,0,798.0,2023-07-22,Cash on Delivery,Delivered,Pune
ORD01541,CUST0429,Atomic Habits,Books,2,299,20,478.4,2023-06-01,Debit Card,Delivered,Hyderabad
ORD01542,CUST0075,Think Again,Books,2,349,10,628.2,2023-05-26,Credit Card,Delivered,Ahmedabad
ORD01543,CUST0064,Skipping Rope,Sports,3,199,10,537.3,2023-12-19,UPI,Delivered,Lucknow
ORD01544,CUST0254,Hair Oil,Beauty,4,349,15,1186.6,2023-04-21,UPI,Returned,Ahmedabad
ORD01545,CUST0079,Moisturizer,Beauty,1,699,20,559.2,2023-06-20,Debit Card,Delivered,Mumbai
ORD01546,CUST0439,Sunscreen SPF50,Beauty,1,499,20,399.2,2023-04-02,Net Banking,Delivered,Hyderabad
ORD01547,CUST0468,Moisturizer,Beauty,3,699,20,1677.6,2023-12-04,Debit Card,Delivered,Delhi
ORD01548,CUST0348,Bluetooth Speaker,Electronics,4,1599,0,6396.0,2023-08-05,Net Banking,Delivered,Pune
ORD01549,CUST0373,Coffee Mug Set,Home & Kitchen,4,499,0,1996.0,2023-09-28,UPI,Delivered,Hyderabad
ORD01550,CUST0166,Water Bottle,Home & Kitchen,4,299,0,1196.0,2023-03-09,Cash on Delivery,Delivered,Mumbai
ORD01551,CUST0296,Laptop Stand,Electronics,4,899,15,3056.6,2023-03-25,Debit Card,Delivered,Mumbai
ORD01552,CUST0112,Think Again,Books,3,349,0,1047.0,2023-04-18,Debit Card,Pending,Bengaluru
ORD01553,CUST0053,Face Serum,Beauty,3,899,15,2292.45,2023-10-22,Debit Card,Delivered,Hyderabad
ORD01554,CUST0183,Think Again,Books,2,349,0,698.0,2023-02-19,Net Banking,Delivered,Mumbai
ORD01555,CUST0174,Men's T-Shirt,Clothing,1,399,10,359.1,2023-11-29,Cash on Delivery,Delivered,Mumbai
ORD01556,CUST0061,Python Crash Course,Books,4,399,0,1596.0,2023-01-18,Debit Card,Delivered,Hyderabad
ORD01557,CUST0489,Think Again,Books,3,349,15,889.95,2023-11-02,Debit Card,Delivered,Hyderabad
ORD01558,CUST0443,Moisturizer,Beauty,1,699,20,559.2,2023-08-26,Net Banking,Delivered,Mumbai
ORD01559,CUST0060,Coffee Mug Set,Home & Kitchen,3,499,0,1497.0,2023-03-03,Credit Card,Delivered,Lucknow
ORD01560,CUST0294,USB Hub,Electronics,2,499,0,998.0,2023-10-28,Cash on Delivery,Delivered,Bengaluru
ORD01561,CUST0093,Atomic Habits,Books,1,299,20,239.2,2023-10-31,Net Banking,Pending,Chennai
ORD01562,CUST0051,Think Again,Books,3,349,10,942.3,2023-03-06,UPI,Cancelled,Bengaluru
ORD01563,CUST0011,Bluetooth Speaker,Electronics,2,1599,5,3038.1,2023-12-25,Net Banking,Delivered,Hyderabad
ORD01564,CUST0429,Water Sipper,Sports,4,399,0,1596.0,2023-09-23,Cash on Delivery,Delivered,Hyderabad
ORD01565,CUST0093,Yoga Mat,Sports,2,799,15,1358.3,2023-03-02,Cash on Delivery,Delivered,Chennai
ORD01566,CUST0410,Sunscreen SPF50,Beauty,1,499,10,449.1,2023-08-17,UPI,Delivered,Chennai
ORD01567,CUST0335,Wireless Earbuds,Electronics,2,1299,10,2338.2,2023-04-16,Debit Card,Delivered,Lucknow
ORD01568,CUST0044,Bluetooth Speaker,Electronics,3,1599,20,3837.6,2023-01-18,Credit Card,Delivered,Jaipur
ORD01569,CUST0217,Skipping Rope,Sports,3,199,10,537.3,2023-03-29,Credit Card,Delivered,Ahmedabad
ORD01570,CUST0338,Running Shoes,Clothing,1,1999,10,1799.1,2023-05-31,Cash on Delivery,Delivered,Jaipur
ORD01571,CUST0268,Python Crash Course,Books,4,399,15,1356.6,2023-06-10,UPI,Delivered,Hyderabad
ORD01572,CUST0340,Water Sipper,Sports,2,399,15,678.3,2023-02-20,Credit Card,Pending,Lucknow
ORD01573,CUST0439,Men's T-Shirt,Clothing,2,399,0,798.0,2023-06-03,Debit Card,Cancelled,Hyderabad
ORD01574,CUST0143,Hoodie,Clothing,2,1199,10,2158.2,2023-07-03,Debit Card,Delivered,Jaipur
ORD01575,CUST0131,Hair Oil,Beauty,4,349,0,1396.0,2023-10-09,UPI,Delivered,Hyderabad
ORD01576,CUST0484,Python Crash Course,Books,4,399,5,1516.2,2023-02-12,UPI,Cancelled,Jaipur
ORD01577,CUST0037,Moisturizer,Beauty,2,699,10,1258.2,2023-04-15,UPI,Delivered,Jaipur
ORD01578,CUST0332,Sunscreen SPF50,Beauty,3,499,10,1347.3,2023-12-03,Cash on Delivery,Returned,Pune
ORD01579,CUST0162,Resistance Bands,Sports,4,349,20,1116.8,2023-03-20,Net Banking,Delivered,Ahmedabad
ORD01580,CUST0064,Data Science 101,Books,2,499,0,998.0,2023-05-19,Cash on Delivery,Returned,Lucknow
ORD01581,CUST0328,Bluetooth Speaker,Electronics,4,1599,0,6396.0,2023-06-18,Credit Card,Delivered,Ahmedabad
ORD01582,CUST0141,Chopping Board,Home & Kitchen,3,199,0,597.0,2023-04-26,Credit Card,Cancelled,Lucknow
ORD01583,CUST0401,USB Hub,Electronics,2,499,5,948.1,2023-02-23,Credit Card,Cancelled,Chennai
ORD01584,CUST0049,Hoodie,Clothing,3,1199,10,3237.3,2023-09-08,Cash on Delivery,Delivered,Pune
ORD01585,CUST0312,Storage Box,Home & Kitchen,3,349,10,942.3,2023-05-19,Credit Card,Delivered,Delhi
ORD01586,CUST0093,Smart Watch,Electronics,3,3499,20,8397.6,2023-07-19,UPI,Pending,Chennai
ORD01587,CUST0066,Hair Oil,Beauty,4,349,5,1326.2,2023-10-31,UPI,Delivered,Lucknow
ORD01588,CUST0074,Bluetooth Speaker,Electronics,2,1599,15,2718.3,2023-03-06,Net Banking,Cancelled,Chennai
ORD01589,CUST0499,Skipping Rope,Sports,1,199,15,169.15,2023-11-24,UPI,Delivered,Jaipur
ORD01590,CUST0094,Sunscreen SPF50,Beauty,4,499,15,1696.6,2023-08-23,Net Banking,Delivered,Lucknow
ORD01591,CUST0267,Coffee Mug Set,Home & Kitchen,3,499,0,1497.0,2023-08-08,Debit Card,Delivered,Mumbai
ORD01592,CUST0433,Air Fryer,Home & Kitchen,3,2999,5,8547.15,2023-06-10,Credit Card,Delivered,Lucknow
ORD01593,CUST0484,Face Serum,Beauty,1,899,15,764.15,2023-05-03,Credit Card,Delivered,Jaipur
ORD01594,CUST0284,Hoodie,Clothing,1,1199,0,1199.0,2023-05-27,Net Banking,Delivered,Bengaluru
ORD01595,CUST0264,USB Hub,Electronics,2,499,5,948.1,2023-09-12,Cash on Delivery,Delivered,Bengaluru
ORD01596,CUST0098,Face Serum,Beauty,4,899,0,3596.0,2023-11-12,Credit Card,Delivered,Pune
ORD01597,CUST0487,Moisturizer,Beauty,3,699,0,2097.0,2023-12-05,Cash on Delivery,Delivered,Mumbai
ORD01598,CUST0494,Hair Oil,Beauty,1,349,10,314.1,2023-08-18,Debit Card,Cancelled,Pune
ORD01599,CUST0188,Hair Oil,Beauty,2,349,0,698.0,2023-02-08,Debit Card,Pending,Lucknow
ORD01600,CUST0195,Skipping Rope,Sports,1,199,5,189.05,2023-09-11,Debit Card,Delivered,Kolkata
ORD01601,CUST0426,Air Fryer,Home & Kitchen,3,2999,15,7647.45,2023-05-08,Cash on Delivery,Returned,Lucknow
ORD01602,CUST0136,Laptop Stand,Electronics,3,899,5,2562.15,2023-05-31,Debit Card,Delivered,Lucknow
ORD01603,CUST0476,Bluetooth Speaker,Electronics,4,1599,0,6396.0,2023-06-06,Cash on Delivery,Delivered,Ahmedabad
ORD01604,CUST0004,USB Hub,Electronics,4,499,0,1996.0,2023-07-02,Cash on Delivery,Pending,Chennai
ORD01605,CUST0003,Atomic Habits,Books,3,299,0,897.0,2023-02-24,UPI,Delivered,Ahmedabad
ORD01606,CUST0052,Sunscreen SPF50,Beauty,4,499,0,1996.0,2023-01-05,Net Banking,Delivered,Mumbai
ORD01607,CUST0461,Python Crash Course,Books,1,399,10,359.1,2023-09-21,Debit Card,Returned,Pune
ORD01608,CUST0394,Data Science 101,Books,4,499,0,1996.0,2023-03-21,UPI,Delivered,Lucknow
ORD01609,CUST0187,Casual Jeans,Clothing,4,999,0,3996.0,2023-06-03,Net Banking,Returned,Chennai
ORD01610,CUST0337,Hoodie,Clothing,3,1199,0,3597.0,2023-08-13,Net Banking,Cancelled,Delhi
ORD01611,CUST0003,Women's Kurta,Clothing,3,599,15,1527.45,2023-08-11,UPI,Delivered,Ahmedabad
ORD01612,CUST0021,Sunscreen SPF50,Beauty,1,499,0,499.0,2023-05-26,Debit Card,Cancelled,Chennai
ORD01613,CUST0342,Think Again,Books,3,349,0,1047.0,2023-03-24,Debit Card,Delivered,Jaipur
ORD01614,CUST0282,Atomic Habits,Books,1,299,5,284.05,2023-09-08,Net Banking,Delivered,Kolkata
ORD01615,CUST0257,Sunscreen SPF50,Beauty,3,499,20,1197.6,2023-07-24,Net Banking,Delivered,Jaipur
ORD01616,CUST0065,Men's T-Shirt,Clothing,1,399,20,319.2,2023-01-11,Debit Card,Cancelled,Delhi
ORD01617,CUST0122,Storage Box,Home & Kitchen,1,349,20,279.2,2023-12-17,Credit Card,Delivered,Lucknow
ORD01618,CUST0223,Lip Balm Set,Beauty,4,249,10,896.4,2023-01-05,Net Banking,Delivered,Jaipur
ORD01619,CUST0127,Chopping Board,Home & Kitchen,4,199,0,796.0,2023-08-08,Cash on Delivery,Delivered,Hyderabad
ORD01620,CUST0393,Hoodie,Clothing,2,1199,0,2398.0,2023-05-24,Credit Card,Delivered,Mumbai
ORD01621,CUST0362,Water Bottle,Home & Kitchen,4,299,0,1196.0,2023-08-31,Credit Card,Delivered,Lucknow
ORD01622,CUST0323,Hair Oil,Beauty,2,349,0,698.0,2023-10-30,Debit Card,Delivered,Delhi
ORD01623,CUST0141,Men's T-Shirt,Clothing,2,399,5,758.1,2023-01-20,Debit Card,Delivered,Lucknow
ORD01624,CUST0047,Casual Jeans,Clothing,1,999,10,899.1,2023-04-13,Credit Card,Delivered,Delhi
ORD01625,CUST0119,Think Again,Books,3,349,15,889.95,2023-11-21,Debit Card,Returned,Pune
ORD01626,CUST0219,Coffee Mug Set,Home & Kitchen,4,499,0,1996.0,2023-09-19,Credit Card,Delivered,Delhi
ORD01627,CUST0483,Air Fryer,Home & Kitchen,3,2999,0,8997.0,2023-05-24,UPI,Delivered,Chennai
ORD01628,CUST0094,Moisturizer,Beauty,2,699,0,1398.0,2023-01-25,Credit Card,Pending,Lucknow
ORD01629,CUST0242,Wireless Earbuds,Electronics,3,1299,0,3897.0,2023-05-27,UPI,Delivered,Bengaluru
ORD01630,CUST0486,Yoga Mat,Sports,4,799,0,3196.0,2023-05-10,Net Banking,Pending,Bengaluru
ORD01631,CUST0343,Chopping Board,Home & Kitchen,3,199,0,597.0,2023-02-19,Credit Card,Delivered,Hyderabad
ORD01632,CUST0380,Hair Oil,Beauty,2,349,0,698.0,2023-07-04,UPI,Returned,Bengaluru
ORD01633,CUST0142,Hair Oil,Beauty,3,349,0,1047.0,2023-11-29,Debit Card,Delivered,Pune
ORD01634,CUST0323,Gym Gloves,Sports,1,299,0,299.0,2023-03-08,Cash on Delivery,Delivered,Delhi
ORD01635,CUST0229,Wireless Earbuds,Electronics,2,1299,0,2598.0,2023-12-27,Credit Card,Delivered,Lucknow
ORD01636,CUST0390,Bluetooth Speaker,Electronics,3,1599,0,4797.0,2023-08-31,Debit Card,Returned,Pune
ORD01637,CUST0215,Resistance Bands,Sports,1,349,0,349.0,2023-04-09,Cash on Delivery,Delivered,Jaipur
ORD01638,CUST0323,Lip Balm Set,Beauty,3,249,0,747.0,2023-08-18,Credit Card,Delivered,Delhi
ORD01639,CUST0477,Data Science 101,Books,4,499,5,1896.2,2023-09-26,Cash on Delivery,Delivered,Hyderabad
ORD01640,CUST0149,Smart Watch,Electronics,3,3499,15,8922.45,2023-03-08,Credit Card,Delivered,Hyderabad
ORD01641,CUST0254,Yoga Mat,Sports,2,799,15,1358.3,2023-07-23,Cash on Delivery,Delivered,Ahmedabad
ORD01642,CUST0197,Yoga Mat,Sports,2,799,5,1518.1,2023-09-18,Cash on Delivery,Delivered,Chennai
ORD01643,CUST0002,Think Again,Books,3,349,0,1047.0,2023-04-05,Debit Card,Returned,Hyderabad
ORD01644,CUST0234,Resistance Bands,Sports,1,349,20,279.2,2023-09-20,Cash on Delivery,Delivered,Mumbai
ORD01645,CUST0152,Hair Oil,Beauty,3,349,0,1047.0,2023-04-23,UPI,Delivered,Pune
ORD01646,CUST0274,Yoga Mat,Sports,2,799,0,1598.0,2023-01-24,Debit Card,Delivered,Pune
ORD01647,CUST0139,Air Fryer,Home & Kitchen,2,2999,0,5998.0,2023-03-10,Credit Card,Delivered,Kolkata
ORD01648,CUST0001,Sunscreen SPF50,Beauty,2,499,10,898.2,2023-03-01,UPI,Delivered,Pune
ORD01649,CUST0485,Hair Oil,Beauty,3,349,0,1047.0,2023-02-12,Cash on Delivery,Delivered,Ahmedabad
ORD01650,CUST0167,Water Bottle,Home & Kitchen,4,299,10,1076.4,2023-05-31,Credit Card,Delivered,Lucknow
ORD01651,CUST0091,Face Serum,Beauty,3,899,0,2697.0,2023-05-24,UPI,Delivered,Bengaluru
ORD01652,CUST0196,Bluetooth Speaker,Electronics,1,1599,15,1359.15,2023-12-19,UPI,Delivered,Ahmedabad
ORD01653,CUST0113,Hair Oil,Beauty,2,349,20,558.4,2023-08-15,UPI,Returned,Chennai
ORD01654,CUST0119,Water Bottle,Home & Kitchen,4,299,0,1196.0,2023-08-17,Net Banking,Cancelled,Pune
ORD01655,CUST0093,Water Bottle,Home & Kitchen,4,299,0,1196.0,2023-09-11,Net Banking,Delivered,Chennai
ORD01656,CUST0483,Women's Kurta,Clothing,2,599,10,1078.2,2023-09-09,Debit Card,Pending,Chennai
ORD01657,CUST0454,Lip Balm Set,Beauty,1,249,0,249.0,2023-03-25,Debit Card,Delivered,Mumbai
ORD01658,CUST0037,Deep Work,Books,2,319,0,638.0,2023-03-15,Net Banking,Delivered,Jaipur
ORD01659,CUST0071,Casual Jeans,Clothing,4,999,0,3996.0,2023-09-27,Credit Card,Delivered,Ahmedabad
ORD01660,CUST0057,Yoga Mat,Sports,4,799,5,3036.2,2023-01-11,Credit Card,Delivered,Delhi
ORD01661,CUST0138,Face Serum,Beauty,2,899,0,1798.0,2023-02-12,Debit Card,Returned,Chennai
ORD01662,CUST0491,Hair Oil,Beauty,1,349,20,279.2,2023-01-05,Credit Card,Delivered,Mumbai
ORD01663,CUST0246,Skipping Rope,Sports,1,199,0,199.0,2023-03-13,Cash on Delivery,Delivered,Ahmedabad
ORD01664,CUST0080,Python Crash Course,Books,3,399,0,1197.0,2023-09-03,Debit Card,Delivered,Jaipur
ORD01665,CUST0064,Bluetooth Speaker,Electronics,3,1599,15,4077.45,2023-10-06,Credit Card,Delivered,Lucknow
ORD01666,CUST0454,Wireless Earbuds,Electronics,3,1299,0,3897.0,2023-09-19,Net Banking,Delivered,Mumbai
ORD01667,CUST0219,Men's T-Shirt,Clothing,2,399,0,798.0,2023-04-27,Net Banking,Delivered,Delhi
ORD01668,CUST0197,Running Shoes,Clothing,3,1999,0,5997.0,2023-12-17,Credit Card,Delivered,Chennai
ORD01669,CUST0490,Python Crash Course,Books,1,399,0,399.0,2023-02-22,UPI,Returned,Delhi
ORD01670,CUST0473,Air Fryer,Home & Kitchen,3,2999,0,8997.0,2023-07-04,Credit Card,Cancelled,Lucknow
ORD01671,CUST0272,Bluetooth Speaker,Electronics,2,1599,0,3198.0,2023-08-08,UPI,Delivered,Ahmedabad
ORD01672,CUST0352,Resistance Bands,Sports,4,349,0,1396.0,2023-12-08,UPI,Cancelled,Kolkata
ORD01673,CUST0470,Skipping Rope,Sports,3,199,0,597.0,2023-05-19,Net Banking,Delivered,Jaipur
ORD01674,CUST0409,Lip Balm Set,Beauty,3,249,20,597.6,2023-12-31,Credit Card,Delivered,Bengaluru
ORD01675,CUST0200,Smart Watch,Electronics,2,3499,0,6998.0,2023-03-17,Net Banking,Delivered,Kolkata
ORD01676,CUST0219,Moisturizer,Beauty,1,699,0,699.0,2023-10-23,UPI,Delivered,Delhi
ORD01677,CUST0393,Men's T-Shirt,Clothing,3,399,0,1197.0,2023-04-04,Net Banking,Pending,Mumbai
ORD01678,CUST0356,Chopping Board,Home & Kitchen,4,199,5,756.2,2023-09-04,Net Banking,Delivered,Kolkata
ORD01679,CUST0472,Skipping Rope,Sports,2,199,20,318.4,2023-12-01,Debit Card,Delivered,Hyderabad
ORD01680,CUST0253,Think Again,Books,4,349,10,1256.4,2023-10-01,Cash on Delivery,Delivered,Kolkata
ORD01681,CUST0367,Resistance Bands,Sports,4,349,0,1396.0,2023-10-25,Net Banking,Delivered,Ahmedabad
ORD01682,CUST0121,Water Sipper,Sports,2,399,15,678.3,2023-02-14,UPI,Cancelled,Lucknow
ORD01683,CUST0243,Smart Watch,Electronics,1,3499,0,3499.0,2023-10-13,Debit Card,Delivered,Hyderabad
ORD01684,CUST0151,Wireless Earbuds,Electronics,3,1299,0,3897.0,2023-03-13,Net Banking,Delivered,Bengaluru
ORD01685,CUST0424,Hoodie,Clothing,4,1199,0,4796.0,2023-04-18,Debit Card,Delivered,Pune
ORD01686,CUST0074,Smart Watch,Electronics,1,3499,15,2974.15,2023-12-27,Net Banking,Delivered,Chennai
ORD01687,CUST0360,Face Serum,Beauty,4,899,0,3596.0,2023-01-28,Credit Card,Delivered,Mumbai
ORD01688,CUST0446,Hair Oil,Beauty,1,349,5,331.55,2023-11-01,Debit Card,Delivered,Delhi
ORD01689,CUST0126,Smart Watch,Electronics,3,3499,0,10497.0,2023-02-10,Credit Card,Delivered,Hyderabad
ORD01690,CUST0241,Bluetooth Speaker,Electronics,4,1599,0,6396.0,2023-04-04,Debit Card,Delivered,Bengaluru
ORD01691,CUST0370,Hair Oil,Beauty,3,349,5,994.65,2023-07-30,UPI,Returned,Pune
ORD01692,CUST0031,Data Science 101,Books,3,499,0,1497.0,2023-03-21,Credit Card,Returned,Jaipur
ORD01693,CUST0427,Resistance Bands,Sports,2,349,0,698.0,2023-07-22,Net Banking,Delivered,Kolkata
ORD01694,CUST0157,Moisturizer,Beauty,3,699,10,1887.3,2023-09-14,Debit Card,Delivered,Mumbai
ORD01695,CUST0194,Python Crash Course,Books,3,399,0,1197.0,2023-09-25,Debit Card,Delivered,Mumbai
ORD01696,CUST0113,Sunscreen SPF50,Beauty,4,499,10,1796.4,2023-01-29,Net Banking,Delivered,Chennai
ORD01697,CUST0240,Hoodie,Clothing,1,1199,20,959.2,2023-12-21,Net Banking,Delivered,Bengaluru
ORD01698,CUST0412,Coffee Mug Set,Home & Kitchen,4,499,0,1996.0,2023-01-28,UPI,Delivered,Jaipur
ORD01699,CUST0054,Moisturizer,Beauty,2,699,0,1398.0,2023-02-25,Credit Card,Delivered,Delhi
ORD01700,CUST0145,Storage Box,Home & Kitchen,3,349,0,1047.0,2023-05-03,Debit Card,Delivered,Mumbai
ORD01701,CUST0006,Yoga Mat,Sports,1,799,0,799.0,2023-11-02,UPI,Delivered,Lucknow
ORD01702,CUST0124,Hoodie,Clothing,2,1199,15,2038.3,2023-01-17,UPI,Delivered,Pune
ORD01703,CUST0024,Bluetooth Speaker,Electronics,1,1599,10,1439.1,2023-09-05,Credit Card,Delivered,Kolkata
ORD01704,CUST0385,Air Fryer,Home & Kitchen,3,2999,0,8997.0,2023-07-02,UPI,Delivered,Pune
ORD01705,CUST0372,Deep Work,Books,2,319,0,638.0,2023-07-20,UPI,Delivered,Kolkata
ORD01706,CUST0052,Men's T-Shirt,Clothing,3,399,5,1137.15,2023-09-15,Cash on Delivery,Delivered,Mumbai
ORD01707,CUST0445,Men's T-Shirt,Clothing,4,399,5,1516.2,2023-10-28,Credit Card,Delivered,Ahmedabad
ORD01708,CUST0041,Water Bottle,Home & Kitchen,2,299,15,508.3,2023-08-26,Credit Card,Delivered,Jaipur
ORD01709,CUST0335,Sunscreen SPF50,Beauty,2,499,20,798.4,2023-12-15,Debit Card,Delivered,Lucknow
ORD01710,CUST0174,Sunscreen SPF50,Beauty,3,499,5,1422.15,2023-03-09,UPI,Delivered,Mumbai
ORD01711,CUST0397,Storage Box,Home & Kitchen,4,349,0,1396.0,2023-12-31,Net Banking,Returned,Delhi
ORD01712,CUST0322,Women's Kurta,Clothing,1,599,0,599.0,2023-10-18,Net Banking,Delivered,Pune
ORD01713,CUST0281,Wireless Earbuds,Electronics,2,1299,20,2078.4,2023-06-08,Credit Card,Delivered,Kolkata
ORD01714,CUST0479,Data Science 101,Books,4,499,0,1996.0,2023-03-28,UPI,Delivered,Chennai
ORD01715,CUST0181,Men's T-Shirt,Clothing,3,399,10,1077.3,2023-07-06,Credit Card,Delivered,Pune
ORD01716,CUST0132,Smart Watch,Electronics,4,3499,0,13996.0,2023-08-31,Net Banking,Delivered,Pune
ORD01717,CUST0021,Sunscreen SPF50,Beauty,1,499,10,449.1,2023-09-07,UPI,Delivered,Chennai
ORD01718,CUST0470,Coffee Mug Set,Home & Kitchen,4,499,20,1596.8,2023-11-14,Debit Card,Delivered,Jaipur
ORD01719,CUST0350,Atomic Habits,Books,3,299,0,897.0,2023-02-12,Net Banking,Returned,Delhi
ORD01720,CUST0318,Gym Gloves,Sports,3,299,15,762.45,2023-01-22,Credit Card,Delivered,Ahmedabad
ORD01721,CUST0149,Sunscreen SPF50,Beauty,1,499,0,499.0,2023-02-23,Net Banking,Returned,Hyderabad
ORD01722,CUST0115,Hoodie,Clothing,4,1199,20,3836.8,2023-02-07,Net Banking,Cancelled,Mumbai
ORD01723,CUST0329,Data Science 101,Books,3,499,5,1422.15,2023-08-28,Cash on Delivery,Delivered,Mumbai
ORD01724,CUST0470,Data Science 101,Books,1,499,0,499.0,2023-02-25,Net Banking,Cancelled,Jaipur
ORD01725,CUST0163,Python Crash Course,Books,4,399,0,1596.0,2023-02-03,UPI,Delivered,Jaipur
ORD01726,CUST0059,Gym Gloves,Sports,2,299,15,508.3,2023-09-01,UPI,Pending,Kolkata
ORD01727,CUST0328,Data Science 101,Books,2,499,5,948.1,2023-03-16,Debit Card,Delivered,Ahmedabad
ORD01728,CUST0032,Storage Box,Home & Kitchen,1,349,10,314.1,2023-07-14,UPI,Delivered,Bengaluru
ORD01729,CUST0445,Think Again,Books,2,349,0,698.0,2023-04-19,Credit Card,Delivered,Ahmedabad
ORD01730,CUST0091,Moisturizer,Beauty,3,699,0,2097.0,2023-11-22,Credit Card,Delivered,Bengaluru
ORD01731,CUST0153,Men's T-Shirt,Clothing,3,399,5,1137.15,2023-02-11,Net Banking,Delivered,Kolkata
ORD01732,CUST0095,Deep Work,Books,2,319,15,542.3,2023-05-13,Credit Card,Delivered,Pune
ORD01733,CUST0085,USB Hub,Electronics,3,499,20,1197.6,2023-06-02,Debit Card,Delivered,Ahmedabad
ORD01734,CUST0353,Coffee Mug Set,Home & Kitchen,4,499,5,1896.2,2023-10-02,Debit Card,Delivered,Bengaluru
ORD01735,CUST0200,Moisturizer,Beauty,3,699,15,1782.45,2023-10-20,Credit Card,Delivered,Kolkata
ORD01736,CUST0297,Water Sipper,Sports,2,399,0,798.0,2023-12-08,Cash on Delivery,Delivered,Chennai
ORD01737,CUST0460,Running Shoes,Clothing,3,1999,0,5997.0,2023-03-19,Net Banking,Pending,Bengaluru
ORD01738,CUST0209,Casual Jeans,Clothing,3,999,0,2997.0,2023-12-12,UPI,Delivered,Lucknow
ORD01739,CUST0325,Yoga Mat,Sports,4,799,20,2556.8,2023-03-06,Net Banking,Pending,Delhi
ORD01740,CUST0382,Hair Oil,Beauty,1,349,0,349.0,2023-04-22,Debit Card,Delivered,Ahmedabad
ORD01741,CUST0111,Deep Work,Books,2,319,10,574.2,2023-07-13,UPI,Delivered,Mumbai
ORD01742,CUST0009,Women's Kurta,Clothing,1,599,0,599.0,2023-07-06,UPI,Delivered,Ahmedabad
ORD01743,CUST0333,Storage Box,Home & Kitchen,1,349,15,296.65,2023-09-13,Net Banking,Returned,Lucknow
ORD01744,CUST0219,Think Again,Books,3,349,0,1047.0,2023-10-05,Cash on Delivery,Delivered,Delhi
ORD01745,CUST0192,Air Fryer,Home & Kitchen,2,2999,5,5698.1,2023-08-08,Debit Card,Delivered,Pune
ORD01746,CUST0196,Water Sipper,Sports,2,399,10,718.2,2023-08-12,UPI,Delivered,Ahmedabad
ORD01747,CUST0481,Moisturizer,Beauty,3,699,15,1782.45,2023-11-14,Credit Card,Pending,Hyderabad
ORD01748,CUST0316,Wireless Earbuds,Electronics,1,1299,15,1104.15,2023-01-09,Net Banking,Delivered,Lucknow
ORD01749,CUST0258,USB Hub,Electronics,1,499,15,424.15,2023-08-16,Cash on Delivery,Delivered,Bengaluru
ORD01750,CUST0398,Laptop Stand,Electronics,4,899,0,3596.0,2023-04-25,Net Banking,Delivered,Kolkata
ORD01751,CUST0487,Gym Gloves,Sports,1,299,0,299.0,2023-08-29,Credit Card,Delivered,Mumbai
ORD01752,CUST0361,Coffee Mug Set,Home & Kitchen,4,499,20,1596.8,2023-11-27,Net Banking,Delivered,Hyderabad
ORD01753,CUST0138,Laptop Stand,Electronics,2,899,10,1618.2,2023-05-26,UPI,Delivered,Chennai
ORD01754,CUST0017,Coffee Mug Set,Home & Kitchen,2,499,0,998.0,2023-08-01,Credit Card,Delivered,Delhi
ORD01755,CUST0420,Smart Watch,Electronics,3,3499,20,8397.6,2023-09-23,Cash on Delivery,Delivered,Pune
ORD01756,CUST0124,Chopping Board,Home & Kitchen,2,199,10,358.2,2023-08-09,Cash on Delivery,Delivered,Pune
ORD01757,CUST0411,Python Crash Course,Books,4,399,20,1276.8,2023-01-27,Cash on Delivery,Returned,Kolkata
ORD01758,CUST0207,Python Crash Course,Books,4,399,15,1356.6,2023-03-30,UPI,Returned,Hyderabad
ORD01759,CUST0364,Resistance Bands,Sports,4,349,0,1396.0,2023-02-20,Debit Card,Delivered,Kolkata
ORD01760,CUST0470,Yoga Mat,Sports,4,799,20,2556.8,2023-11-18,UPI,Delivered,Jaipur
ORD01761,CUST0048,Resistance Bands,Sports,3,349,0,1047.0,2023-02-17,Credit Card,Delivered,Hyderabad
ORD01762,CUST0363,Data Science 101,Books,2,499,0,998.0,2023-11-13,Cash on Delivery,Cancelled,Kolkata
ORD01763,CUST0233,Bluetooth Speaker,Electronics,4,1599,0,6396.0,2023-03-08,UPI,Delivered,Delhi
ORD01764,CUST0275,Women's Kurta,Clothing,2,599,0,1198.0,2023-04-10,Debit Card,Delivered,Bengaluru
ORD01765,CUST0141,Moisturizer,Beauty,3,699,15,1782.45,2023-01-27,Credit Card,Delivered,Lucknow
ORD01766,CUST0475,Men's T-Shirt,Clothing,1,399,0,399.0,2023-08-24,Cash on Delivery,Delivered,Delhi
ORD01767,CUST0459,Wireless Earbuds,Electronics,2,1299,0,2598.0,2023-05-15,Debit Card,Delivered,Delhi
ORD01768,CUST0468,Wireless Earbuds,Electronics,4,1299,20,4156.8,2023-07-05,Debit Card,Delivered,Delhi
ORD01769,CUST0212,Data Science 101,Books,4,499,20,1596.8,2023-01-12,Credit Card,Delivered,Hyderabad
ORD01770,CUST0193,Data Science 101,Books,2,499,15,848.3,2023-08-03,UPI,Delivered,Ahmedabad
ORD01771,CUST0006,Moisturizer,Beauty,2,699,0,1398.0,2023-06-02,Debit Card,Delivered,Lucknow
ORD01772,CUST0178,Hair Oil,Beauty,1,349,0,349.0,2023-06-25,Net Banking,Delivered,Delhi
ORD01773,CUST0380,Water Sipper,Sports,1,399,0,399.0,2023-09-25,UPI,Delivered,Bengaluru
ORD01774,CUST0266,Smart Watch,Electronics,1,3499,10,3149.1,2023-01-12,Cash on Delivery,Delivered,Hyderabad
ORD01775,CUST0016,Women's Kurta,Clothing,3,599,0,1797.0,2023-04-22,UPI,Cancelled,Chennai
ORD01776,CUST0482,Women's Kurta,Clothing,1,599,15,509.15,2023-12-21,Debit Card,Delivered,Lucknow
ORD01777,CUST0179,Chopping Board,Home & Kitchen,4,199,0,796.0,2023-02-17,Cash on Delivery,Delivered,Delhi
ORD01778,CUST0224,Lip Balm Set,Beauty,4,249,15,846.6,2023-09-11,Cash on Delivery,Delivered,Delhi
ORD01779,CUST0352,Python Crash Course,Books,3,399,0,1197.0,2023-04-12,UPI,Delivered,Kolkata
ORD01780,CUST0489,Data Science 101,Books,3,499,0,1497.0,2023-04-16,Net Banking,Delivered,Hyderabad
ORD01781,CUST0418,Think Again,Books,4,349,10,1256.4,2023-05-20,UPI,Delivered,Lucknow
ORD01782,CUST0291,Yoga Mat,Sports,4,799,5,3036.2,2023-04-13,UPI,Returned,Chennai
ORD01783,CUST0491,Air Fryer,Home & Kitchen,4,2999,0,11996.0,2023-01-18,Cash on Delivery,Delivered,Mumbai
ORD01784,CUST0424,Storage Box,Home & Kitchen,4,349,0,1396.0,2023-11-06,Cash on Delivery,Delivered,Pune
ORD01785,CUST0415,Coffee Mug Set,Home & Kitchen,1,499,0,499.0,2023-04-03,UPI,Delivered,Hyderabad
ORD01786,CUST0111,Python Crash Course,Books,3,399,0,1197.0,2023-02-07,UPI,Delivered,Mumbai
ORD01787,CUST0164,Water Bottle,Home & Kitchen,3,299,0,897.0,2023-01-05,Credit Card,Delivered,Hyderabad
ORD01788,CUST0408,Lip Balm Set,Beauty,2,249,5,473.1,2023-10-18,UPI,Delivered,Lucknow
ORD01789,CUST0309,Hoodie,Clothing,1,1199,5,1139.05,2023-05-26,Debit Card,Delivered,Pune
ORD01790,CUST0367,Resistance Bands,Sports,1,349,10,314.1,2023-05-23,Cash on Delivery,Delivered,Ahmedabad
ORD01791,CUST0163,Face Serum,Beauty,4,899,15,3056.6,2023-08-11,UPI,Delivered,Jaipur
ORD01792,CUST0256,Women's Kurta,Clothing,1,599,20,479.2,2023-09-10,Credit Card,Delivered,Bengaluru
ORD01793,CUST0088,Coffee Mug Set,Home & Kitchen,1,499,0,499.0,2023-08-20,Cash on Delivery,Delivered,Mumbai
ORD01794,CUST0011,Storage Box,Home & Kitchen,4,349,0,1396.0,2023-10-23,UPI,Delivered,Hyderabad
ORD01795,CUST0068,Bluetooth Speaker,Electronics,1,1599,5,1519.05,2023-05-26,Net Banking,Pending,Ahmedabad
ORD01796,CUST0009,Bluetooth Speaker,Electronics,1,1599,0,1599.0,2023-11-27,Credit Card,Delivered,Ahmedabad
ORD01797,CUST0141,Data Science 101,Books,4,499,15,1696.6,2023-06-04,UPI,Delivered,Lucknow
ORD01798,CUST0253,Coffee Mug Set,Home & Kitchen,1,499,10,449.1,2023-06-10,Cash on Delivery,Delivered,Kolkata
ORD01799,CUST0253,USB Hub,Electronics,3,499,15,1272.45,2023-08-21,Credit Card,Delivered,Kolkata
ORD01800,CUST0025,Storage Box,Home & Kitchen,1,349,0,349.0,2023-04-25,Credit Card,Delivered,Jaipur
ORD01801,CUST0371,Men's T-Shirt,Clothing,3,399,20,957.6,2023-12-19,Net Banking,Delivered,Hyderabad
ORD01802,CUST0418,Women's Kurta,Clothing,1,599,0,599.0,2023-07-08,Cash on Delivery,Pending,Lucknow
ORD01803,CUST0057,Wireless Earbuds,Electronics,3,1299,20,3117.6,2023-01-23,Credit Card,Delivered,Delhi
ORD01804,CUST0314,Air Fryer,Home & Kitchen,3,2999,0,8997.0,2023-12-19,Net Banking,Delivered,Lucknow
ORD01805,CUST0062,Water Bottle,Home & Kitchen,2,299,10,538.2,2023-08-24,Debit Card,Delivered,Kolkata
ORD01806,CUST0343,Water Bottle,Home & Kitchen,4,299,15,1016.6,2023-08-17,Credit Card,Returned,Hyderabad
ORD01807,CUST0339,Water Sipper,Sports,2,399,10,718.2,2023-09-02,Net Banking,Delivered,Ahmedabad
ORD01808,CUST0136,Chopping Board,Home & Kitchen,4,199,0,796.0,2023-02-17,UPI,Delivered,Lucknow
ORD01809,CUST0338,Face Serum,Beauty,3,899,10,2427.3,2023-05-05,Debit Card,Delivered,Jaipur
ORD01810,CUST0109,Face Serum,Beauty,1,899,5,854.05,2023-01-31,Credit Card,Delivered,Kolkata
ORD01811,CUST0097,Sunscreen SPF50,Beauty,4,499,20,1596.8,2023-07-17,Net Banking,Delivered,Jaipur
ORD01812,CUST0390,Laptop Stand,Electronics,2,899,20,1438.4,2023-10-30,Cash on Delivery,Delivered,Pune
ORD01813,CUST0336,Skipping Rope,Sports,3,199,15,507.45,2023-08-21,Debit Card,Delivered,Bengaluru
ORD01814,CUST0198,Yoga Mat,Sports,2,799,0,1598.0,2023-07-06,Net Banking,Delivered,Hyderabad
ORD01815,CUST0097,Water Sipper,Sports,2,399,20,638.4,2023-07-24,Credit Card,Delivered,Jaipur
ORD01816,CUST0488,Coffee Mug Set,Home & Kitchen,2,499,15,848.3,2023-06-07,Cash on Delivery,Delivered,Bengaluru
ORD01817,CUST0382,Face Serum,Beauty,2,899,5,1708.1,2023-02-24,Credit Card,Delivered,Ahmedabad
ORD01818,CUST0015,Men's T-Shirt,Clothing,4,399,0,1596.0,2023-05-17,Net Banking,Pending,Kolkata
ORD01819,CUST0061,Hair Oil,Beauty,4,349,0,1396.0,2023-05-16,Cash on Delivery,Returned,Hyderabad
ORD01820,CUST0204,Laptop Stand,Electronics,4,899,0,3596.0,2023-03-19,Cash on Delivery,Delivered,Kolkata
ORD01821,CUST0140,Deep Work,Books,3,319,0,957.0,2023-08-14,UPI,Cancelled,Hyderabad
ORD01822,CUST0100,Wireless Earbuds,Electronics,4,1299,15,4416.6,2023-08-05,UPI,Returned,Ahmedabad
ORD01823,CUST0272,Casual Jeans,Clothing,2,999,10,1798.2,2023-05-22,Cash on Delivery,Returned,Ahmedabad
ORD01824,CUST0026,Deep Work,Books,4,319,0,1276.0,2023-12-15,Debit Card,Delivered,Mumbai
ORD01825,CUST0295,Smart Watch,Electronics,1,3499,0,3499.0,2023-01-19,UPI,Delivered,Mumbai
ORD01826,CUST0452,Men's T-Shirt,Clothing,1,399,0,399.0,2023-04-26,Cash on Delivery,Delivered,Bengaluru
ORD01827,CUST0113,Moisturizer,Beauty,4,699,5,2656.2,2023-02-21,UPI,Delivered,Chennai
ORD01828,CUST0178,Python Crash Course,Books,2,399,20,638.4,2023-04-15,UPI,Delivered,Delhi
ORD01829,CUST0049,Hair Oil,Beauty,3,349,15,889.95,2023-01-02,Debit Card,Delivered,Pune
ORD01830,CUST0437,Water Sipper,Sports,4,399,15,1356.6,2023-06-06,Debit Card,Delivered,Ahmedabad
ORD01831,CUST0171,Running Shoes,Clothing,1,1999,0,1999.0,2023-04-06,Net Banking,Delivered,Bengaluru
ORD01832,CUST0011,Men's T-Shirt,Clothing,4,399,5,1516.2,2023-06-21,Debit Card,Delivered,Hyderabad
ORD01833,CUST0305,Air Fryer,Home & Kitchen,2,2999,15,5098.3,2023-01-05,UPI,Delivered,Bengaluru
ORD01834,CUST0242,Deep Work,Books,1,319,5,303.05,2023-05-07,Credit Card,Pending,Bengaluru
ORD01835,CUST0269,Wireless Earbuds,Electronics,3,1299,20,3117.6,2023-04-27,Cash on Delivery,Cancelled,Mumbai
ORD01836,CUST0412,Women's Kurta,Clothing,1,599,0,599.0,2023-06-05,UPI,Returned,Jaipur
ORD01837,CUST0340,Think Again,Books,3,349,10,942.3,2023-05-12,Net Banking,Pending,Lucknow
ORD01838,CUST0155,Chopping Board,Home & Kitchen,4,199,0,796.0,2023-06-30,UPI,Delivered,Jaipur
ORD01839,CUST0352,Water Sipper,Sports,4,399,0,1596.0,2023-05-19,Cash on Delivery,Pending,Kolkata
ORD01840,CUST0338,Face Serum,Beauty,2,899,5,1708.1,2023-04-23,Debit Card,Delivered,Jaipur
ORD01841,CUST0380,Coffee Mug Set,Home & Kitchen,1,499,0,499.0,2023-10-23,Net Banking,Delivered,Bengaluru
ORD01842,CUST0328,Water Bottle,Home & Kitchen,1,299,0,299.0,2023-07-13,Credit Card,Delivered,Ahmedabad
ORD01843,CUST0136,Storage Box,Home & Kitchen,4,349,10,1256.4,2023-03-31,UPI,Delivered,Lucknow
ORD01844,CUST0098,Coffee Mug Set,Home & Kitchen,4,499,0,1996.0,2023-06-08,Credit Card,Delivered,Pune
ORD01845,CUST0063,Water Sipper,Sports,3,399,20,957.6,2023-11-10,Net Banking,Delivered,Delhi
ORD01846,CUST0497,Deep Work,Books,3,319,0,957.0,2023-02-26,Credit Card,Returned,Pune
ORD01847,CUST0268,Python Crash Course,Books,4,399,15,1356.6,2023-03-18,UPI,Delivered,Hyderabad
ORD01848,CUST0148,Water Sipper,Sports,2,399,0,798.0,2023-09-07,Credit Card,Delivered,Jaipur
ORD01849,CUST0145,Air Fryer,Home & Kitchen,4,2999,0,11996.0,2023-04-22,Cash on Delivery,Returned,Mumbai
ORD01850,CUST0221,Wireless Earbuds,Electronics,4,1299,0,5196.0,2023-01-03,UPI,Delivered,Mumbai
ORD01851,CUST0180,Face Serum,Beauty,1,899,0,899.0,2023-03-12,UPI,Delivered,Kolkata
ORD01852,CUST0074,Water Sipper,Sports,2,399,0,798.0,2023-05-19,Debit Card,Delivered,Chennai
ORD01853,CUST0017,Deep Work,Books,1,319,0,319.0,2023-04-23,Net Banking,Delivered,Delhi
ORD01854,CUST0496,Water Bottle,Home & Kitchen,4,299,5,1136.2,2023-07-24,Credit Card,Delivered,Mumbai
ORD01855,CUST0224,Chopping Board,Home & Kitchen,3,199,0,597.0,2023-10-16,UPI,Cancelled,Delhi
ORD01856,CUST0214,Resistance Bands,Sports,2,349,0,698.0,2023-03-11,Cash on Delivery,Delivered,Hyderabad
ORD01857,CUST0291,Running Shoes,Clothing,3,1999,0,5997.0,2023-06-02,Net Banking,Delivered,Chennai
ORD01858,CUST0050,Resistance Bands,Sports,4,349,20,1116.8,2023-08-12,Debit Card,Cancelled,Ahmedabad
ORD01859,CUST0365,Gym Gloves,Sports,3,299,10,807.3,2023-12-17,UPI,Delivered,Chennai
ORD01860,CUST0493,Atomic Habits,Books,4,299,5,1136.2,2023-08-04,Net Banking,Delivered,Ahmedabad
ORD01861,CUST0046,Data Science 101,Books,1,499,20,399.2,2023-08-04,Debit Card,Delivered,Chennai
ORD01862,CUST0192,Skipping Rope,Sports,2,199,10,358.2,2023-09-20,Debit Card,Delivered,Pune
ORD01863,CUST0065,Water Sipper,Sports,3,399,0,1197.0,2023-07-21,Net Banking,Delivered,Delhi
ORD01864,CUST0236,Face Serum,Beauty,4,899,20,2876.8,2023-09-23,Credit Card,Delivered,Chennai
ORD01865,CUST0055,Wireless Earbuds,Electronics,3,1299,20,3117.6,2023-11-29,UPI,Delivered,Ahmedabad
ORD01866,CUST0354,Yoga Mat,Sports,3,799,10,2157.3,2023-09-04,UPI,Pending,Jaipur
ORD01867,CUST0265,Wireless Earbuds,Electronics,1,1299,15,1104.15,2023-04-15,Debit Card,Delivered,Jaipur
ORD01868,CUST0328,Gym Gloves,Sports,2,299,0,598.0,2023-12-12,Debit Card,Delivered,Ahmedabad
ORD01869,CUST0320,Chopping Board,Home & Kitchen,1,199,20,159.2,2023-09-06,Debit Card,Delivered,Delhi
ORD01870,CUST0451,Wireless Earbuds,Electronics,1,1299,0,1299.0,2023-11-06,Credit Card,Delivered,Chennai
ORD01871,CUST0243,Yoga Mat,Sports,2,799,0,1598.0,2023-02-23,Credit Card,Delivered,Hyderabad
ORD01872,CUST0154,Gym Gloves,Sports,4,299,0,1196.0,2023-03-04,Net Banking,Delivered,Ahmedabad
ORD01873,CUST0134,Python Crash Course,Books,2,399,20,638.4,2023-10-07,Cash on Delivery,Returned,Kolkata
ORD01874,CUST0326,Moisturizer,Beauty,1,699,5,664.05,2023-03-16,Credit Card,Delivered,Lucknow
ORD01875,CUST0380,Women's Kurta,Clothing,2,599,0,1198.0,2023-09-19,Cash on Delivery,Delivered,Bengaluru
ORD01876,CUST0342,Casual Jeans,Clothing,4,999,0,3996.0,2023-05-29,Credit Card,Delivered,Jaipur
ORD01877,CUST0201,Gym Gloves,Sports,3,299,15,762.45,2023-05-21,Net Banking,Delivered,Kolkata
ORD01878,CUST0076,Face Serum,Beauty,4,899,5,3416.2,2023-08-06,Credit Card,Delivered,Lucknow
ORD01879,CUST0006,Coffee Mug Set,Home & Kitchen,1,499,10,449.1,2023-07-19,Cash on Delivery,Delivered,Lucknow
ORD01880,CUST0493,Air Fryer,Home & Kitchen,4,2999,0,11996.0,2023-07-01,Debit Card,Delivered,Ahmedabad
ORD01881,CUST0184,Think Again,Books,3,349,0,1047.0,2023-03-23,Cash on Delivery,Delivered,Mumbai
ORD01882,CUST0200,Resistance Bands,Sports,3,349,15,889.95,2023-09-26,Cash on Delivery,Returned,Kolkata
ORD01883,CUST0369,Smart Watch,Electronics,2,3499,0,6998.0,2023-12-02,Cash on Delivery,Pending,Chennai
ORD01884,CUST0156,Coffee Mug Set,Home & Kitchen,2,499,0,998.0,2023-12-04,Net Banking,Returned,Chennai
ORD01885,CUST0338,USB Hub,Electronics,4,499,5,1896.2,2023-11-07,Debit Card,Returned,Jaipur
ORD01886,CUST0166,Water Sipper,Sports,3,399,0,1197.0,2023-12-24,Cash on Delivery,Delivered,Mumbai
ORD01887,CUST0016,Skipping Rope,Sports,4,199,0,796.0,2023-01-24,Debit Card,Pending,Chennai
ORD01888,CUST0244,Men's T-Shirt,Clothing,1,399,5,379.05,2023-12-14,UPI,Delivered,Ahmedabad
ORD01889,CUST0387,Women's Kurta,Clothing,1,599,0,599.0,2023-07-16,Net Banking,Pending,Chennai
ORD01890,CUST0434,Wireless Earbuds,Electronics,3,1299,0,3897.0,2023-01-20,Credit Card,Pending,Bengaluru
ORD01891,CUST0056,Atomic Habits,Books,1,299,0,299.0,2023-06-14,Net Banking,Delivered,Hyderabad
ORD01892,CUST0252,Python Crash Course,Books,2,399,0,798.0,2023-05-10,Net Banking,Pending,Hyderabad
ORD01893,CUST0223,Lip Balm Set,Beauty,2,249,0,498.0,2023-03-24,Cash on Delivery,Delivered,Jaipur
ORD01894,CUST0050,Men's T-Shirt,Clothing,1,399,15,339.15,2023-12-09,Debit Card,Delivered,Ahmedabad
ORD01895,CUST0291,Smart Watch,Electronics,1,3499,0,3499.0,2023-07-28,Cash on Delivery,Delivered,Chennai
ORD01896,CUST0271,Laptop Stand,Electronics,2,899,15,1528.3,2023-11-25,Net Banking,Delivered,Hyderabad
ORD01897,CUST0183,Women's Kurta,Clothing,4,599,10,2156.4,2023-06-30,Cash on Delivery,Delivered,Mumbai
ORD01898,CUST0321,Resistance Bands,Sports,1,349,5,331.55,2023-08-07,Net Banking,Delivered,Kolkata
ORD01899,CUST0153,Bluetooth Speaker,Electronics,1,1599,0,1599.0,2023-09-22,Credit Card,Pending,Kolkata
ORD01900,CUST0277,USB Hub,Electronics,2,499,0,998.0,2023-11-04,UPI,Delivered,Mumbai
ORD01901,CUST0200,Smart Watch,Electronics,3,3499,20,8397.6,2023-05-09,UPI,Returned,Kolkata
ORD01902,CUST0295,Smart Watch,Electronics,3,3499,0,10497.0,2023-10-01,Debit Card,Cancelled,Mumbai
ORD01903,CUST0030,Water Sipper,Sports,3,399,5,1137.15,2023-11-13,Cash on Delivery,Cancelled,Hyderabad
ORD01904,CUST0016,Face Serum,Beauty,4,899,0,3596.0,2023-12-01,Credit Card,Pending,Chennai
ORD01905,CUST0455,Coffee Mug Set,Home & Kitchen,3,499,0,1497.0,2023-06-21,Credit Card,Delivered,Ahmedabad
ORD01906,CUST0468,Women's Kurta,Clothing,3,599,20,1437.6,2023-12-06,Credit Card,Pending,Delhi
ORD01907,CUST0464,Casual Jeans,Clothing,1,999,20,799.2,2023-10-16,Cash on Delivery,Delivered,Ahmedabad
ORD01908,CUST0307,Face Serum,Beauty,3,899,0,2697.0,2023-08-02,Cash on Delivery,Delivered,Hyderabad
ORD01909,CUST0371,Bluetooth Speaker,Electronics,4,1599,0,6396.0,2023-05-19,Credit Card,Delivered,Hyderabad
ORD01910,CUST0333,Wireless Earbuds,Electronics,4,1299,10,4676.4,2023-04-26,UPI,Delivered,Lucknow
ORD01911,CUST0011,Think Again,Books,3,349,20,837.6,2023-04-27,Credit Card,Delivered,Hyderabad
ORD01912,CUST0378,Smart Watch,Electronics,4,3499,15,11896.6,2023-12-17,Credit Card,Delivered,Delhi
ORD01913,CUST0357,Gym Gloves,Sports,1,299,5,284.05,2023-07-13,Debit Card,Delivered,Lucknow
ORD01914,CUST0061,Think Again,Books,2,349,0,698.0,2023-08-13,Cash on Delivery,Delivered,Hyderabad
ORD01915,CUST0471,Chopping Board,Home & Kitchen,2,199,0,398.0,2023-08-12,Credit Card,Delivered,Pune
ORD01916,CUST0117,Women's Kurta,Clothing,1,599,10,539.1,2023-01-06,Net Banking,Delivered,Lucknow
ORD01917,CUST0448,Hair Oil,Beauty,1,349,20,279.2,2023-01-08,Debit Card,Delivered,Mumbai
ORD01918,CUST0093,Wireless Earbuds,Electronics,1,1299,0,1299.0,2023-08-13,UPI,Delivered,Chennai
ORD01919,CUST0456,Laptop Stand,Electronics,3,899,10,2427.3,2023-12-02,Debit Card,Delivered,Lucknow
ORD01920,CUST0063,Water Bottle,Home & Kitchen,4,299,5,1136.2,2023-12-03,Credit Card,Delivered,Delhi
ORD01921,CUST0377,Laptop Stand,Electronics,2,899,5,1708.1,2023-12-28,UPI,Cancelled,Hyderabad
ORD01922,CUST0150,Casual Jeans,Clothing,3,999,0,2997.0,2023-10-10,Debit Card,Delivered,Jaipur
ORD01923,CUST0258,Skipping Rope,Sports,3,199,15,507.45,2023-10-05,Credit Card,Delivered,Bengaluru
ORD01924,CUST0249,Laptop Stand,Electronics,4,899,15,3056.6,2023-11-15,UPI,Delivered,Hyderabad
ORD01925,CUST0119,Smart Watch,Electronics,2,3499,20,5598.4,2023-09-24,UPI,Delivered,Pune
ORD01926,CUST0372,Hair Oil,Beauty,2,349,0,698.0,2023-07-10,Debit Card,Returned,Kolkata
ORD01927,CUST0488,Smart Watch,Electronics,4,3499,15,11896.6,2023-08-21,Credit Card,Delivered,Bengaluru
ORD01928,CUST0302,USB Hub,Electronics,1,499,0,499.0,2023-05-23,Net Banking,Delivered,Ahmedabad
ORD01929,CUST0197,Air Fryer,Home & Kitchen,1,2999,0,2999.0,2023-11-09,Net Banking,Delivered,Chennai
ORD01930,CUST0115,USB Hub,Electronics,4,499,5,1896.2,2023-01-23,Debit Card,Delivered,Mumbai
ORD01931,CUST0339,Python Crash Course,Books,4,399,10,1436.4,2023-01-27,UPI,Delivered,Ahmedabad
ORD01932,CUST0387,Bluetooth Speaker,Electronics,3,1599,0,4797.0,2023-11-08,UPI,Delivered,Chennai
ORD01933,CUST0175,Storage Box,Home & Kitchen,2,349,20,558.4,2023-01-15,Cash on Delivery,Delivered,Ahmedabad
ORD01934,CUST0284,Think Again,Books,1,349,20,279.2,2023-02-25,Net Banking,Delivered,Bengaluru
ORD01935,CUST0369,Lip Balm Set,Beauty,4,249,5,946.2,2023-10-21,Cash on Delivery,Delivered,Chennai
ORD01936,CUST0382,Skipping Rope,Sports,2,199,5,378.1,2023-08-28,Debit Card,Cancelled,Ahmedabad
ORD01937,CUST0487,Men's T-Shirt,Clothing,3,399,20,957.6,2023-12-16,UPI,Pending,Mumbai
ORD01938,CUST0203,Smart Watch,Electronics,3,3499,0,10497.0,2023-10-20,Credit Card,Delivered,Jaipur
ORD01939,CUST0129,Skipping Rope,Sports,3,199,0,597.0,2023-12-04,Cash on Delivery,Delivered,Pune
ORD01940,CUST0165,Wireless Earbuds,Electronics,3,1299,10,3507.3,2023-12-05,UPI,Delivered,Mumbai
ORD01941,CUST0005,Casual Jeans,Clothing,4,999,0,3996.0,2023-08-14,Net Banking,Delivered,Pune
ORD01942,CUST0112,Laptop Stand,Electronics,4,899,15,3056.6,2023-10-12,Net Banking,Delivered,Bengaluru
ORD01943,CUST0283,Bluetooth Speaker,Electronics,1,1599,0,1599.0,2023-11-09,UPI,Cancelled,Kolkata
ORD01944,CUST0133,USB Hub,Electronics,2,499,0,998.0,2023-05-22,Net Banking,Pending,Bengaluru
ORD01945,CUST0336,Women's Kurta,Clothing,2,599,0,1198.0,2023-11-13,Credit Card,Delivered,Bengaluru
ORD01946,CUST0260,Men's T-Shirt,Clothing,1,399,0,399.0,2023-12-17,Net Banking,Delivered,Delhi
ORD01947,CUST0032,Skipping Rope,Sports,1,199,10,179.1,2023-04-27,UPI,Returned,Bengaluru
ORD01948,CUST0308,Air Fryer,Home & Kitchen,3,2999,10,8097.3,2023-01-23,Debit Card,Delivered,Chennai
ORD01949,CUST0058,Air Fryer,Home & Kitchen,1,2999,10,2699.1,2023-08-16,Cash on Delivery,Delivered,Kolkata
ORD01950,CUST0191,Smart Watch,Electronics,2,3499,0,6998.0,2023-10-20,Net Banking,Delivered,Hyderabad
ORD01951,CUST0168,USB Hub,Electronics,3,499,0,1497.0,2023-01-13,Cash on Delivery,Delivered,Hyderabad
ORD01952,CUST0241,Chopping Board,Home & Kitchen,4,199,15,676.6,2023-07-11,UPI,Delivered,Bengaluru
ORD01953,CUST0149,Yoga Mat,Sports,2,799,0,1598.0,2023-01-23,Debit Card,Delivered,Hyderabad
ORD01954,CUST0414,Yoga Mat,Sports,1,799,10,719.1,2023-04-19,UPI,Cancelled,Mumbai
ORD01955,CUST0426,Water Sipper,Sports,3,399,0,1197.0,2023-07-13,Cash on Delivery,Delivered,Lucknow
ORD01956,CUST0041,Smart Watch,Electronics,4,3499,20,11196.8,2023-11-29,Credit Card,Delivered,Jaipur
ORD01957,CUST0434,Hoodie,Clothing,4,1199,10,4316.4,2023-03-04,Cash on Delivery,Delivered,Bengaluru
ORD01958,CUST0267,Bluetooth Speaker,Electronics,4,1599,15,5436.6,2023-09-26,Net Banking,Delivered,Mumbai
ORD01959,CUST0151,Chopping Board,Home & Kitchen,2,199,20,318.4,2023-10-22,Debit Card,Delivered,Bengaluru
ORD01960,CUST0162,Water Bottle,Home & Kitchen,3,299,0,897.0,2023-08-22,Credit Card,Delivered,Ahmedabad
ORD01961,CUST0186,Sunscreen SPF50,Beauty,4,499,15,1696.6,2023-07-29,Credit Card,Cancelled,Delhi
ORD01962,CUST0248,Storage Box,Home & Kitchen,1,349,0,349.0,2023-12-01,Cash on Delivery,Delivered,Ahmedabad
ORD01963,CUST0424,Casual Jeans,Clothing,4,999,0,3996.0,2023-10-19,Debit Card,Pending,Pune
ORD01964,CUST0341,Resistance Bands,Sports,4,349,15,1186.6,2023-10-27,Debit Card,Delivered,Pune
ORD01965,CUST0061,Skipping Rope,Sports,3,199,0,597.0,2023-06-10,Credit Card,Delivered,Hyderabad
ORD01966,CUST0324,Think Again,Books,2,349,10,628.2,2023-09-11,Debit Card,Delivered,Lucknow
ORD01967,CUST0215,Casual Jeans,Clothing,1,999,0,999.0,2023-03-03,UPI,Delivered,Jaipur
ORD01968,CUST0427,Gym Gloves,Sports,1,299,0,299.0,2023-01-18,Net Banking,Delivered,Kolkata
ORD01969,CUST0444,Smart Watch,Electronics,1,3499,0,3499.0,2023-09-21,Cash on Delivery,Delivered,Hyderabad
ORD01970,CUST0357,Think Again,Books,3,349,0,1047.0,2023-07-25,Cash on Delivery,Delivered,Lucknow
ORD01971,CUST0303,Running Shoes,Clothing,1,1999,0,1999.0,2023-06-22,Cash on Delivery,Cancelled,Mumbai
ORD01972,CUST0487,Yoga Mat,Sports,1,799,0,799.0,2023-07-01,Net Banking,Cancelled,Mumbai
ORD01973,CUST0359,Think Again,Books,4,349,0,1396.0,2023-09-02,Debit Card,Cancelled,Kolkata
ORD01974,CUST0304,Sunscreen SPF50,Beauty,1,499,0,499.0,2023-01-04,Cash on Delivery,Delivered,Chennai
ORD01975,CUST0091,Coffee Mug Set,Home & Kitchen,4,499,0,1996.0,2023-08-13,Cash on Delivery,Returned,Bengaluru
ORD01976,CUST0119,Hair Oil,Beauty,3,349,20,837.6,2023-02-19,UPI,Delivered,Pune
ORD01977,CUST0460,Atomic Habits,Books,1,299,10,269.1,2023-09-23,Cash on Delivery,Delivered,Bengaluru
ORD01978,CUST0197,Water Sipper,Sports,4,399,0,1596.0,2023-06-15,UPI,Delivered,Chennai
ORD01979,CUST0221,Women's Kurta,Clothing,1,599,20,479.2,2023-04-18,Cash on Delivery,Delivered,Mumbai
ORD01980,CUST0146,Storage Box,Home & Kitchen,3,349,0,1047.0,2023-06-27,Debit Card,Delivered,Mumbai
ORD01981,CUST0115,Laptop Stand,Electronics,3,899,5,2562.15,2023-08-13,Debit Card,Delivered,Mumbai
ORD01982,CUST0143,Chopping Board,Home & Kitchen,1,199,0,199.0,2023-12-08,Debit Card,Returned,Jaipur
ORD01983,CUST0463,Smart Watch,Electronics,2,3499,0,6998.0,2023-11-03,Credit Card,Delivered,Lucknow
ORD01984,CUST0427,Water Sipper,Sports,2,399,0,798.0,2023-09-08,Credit Card,Delivered,Kolkata
ORD01985,CUST0375,Water Bottle,Home & Kitchen,3,299,10,807.3,2023-08-07,Net Banking,Delivered,Pune
ORD01986,CUST0367,Resistance Bands,Sports,4,349,0,1396.0,2023-02-26,Credit Card,Cancelled,Ahmedabad
ORD01987,CUST0443,Think Again,Books,4,349,0,1396.0,2023-02-14,Debit Card,Delivered,Mumbai
ORD01988,CUST0382,Air Fryer,Home & Kitchen,3,2999,20,7197.6,2023-02-10,Debit Card,Delivered,Ahmedabad
ORD01989,CUST0172,Face Serum,Beauty,3,899,0,2697.0,2023-09-17,UPI,Returned,Mumbai
ORD01990,CUST0162,Deep Work,Books,1,319,15,271.15,2023-12-19,Credit Card,Returned,Ahmedabad
ORD01991,CUST0339,Data Science 101,Books,3,499,0,1497.0,2023-10-13,Credit Card,Delivered,Ahmedabad
ORD01992,CUST0193,Face Serum,Beauty,2,899,0,1798.0,2023-10-28,Debit Card,Delivered,Ahmedabad
ORD01993,CUST0249,Sunscreen SPF50,Beauty,3,499,5,1422.15,2023-03-19,Debit Card,Delivered,Hyderabad
ORD01994,CUST0326,Moisturizer,Beauty,3,699,0,2097.0,2023-04-12,Credit Card,Delivered,Lucknow
ORD01995,CUST0252,Resistance Bands,Sports,1,349,5,331.55,2023-02-04,Cash on Delivery,Delivered,Hyderabad
ORD01996,CUST0353,Resistance Bands,Sports,2,349,0,698.0,2023-08-03,UPI,Cancelled,Bengaluru
ORD01997,CUST0248,Gym Gloves,Sports,2,299,15,508.3,2023-06-28,Cash on Delivery,Delivered,Ahmedabad
ORD01998,CUST0449,Sunscreen SPF50,Beauty,3,499,20,1197.6,2023-04-29,UPI,Delivered,Mumbai
ORD01999,CUST0201,Moisturizer,Beauty,4,699,20,2236.8,2023-11-19,Cash on Delivery,Delivered,Kolkata
ORD02000,CUST0113,Storage Box,Home & Kitchen,4,349,0,1396.0,2023-02-19,Credit Card,Delivered,Chennai
ORD02001,CUST0340,Coffee Mug Set,Home & Kitchen,4,499,0,1996.0,2023-05-07,Net Banking,Delivered,Lucknow
ORD02002,CUST0059,Smart Watch,Electronics,4,3499,0,13996.0,2023-12-05,UPI,Delivered,Kolkata
ORD02003,CUST0431,Moisturizer,Beauty,2,699,20,1118.4,2023-09-05,Net Banking,Delivered,Hyderabad
ORD02004,CUST0138,Gym Gloves,Sports,2,299,0,598.0,2023-05-29,Cash on Delivery,Delivered,Chennai
ORD02005,CUST0134,Casual Jeans,Clothing,1,999,10,899.1,2023-06-15,UPI,Delivered,Kolkata
ORD02006,CUST0134,Think Again,Books,4,349,5,1326.2,2023-07-24,Credit Card,Delivered,Kolkata
ORD02007,CUST0420,Coffee Mug Set,Home & Kitchen,2,499,0,998.0,2023-11-22,Credit Card,Pending,Pune
ORD02008,CUST0449,Coffee Mug Set,Home & Kitchen,4,499,0,1996.0,2023-10-21,Debit Card,Delivered,Mumbai
ORD02009,CUST0169,Resistance Bands,Sports,1,349,10,314.1,2023-11-09,Debit Card,Delivered,Pune
ORD02010,CUST0411,Water Sipper,Sports,1,399,15,339.15,2023-01-11,Net Banking,Delivered,Kolkata
ORD02011,CUST0033,Laptop Stand,Electronics,3,899,20,2157.6,2023-10-11,Credit Card,Delivered,Chennai
ORD02012,CUST0081,Resistance Bands,Sports,3,349,10,942.3,2023-04-12,Cash on Delivery,Delivered,Pune
ORD02013,CUST0467,Python Crash Course,Books,3,399,20,957.6,2023-03-24,UPI,Delivered,Lucknow
ORD02014,CUST0482,Coffee Mug Set,Home & Kitchen,2,499,10,898.2,2023-05-08,Credit Card,Pending,Lucknow
ORD02015,CUST0406,Wireless Earbuds,Electronics,1,1299,10,1169.1,2023-07-23,Net Banking,Delivered,Pune
ORD02016,CUST0118,Smart Watch,Electronics,3,3499,0,10497.0,2023-01-13,Debit Card,Delivered,Pune
ORD02017,CUST0336,Laptop Stand,Electronics,1,899,20,719.2,2023-07-13,Net Banking,Delivered,Bengaluru
ORD02018,CUST0259,Running Shoes,Clothing,1,1999,0,1999.0,2023-02-07,Net Banking,Returned,Jaipur
ORD02019,CUST0406,Wireless Earbuds,Electronics,2,1299,0,2598.0,2023-10-29,Net Banking,Delivered,Pune
ORD02020,CUST0218,Hoodie,Clothing,3,1199,20,2877.6,2023-06-15,Cash on Delivery,Delivered,Pune
ORD02021,CUST0104,Face Serum,Beauty,3,899,0,2697.0,2023-08-23,Credit Card,Delivered,Pune
ORD02022,CUST0220,Storage Box,Home & Kitchen,4,349,5,1326.2,2023-05-30,Credit Card,Delivered,Ahmedabad
ORD02023,CUST0465,Casual Jeans,Clothing,3,999,5,2847.15,2023-05-26,Cash on Delivery,Returned,Lucknow
ORD02024,CUST0373,Resistance Bands,Sports,4,349,0,1396.0,2023-09-12,Net Banking,Delivered,Hyderabad
ORD02025,CUST0296,Storage Box,Home & Kitchen,1,349,5,331.55,2023-04-25,Credit Card,Delivered,Mumbai
ORD02026,CUST0289,Python Crash Course,Books,4,399,0,1596.0,2023-09-02,Credit Card,Cancelled,Mumbai
ORD02027,CUST0500,Lip Balm Set,Beauty,3,249,0,747.0,2023-11-19,Credit Card,Returned,Bengaluru
ORD02028,CUST0304,Bluetooth Speaker,Electronics,2,1599,0,3198.0,2023-09-08,Debit Card,Pending,Chennai
ORD02029,CUST0268,Smart Watch,Electronics,4,3499,10,12596.4,2023-08-31,Cash on Delivery,Delivered,Hyderabad
ORD02030,CUST0160,Men's T-Shirt,Clothing,4,399,0,1596.0,2023-07-30,UPI,Delivered,Ahmedabad
ORD02031,CUST0307,Men's T-Shirt,Clothing,3,399,15,1017.45,2023-10-17,Net Banking,Delivered,Hyderabad
ORD02032,CUST0407,Laptop Stand,Electronics,2,899,20,1438.4,2023-10-15,Net Banking,Delivered,Bengaluru
ORD02033,CUST0165,Gym Gloves,Sports,3,299,15,762.45,2023-05-01,Net Banking,Delivered,Mumbai
ORD02034,CUST0359,Moisturizer,Beauty,1,699,0,699.0,2023-08-06,Credit Card,Delivered,Kolkata
ORD02035,CUST0384,Python Crash Course,Books,1,399,0,399.0,2023-09-24,Credit Card,Delivered,Lucknow
ORD02036,CUST0020,Women's Kurta,Clothing,4,599,20,1916.8,2023-02-28,Net Banking,Delivered,Delhi
ORD02037,CUST0215,Python Crash Course,Books,4,399,0,1596.0,2023-10-08,Net Banking,Returned,Jaipur
ORD02038,CUST0369,Laptop Stand,Electronics,1,899,5,854.05,2023-05-31,UPI,Delivered,Chennai
ORD02039,CUST0085,Skipping Rope,Sports,3,199,10,537.3,2023-11-29,Debit Card,Pending,Ahmedabad
ORD02040,CUST0488,Storage Box,Home & Kitchen,2,349,20,558.4,2023-11-11,UPI,Delivered,Bengaluru
ORD02041,CUST0108,Water Sipper,Sports,3,399,5,1137.15,2023-08-25,UPI,Delivered,Ahmedabad
ORD02042,CUST0006,Sunscreen SPF50,Beauty,2,499,10,898.2,2023-08-31,UPI,Delivered,Lucknow
ORD02043,CUST0003,Python Crash Course,Books,2,399,5,758.1,2023-02-04,UPI,Delivered,Ahmedabad
ORD02044,CUST0276,Sunscreen SPF50,Beauty,2,499,15,848.3,2023-02-18,Net Banking,Delivered,Mumbai
ORD02045,CUST0305,Air Fryer,Home & Kitchen,1,2999,10,2699.1,2023-08-28,Debit Card,Delivered,Bengaluru
ORD02046,CUST0008,Laptop Stand,Electronics,2,899,0,1798.0,2023-11-18,Debit Card,Delivered,Pune
ORD02047,CUST0189,Chopping Board,Home & Kitchen,4,199,10,716.4,2023-06-06,Cash on Delivery,Delivered,Kolkata
ORD02048,CUST0079,Atomic Habits,Books,2,299,0,598.0,2023-10-31,Credit Card,Delivered,Mumbai
ORD02049,CUST0289,Sunscreen SPF50,Beauty,3,499,0,1497.0,2023-05-15,Credit Card,Delivered,Mumbai
ORD02050,CUST0396,Hoodie,Clothing,4,1199,0,4796.0,2023-10-22,Cash on Delivery,Cancelled,Mumbai
ORD02051,CUST0002,Skipping Rope,Sports,4,199,0,796.0,2023-03-28,Debit Card,Returned,Hyderabad
ORD02052,CUST0244,Men's T-Shirt,Clothing,2,399,0,798.0,2023-03-26,Credit Card,Delivered,Ahmedabad
ORD02053,CUST0414,Air Fryer,Home & Kitchen,1,2999,0,2999.0,2023-09-19,Net Banking,Delivered,Mumbai
ORD02054,CUST0390,Think Again,Books,3,349,0,1047.0,2023-09-14,Credit Card,Delivered,Pune
ORD02055,CUST0362,Hoodie,Clothing,4,1199,5,4556.2,2023-07-17,Net Banking,Cancelled,Lucknow
ORD02056,CUST0453,Chopping Board,Home & Kitchen,3,199,10,537.3,2023-02-10,Cash on Delivery,Delivered,Mumbai
ORD02057,CUST0431,Women's Kurta,Clothing,3,599,15,1527.45,2023-03-15,Net Banking,Delivered,Hyderabad
ORD02058,CUST0351,Gym Gloves,Sports,4,299,15,1016.6,2023-05-09,Credit Card,Cancelled,Pune
ORD02059,CUST0444,Gym Gloves,Sports,3,299,0,897.0,2023-01-13,UPI,Delivered,Hyderabad
ORD02060,CUST0287,Atomic Habits,Books,4,299,0,1196.0,2023-11-12,Debit Card,Returned,Delhi
ORD02061,CUST0101,Atomic Habits,Books,2,299,15,508.3,2023-01-06,Net Banking,Delivered,Delhi
ORD02062,CUST0159,Storage Box,Home & Kitchen,2,349,0,698.0,2023-10-28,UPI,Delivered,Lucknow
ORD02063,CUST0311,Laptop Stand,Electronics,3,899,10,2427.3,2023-01-07,UPI,Delivered,Bengaluru
ORD02064,CUST0357,Laptop Stand,Electronics,4,899,5,3416.2,2023-01-23,UPI,Pending,Lucknow
ORD02065,CUST0312,Air Fryer,Home & Kitchen,1,2999,20,2399.2,2023-08-30,Net Banking,Returned,Delhi
ORD02066,CUST0385,Python Crash Course,Books,4,399,15,1356.6,2023-11-28,Cash on Delivery,Delivered,Pune
ORD02067,CUST0458,Wireless Earbuds,Electronics,3,1299,0,3897.0,2023-11-10,Debit Card,Delivered,Bengaluru
ORD02068,CUST0428,Sunscreen SPF50,Beauty,2,499,0,998.0,2023-08-03,Credit Card,Delivered,Chennai
ORD02069,CUST0440,USB Hub,Electronics,1,499,0,499.0,2023-02-19,Cash on Delivery,Cancelled,Ahmedabad
ORD02070,CUST0435,Water Bottle,Home & Kitchen,1,299,0,299.0,2023-12-11,UPI,Delivered,Lucknow
ORD02071,CUST0482,Sunscreen SPF50,Beauty,3,499,10,1347.3,2023-01-08,Net Banking,Delivered,Lucknow
ORD02072,CUST0076,Data Science 101,Books,1,499,0,499.0,2023-09-14,UPI,Delivered,Lucknow
ORD02073,CUST0312,Smart Watch,Electronics,4,3499,0,13996.0,2023-05-22,Debit Card,Returned,Delhi
ORD02074,CUST0383,Hair Oil,Beauty,4,349,0,1396.0,2023-11-22,Credit Card,Delivered,Bengaluru
ORD02075,CUST0239,Chopping Board,Home & Kitchen,3,199,0,597.0,2023-06-24,Cash on Delivery,Delivered,Jaipur
ORD02076,CUST0471,Face Serum,Beauty,4,899,0,3596.0,2023-03-01,Credit Card,Delivered,Pune
ORD02077,CUST0321,Men's T-Shirt,Clothing,2,399,0,798.0,2023-10-30,Credit Card,Returned,Kolkata
ORD02078,CUST0236,Men's T-Shirt,Clothing,2,399,15,678.3,2023-07-11,Credit Card,Delivered,Chennai
ORD02079,CUST0329,Sunscreen SPF50,Beauty,3,499,20,1197.6,2023-12-15,Debit Card,Delivered,Mumbai
ORD02080,CUST0362,Sunscreen SPF50,Beauty,3,499,0,1497.0,2023-07-14,UPI,Pending,Lucknow
ORD02081,CUST0212,Running Shoes,Clothing,2,1999,10,3598.2,2023-06-11,Debit Card,Delivered,Hyderabad
ORD02082,CUST0133,Running Shoes,Clothing,2,1999,0,3998.0,2023-06-01,Net Banking,Delivered,Bengaluru
ORD02083,CUST0187,Air Fryer,Home & Kitchen,4,2999,0,11996.0,2023-10-24,UPI,Delivered,Chennai
ORD02084,CUST0352,Hair Oil,Beauty,4,349,20,1116.8,2023-11-20,Debit Card,Returned,Kolkata
ORD02085,CUST0292,Bluetooth Speaker,Electronics,4,1599,0,6396.0,2023-10-03,Debit Card,Delivered,Bengaluru
ORD02086,CUST0408,Moisturizer,Beauty,3,699,15,1782.45,2023-12-16,UPI,Pending,Lucknow
ORD02087,CUST0396,Running Shoes,Clothing,3,1999,0,5997.0,2023-09-20,Debit Card,Delivered,Mumbai
ORD02088,CUST0473,Water Bottle,Home & Kitchen,4,299,0,1196.0,2023-01-17,Credit Card,Delivered,Lucknow
ORD02089,CUST0301,Resistance Bands,Sports,4,349,0,1396.0,2023-08-28,UPI,Delivered,Chennai
ORD02090,CUST0462,Storage Box,Home & Kitchen,4,349,15,1186.6,2023-10-29,Credit Card,Cancelled,Mumbai
ORD02091,CUST0082,Air Fryer,Home & Kitchen,3,2999,20,7197.6,2023-01-05,Net Banking,Delivered,Jaipur
ORD02092,CUST0096,Atomic Habits,Books,3,299,15,762.45,2023-02-21,UPI,Returned,Lucknow
ORD02093,CUST0386,Water Bottle,Home & Kitchen,4,299,10,1076.4,2023-04-06,Credit Card,Delivered,Lucknow
ORD02094,CUST0356,Deep Work,Books,4,319,10,1148.4,2023-10-22,Net Banking,Delivered,Kolkata
ORD02095,CUST0130,Moisturizer,Beauty,4,699,20,2236.8,2023-05-05,UPI,Delivered,Pune
ORD02096,CUST0154,Skipping Rope,Sports,4,199,15,676.6,2023-07-25,Credit Card,Cancelled,Ahmedabad
ORD02097,CUST0397,Hoodie,Clothing,1,1199,5,1139.05,2023-08-07,UPI,Delivered,Delhi
ORD02098,CUST0086,Gym Gloves,Sports,1,299,0,299.0,2023-09-20,UPI,Delivered,Ahmedabad
ORD02099,CUST0067,Water Sipper,Sports,2,399,10,718.2,2023-03-13,UPI,Delivered,Hyderabad
ORD02100,CUST0411,Wireless Earbuds,Electronics,3,1299,20,3117.6,2023-03-14,UPI,Cancelled,Kolkata
ORD02101,CUST0338,Think Again,Books,2,349,5,663.1,2023-01-01,Debit Card,Delivered,Jaipur
ORD02102,CUST0095,Women's Kurta,Clothing,3,599,0,1797.0,2023-02-11,Debit Card,Returned,Pune
ORD02103,CUST0079,Casual Jeans,Clothing,1,999,15,849.15,2023-05-06,Cash on Delivery,Delivered,Mumbai
ORD02104,CUST0052,Air Fryer,Home & Kitchen,4,2999,0,11996.0,2023-06-26,Net Banking,Delivered,Mumbai
ORD02105,CUST0193,Gym Gloves,Sports,2,299,5,568.1,2023-12-09,Net Banking,Delivered,Ahmedabad
ORD02106,CUST0163,Sunscreen SPF50,Beauty,1,499,5,474.05,2023-03-07,Debit Card,Returned,Jaipur
ORD02107,CUST0374,Atomic Habits,Books,3,299,20,717.6,2023-12-12,Net Banking,Cancelled,Bengaluru
ORD02108,CUST0343,Gym Gloves,Sports,1,299,0,299.0,2023-09-08,Cash on Delivery,Delivered,Hyderabad
ORD02109,CUST0189,Smart Watch,Electronics,2,3499,20,5598.4,2023-05-01,UPI,Delivered,Kolkata
ORD02110,CUST0385,Storage Box,Home & Kitchen,1,349,10,314.1,2023-11-03,Net Banking,Delivered,Pune
ORD02111,CUST0023,Smart Watch,Electronics,2,3499,5,6648.1,2023-04-07,Debit Card,Delivered,Lucknow
ORD02112,CUST0335,Coffee Mug Set,Home & Kitchen,1,499,0,499.0,2023-07-16,Debit Card,Delivered,Lucknow
ORD02113,CUST0346,Python Crash Course,Books,3,399,0,1197.0,2023-07-18,Net Banking,Delivered,Ahmedabad
ORD02114,CUST0204,Laptop Stand,Electronics,4,899,0,3596.0,2023-03-25,Cash on Delivery,Delivered,Kolkata
ORD02115,CUST0376,USB Hub,Electronics,1,499,0,499.0,2023-12-18,Credit Card,Delivered,Ahmedabad
ORD02116,CUST0066,Moisturizer,Beauty,1,699,0,699.0,2023-06-13,Cash on Delivery,Delivered,Lucknow
ORD02117,CUST0335,Gym Gloves,Sports,4,299,0,1196.0,2023-09-06,Net Banking,Delivered,Lucknow
ORD02118,CUST0380,Data Science 101,Books,3,499,5,1422.15,2023-05-13,Credit Card,Delivered,Bengaluru
ORD02119,CUST0365,Gym Gloves,Sports,3,299,20,717.6,2023-08-31,UPI,Delivered,Chennai
ORD02120,CUST0218,Skipping Rope,Sports,1,199,20,159.2,2023-04-02,Cash on Delivery,Returned,Pune
ORD02121,CUST0486,Data Science 101,Books,2,499,0,998.0,2023-06-22,Cash on Delivery,Delivered,Bengaluru
ORD02122,CUST0238,Water Bottle,Home & Kitchen,4,299,5,1136.2,2023-01-25,UPI,Delivered,Jaipur
ORD02123,CUST0026,Wireless Earbuds,Electronics,4,1299,5,4936.2,2023-07-07,Cash on Delivery,Delivered,Mumbai
ORD02124,CUST0346,Lip Balm Set,Beauty,3,249,5,709.65,2023-06-22,UPI,Delivered,Ahmedabad
ORD02125,CUST0183,Bluetooth Speaker,Electronics,3,1599,0,4797.0,2023-05-31,Net Banking,Delivered,Mumbai
ORD02126,CUST0019,USB Hub,Electronics,3,499,0,1497.0,2023-11-22,Cash on Delivery,Delivered,Kolkata
ORD02127,CUST0128,Laptop Stand,Electronics,1,899,10,809.1,2023-07-22,Debit Card,Cancelled,Chennai
ORD02128,CUST0325,Bluetooth Speaker,Electronics,1,1599,0,1599.0,2023-03-16,Net Banking,Delivered,Delhi
ORD02129,CUST0317,Atomic Habits,Books,3,299,5,852.15,2023-12-19,Debit Card,Delivered,Bengaluru
ORD02130,CUST0168,Hair Oil,Beauty,4,349,0,1396.0,2023-02-09,UPI,Delivered,Hyderabad
ORD02131,CUST0372,Smart Watch,Electronics,1,3499,5,3324.05,2023-09-20,Credit Card,Delivered,Kolkata
ORD02132,CUST0095,Chopping Board,Home & Kitchen,4,199,5,756.2,2023-01-12,UPI,Delivered,Pune
ORD02133,CUST0293,Face Serum,Beauty,4,899,0,3596.0,2023-04-09,UPI,Delivered,Hyderabad
ORD02134,CUST0192,Storage Box,Home & Kitchen,2,349,15,593.3,2023-01-26,Cash on Delivery,Delivered,Pune
ORD02135,CUST0399,Python Crash Course,Books,4,399,0,1596.0,2023-12-19,Debit Card,Delivered,Jaipur
ORD02136,CUST0466,Storage Box,Home & Kitchen,1,349,10,314.1,2023-07-24,Debit Card,Delivered,Lucknow
ORD02137,CUST0107,Lip Balm Set,Beauty,3,249,0,747.0,2023-07-28,Credit Card,Delivered,Bengaluru
ORD02138,CUST0307,Python Crash Course,Books,3,399,0,1197.0,2023-08-25,UPI,Pending,Hyderabad
ORD02139,CUST0167,Smart Watch,Electronics,2,3499,0,6998.0,2023-12-30,Debit Card,Delivered,Lucknow
ORD02140,CUST0312,Bluetooth Speaker,Electronics,3,1599,15,4077.45,2023-12-31,Net Banking,Delivered,Delhi
ORD02141,CUST0244,Gym Gloves,Sports,3,299,10,807.3,2023-07-19,Cash on Delivery,Delivered,Ahmedabad
ORD02142,CUST0422,Laptop Stand,Electronics,3,899,0,2697.0,2023-06-27,Net Banking,Pending,Mumbai
ORD02143,CUST0358,Casual Jeans,Clothing,4,999,0,3996.0,2023-09-30,Debit Card,Delivered,Lucknow
ORD02144,CUST0339,Moisturizer,Beauty,3,699,5,1992.15,2023-01-17,Cash on Delivery,Delivered,Ahmedabad
ORD02145,CUST0383,USB Hub,Electronics,3,499,0,1497.0,2023-04-17,Cash on Delivery,Delivered,Bengaluru
ORD02146,CUST0232,Chopping Board,Home & Kitchen,3,199,20,477.6,2023-06-11,Net Banking,Delivered,Mumbai
ORD02147,CUST0290,Smart Watch,Electronics,2,3499,10,6298.2,2023-06-30,Net Banking,Delivered,Mumbai
ORD02148,CUST0121,Data Science 101,Books,3,499,10,1347.3,2023-09-09,Net Banking,Delivered,Lucknow
ORD02149,CUST0050,Resistance Bands,Sports,4,349,10,1256.4,2023-03-05,Net Banking,Delivered,Ahmedabad
ORD02150,CUST0092,Women's Kurta,Clothing,1,599,10,539.1,2023-05-29,Debit Card,Delivered,Mumbai
ORD02151,CUST0215,Moisturizer,Beauty,4,699,0,2796.0,2023-04-22,Cash on Delivery,Delivered,Jaipur
ORD02152,CUST0341,Chopping Board,Home & Kitchen,3,199,15,507.45,2023-02-24,UPI,Delivered,Pune
ORD02153,CUST0254,Water Sipper,Sports,4,399,0,1596.0,2023-07-26,Net Banking,Delivered,Ahmedabad
ORD02154,CUST0205,Coffee Mug Set,Home & Kitchen,2,499,20,798.4,2023-04-01,UPI,Delivered,Bengaluru
ORD02155,CUST0336,Bluetooth Speaker,Electronics,3,1599,20,3837.6,2023-08-26,Debit Card,Delivered,Bengaluru
ORD02156,CUST0215,Face Serum,Beauty,4,899,10,3236.4,2023-12-01,Net Banking,Pending,Jaipur
ORD02157,CUST0071,Python Crash Course,Books,1,399,10,359.1,2023-04-25,Cash on Delivery,Delivered,Ahmedabad
ORD02158,CUST0375,Water Sipper,Sports,1,399,10,359.1,2023-10-20,Net Banking,Delivered,Pune
ORD02159,CUST0321,Laptop Stand,Electronics,2,899,0,1798.0,2023-10-19,Net Banking,Delivered,Kolkata
ORD02160,CUST0453,Face Serum,Beauty,3,899,0,2697.0,2023-11-04,Net Banking,Pending,Mumbai
ORD02161,CUST0235,Water Sipper,Sports,2,399,20,638.4,2023-03-24,UPI,Delivered,Chennai
ORD02162,CUST0472,Sunscreen SPF50,Beauty,2,499,5,948.1,2023-12-31,Debit Card,Delivered,Hyderabad
ORD02163,CUST0106,Water Bottle,Home & Kitchen,3,299,0,897.0,2023-01-16,Cash on Delivery,Delivered,Chennai
ORD02164,CUST0228,Think Again,Books,2,349,15,593.3,2023-11-05,Debit Card,Delivered,Pune
ORD02165,CUST0429,Casual Jeans,Clothing,1,999,20,799.2,2023-11-06,UPI,Delivered,Hyderabad
ORD02166,CUST0004,Women's Kurta,Clothing,4,599,15,2036.6,2023-02-05,Credit Card,Delivered,Chennai
ORD02167,CUST0037,Moisturizer,Beauty,4,699,20,2236.8,2023-07-17,Net Banking,Delivered,Jaipur
ORD02168,CUST0332,Storage Box,Home & Kitchen,1,349,15,296.65,2023-11-07,Cash on Delivery,Pending,Pune
ORD02169,CUST0150,Face Serum,Beauty,4,899,5,3416.2,2023-01-31,Net Banking,Delivered,Jaipur
ORD02170,CUST0323,Face Serum,Beauty,3,899,5,2562.15,2023-09-19,Net Banking,Delivered,Delhi
ORD02171,CUST0389,Data Science 101,Books,1,499,0,499.0,2023-05-15,Cash on Delivery,Delivered,Chennai
ORD02172,CUST0174,Smart Watch,Electronics,3,3499,5,9972.15,2023-12-03,Debit Card,Delivered,Mumbai
ORD02173,CUST0169,Casual Jeans,Clothing,2,999,0,1998.0,2023-02-19,Credit Card,Delivered,Pune
ORD02174,CUST0176,Think Again,Books,2,349,20,558.4,2023-05-14,UPI,Delivered,Mumbai
ORD02175,CUST0359,Moisturizer,Beauty,3,699,20,1677.6,2023-08-19,UPI,Delivered,Kolkata
ORD02176,CUST0076,Skipping Rope,Sports,1,199,20,159.2,2023-03-13,Cash on Delivery,Cancelled,Lucknow
ORD02177,CUST0186,Air Fryer,Home & Kitchen,2,2999,0,5998.0,2023-10-16,UPI,Cancelled,Delhi
ORD02178,CUST0345,Water Bottle,Home & Kitchen,3,299,5,852.15,2023-08-14,UPI,Delivered,Mumbai
ORD02179,CUST0440,Women's Kurta,Clothing,2,599,10,1078.2,2023-05-30,Net Banking,Delivered,Ahmedabad
ORD02180,CUST0299,Water Bottle,Home & Kitchen,1,299,20,239.2,2023-04-19,UPI,Cancelled,Bengaluru
ORD02181,CUST0370,Hoodie,Clothing,1,1199,0,1199.0,2023-07-06,Cash on Delivery,Delivered,Pune
ORD02182,CUST0461,Hair Oil,Beauty,4,349,5,1326.2,2023-11-13,Debit Card,Cancelled,Pune
ORD02183,CUST0194,Water Bottle,Home & Kitchen,3,299,10,807.3,2023-07-11,Net Banking,Delivered,Mumbai
ORD02184,CUST0460,Sunscreen SPF50,Beauty,4,499,0,1996.0,2023-09-05,Net Banking,Delivered,Bengaluru
ORD02185,CUST0106,Wireless Earbuds,Electronics,3,1299,0,3897.0,2023-06-08,Debit Card,Delivered,Chennai
ORD02186,CUST0183,Running Shoes,Clothing,1,1999,15,1699.15,2023-04-11,Net Banking,Delivered,Mumbai
ORD02187,CUST0460,Deep Work,Books,1,319,20,255.2,2023-09-26,Debit Card,Delivered,Bengaluru
ORD02188,CUST0205,Sunscreen SPF50,Beauty,3,499,15,1272.45,2023-01-17,Credit Card,Delivered,Bengaluru
ORD02189,CUST0493,Storage Box,Home & Kitchen,1,349,0,349.0,2023-10-11,Cash on Delivery,Delivered,Ahmedabad
ORD02190,CUST0229,Hair Oil,Beauty,1,349,20,279.2,2023-01-29,Cash on Delivery,Delivered,Lucknow
ORD02191,CUST0354,Resistance Bands,Sports,2,349,0,698.0,2023-04-04,Debit Card,Delivered,Jaipur
ORD02192,CUST0137,Casual Jeans,Clothing,2,999,0,1998.0,2023-11-08,Cash on Delivery,Pending,Jaipur
ORD02193,CUST0464,Air Fryer,Home & Kitchen,2,2999,15,5098.3,2023-02-02,Debit Card,Delivered,Ahmedabad
ORD02194,CUST0125,Skipping Rope,Sports,1,199,0,199.0,2023-04-27,Cash on Delivery,Returned,Mumbai
ORD02195,CUST0452,Gym Gloves,Sports,4,299,0,1196.0,2023-10-02,Credit Card,Delivered,Bengaluru
ORD02196,CUST0227,Air Fryer,Home & Kitchen,2,2999,5,5698.1,2023-03-01,Credit Card,Delivered,Bengaluru
ORD02197,CUST0111,Python Crash Course,Books,1,399,10,359.1,2023-10-29,Cash on Delivery,Pending,Mumbai
ORD02198,CUST0441,Atomic Habits,Books,1,299,10,269.1,2023-08-09,Credit Card,Delivered,Pune
ORD02199,CUST0315,Moisturizer,Beauty,2,699,10,1258.2,2023-11-22,Net Banking,Delivered,Kolkata
ORD02200,CUST0253,Laptop Stand,Electronics,4,899,10,3236.4,2023-05-19,Debit Card,Delivered,Kolkata
ORD02201,CUST0488,Storage Box,Home & Kitchen,4,349,10,1256.4,2023-05-26,UPI,Delivered,Bengaluru
ORD02202,CUST0348,Storage Box,Home & Kitchen,2,349,0,698.0,2023-05-21,Cash on Delivery,Delivered,Pune
ORD02203,CUST0250,Skipping Rope,Sports,4,199,0,796.0,2023-04-04,Credit Card,Cancelled,Mumbai
ORD02204,CUST0092,Storage Box,Home & Kitchen,4,349,5,1326.2,2023-03-25,Credit Card,Delivered,Mumbai
ORD02205,CUST0176,Atomic Habits,Books,1,299,20,239.2,2023-08-15,Cash on Delivery,Delivered,Mumbai
ORD02206,CUST0110,Women's Kurta,Clothing,1,599,20,479.2,2023-04-29,UPI,Delivered,Bengaluru
ORD02207,CUST0242,Skipping Rope,Sports,3,199,20,477.6,2023-09-29,Credit Card,Delivered,Bengaluru
ORD02208,CUST0080,Lip Balm Set,Beauty,2,249,10,448.2,2023-12-11,UPI,Delivered,Jaipur
ORD02209,CUST0437,Women's Kurta,Clothing,4,599,20,1916.8,2023-03-29,Debit Card,Delivered,Ahmedabad
ORD02210,CUST0335,Resistance Bands,Sports,3,349,10,942.3,2023-08-31,Cash on Delivery,Delivered,Lucknow
ORD02211,CUST0479,Atomic Habits,Books,2,299,0,598.0,2023-08-30,UPI,Delivered,Chennai
ORD02212,CUST0425,Water Bottle,Home & Kitchen,3,299,0,897.0,2023-07-01,UPI,Delivered,Lucknow
ORD02213,CUST0391,Atomic Habits,Books,4,299,10,1076.4,2023-07-21,Net Banking,Delivered,Jaipur
ORD02214,CUST0331,USB Hub,Electronics,1,499,5,474.05,2023-07-01,Debit Card,Delivered,Kolkata
ORD02215,CUST0104,Atomic Habits,Books,1,299,20,239.2,2023-12-27,Debit Card,Delivered,Pune
ORD02216,CUST0013,Lip Balm Set,Beauty,3,249,20,597.6,2023-07-11,UPI,Cancelled,Ahmedabad
ORD02217,CUST0379,Think Again,Books,3,349,10,942.3,2023-10-14,Debit Card,Delivered,Lucknow
ORD02218,CUST0055,Hoodie,Clothing,4,1199,20,3836.8,2023-05-21,Credit Card,Delivered,Ahmedabad
ORD02219,CUST0483,Women's Kurta,Clothing,3,599,15,1527.45,2023-09-03,Cash on Delivery,Delivered,Chennai
ORD02220,CUST0250,Data Science 101,Books,4,499,15,1696.6,2023-12-28,Debit Card,Delivered,Mumbai
ORD02221,CUST0029,Storage Box,Home & Kitchen,4,349,0,1396.0,2023-02-21,UPI,Delivered,Pune
ORD02222,CUST0057,Storage Box,Home & Kitchen,3,349,5,994.65,2023-05-26,Net Banking,Delivered,Delhi
ORD02223,CUST0423,Men's T-Shirt,Clothing,3,399,20,957.6,2023-07-31,Debit Card,Delivered,Chennai
ORD02224,CUST0288,Hoodie,Clothing,3,1199,10,3237.3,2023-04-13,Credit Card,Delivered,Chennai
ORD02225,CUST0391,Python Crash Course,Books,3,399,10,1077.3,2023-10-07,UPI,Delivered,Jaipur
ORD02226,CUST0072,Water Sipper,Sports,3,399,15,1017.45,2023-01-12,Credit Card,Delivered,Chennai
ORD02227,CUST0383,Lip Balm Set,Beauty,3,249,20,597.6,2023-08-17,Debit Card,Delivered,Bengaluru
ORD02228,CUST0186,Running Shoes,Clothing,4,1999,0,7996.0,2023-08-24,UPI,Delivered,Delhi
ORD02229,CUST0072,Running Shoes,Clothing,3,1999,10,5397.3,2023-01-12,Credit Card,Pending,Chennai
ORD02230,CUST0409,Moisturizer,Beauty,4,699,5,2656.2,2023-09-07,Credit Card,Returned,Bengaluru
ORD02231,CUST0224,Yoga Mat,Sports,3,799,0,2397.0,2023-10-17,Credit Card,Returned,Delhi
ORD02232,CUST0171,Skipping Rope,Sports,4,199,0,796.0,2023-10-22,Credit Card,Returned,Bengaluru
ORD02233,CUST0273,Face Serum,Beauty,1,899,10,809.1,2023-02-27,Debit Card,Cancelled,Ahmedabad
ORD02234,CUST0098,Yoga Mat,Sports,4,799,10,2876.4,2023-11-29,Credit Card,Delivered,Pune
ORD02235,CUST0456,Moisturizer,Beauty,3,699,5,1992.15,2023-08-20,Debit Card,Delivered,Lucknow
ORD02236,CUST0295,Lip Balm Set,Beauty,1,249,0,249.0,2023-11-28,UPI,Delivered,Mumbai
ORD02237,CUST0295,Deep Work,Books,4,319,0,1276.0,2023-07-25,UPI,Delivered,Mumbai
ORD02238,CUST0116,Bluetooth Speaker,Electronics,4,1599,0,6396.0,2023-01-05,UPI,Delivered,Chennai
ORD02239,CUST0300,Python Crash Course,Books,3,399,20,957.6,2023-04-25,UPI,Delivered,Jaipur
ORD02240,CUST0474,Gym Gloves,Sports,2,299,20,478.4,2023-10-22,UPI,Delivered,Chennai
ORD02241,CUST0106,Hair Oil,Beauty,2,349,0,698.0,2023-03-17,UPI,Delivered,Chennai
ORD02242,CUST0484,Men's T-Shirt,Clothing,1,399,10,359.1,2023-11-05,Credit Card,Cancelled,Jaipur
ORD02243,CUST0446,Hoodie,Clothing,3,1199,0,3597.0,2023-06-17,UPI,Delivered,Delhi
ORD02244,CUST0218,Women's Kurta,Clothing,2,599,0,1198.0,2023-03-25,UPI,Delivered,Pune
ORD02245,CUST0450,Women's Kurta,Clothing,3,599,0,1797.0,2023-03-12,Net Banking,Delivered,Bengaluru
ORD02246,CUST0195,USB Hub,Electronics,1,499,5,474.05,2023-04-17,Credit Card,Delivered,Kolkata
ORD02247,CUST0395,Think Again,Books,4,349,0,1396.0,2023-04-16,Net Banking,Cancelled,Lucknow
ORD02248,CUST0468,Yoga Mat,Sports,1,799,0,799.0,2023-09-17,Cash on Delivery,Delivered,Delhi
ORD02249,CUST0062,Hair Oil,Beauty,1,349,0,349.0,2023-04-18,Net Banking,Returned,Kolkata
ORD02250,CUST0213,Hair Oil,Beauty,3,349,15,889.95,2023-06-12,Debit Card,Delivered,Pune
ORD02251,CUST0261,Men's T-Shirt,Clothing,3,399,5,1137.15,2023-05-11,Credit Card,Delivered,Delhi
ORD02252,CUST0205,Data Science 101,Books,1,499,5,474.05,2023-08-04,Credit Card,Delivered,Bengaluru
ORD02253,CUST0223,Chopping Board,Home & Kitchen,3,199,20,477.6,2023-02-03,UPI,Delivered,Jaipur
ORD02254,CUST0488,Men's T-Shirt,Clothing,4,399,5,1516.2,2023-01-09,UPI,Delivered,Bengaluru
ORD02255,CUST0091,Lip Balm Set,Beauty,1,249,0,249.0,2023-05-08,Cash on Delivery,Delivered,Bengaluru
ORD02256,CUST0241,Smart Watch,Electronics,2,3499,0,6998.0,2023-12-22,Credit Card,Delivered,Bengaluru
ORD02257,CUST0151,Bluetooth Speaker,Electronics,2,1599,20,2558.4,2023-12-05,UPI,Cancelled,Bengaluru
ORD02258,CUST0090,Gym Gloves,Sports,2,299,5,568.1,2023-03-30,Cash on Delivery,Delivered,Bengaluru
ORD02259,CUST0016,Women's Kurta,Clothing,3,599,0,1797.0,2023-03-25,Net Banking,Returned,Chennai
ORD02260,CUST0466,Running Shoes,Clothing,4,1999,15,6796.6,2023-07-11,UPI,Delivered,Lucknow
ORD02261,CUST0170,Skipping Rope,Sports,1,199,20,159.2,2023-01-14,Credit Card,Delivered,Delhi
ORD02262,CUST0277,Data Science 101,Books,2,499,5,948.1,2023-01-24,Net Banking,Delivered,Mumbai
ORD02263,CUST0008,Water Sipper,Sports,2,399,0,798.0,2023-02-21,UPI,Delivered,Pune
ORD02264,CUST0496,Men's T-Shirt,Clothing,4,399,0,1596.0,2023-02-27,Net Banking,Delivered,Mumbai
ORD02265,CUST0415,Think Again,Books,4,349,0,1396.0,2023-11-05,Credit Card,Delivered,Hyderabad
ORD02266,CUST0166,Coffee Mug Set,Home & Kitchen,4,499,0,1996.0,2023-03-07,Cash on Delivery,Delivered,Mumbai
ORD02267,CUST0384,Storage Box,Home & Kitchen,1,349,5,331.55,2023-09-10,Cash on Delivery,Cancelled,Lucknow
ORD02268,CUST0413,Women's Kurta,Clothing,2,599,10,1078.2,2023-03-08,Debit Card,Delivered,Chennai
ORD02269,CUST0145,Men's T-Shirt,Clothing,1,399,15,339.15,2023-07-26,Cash on Delivery,Delivered,Mumbai
ORD02270,CUST0374,Smart Watch,Electronics,2,3499,0,6998.0,2023-04-05,UPI,Delivered,Bengaluru
ORD02271,CUST0168,Coffee Mug Set,Home & Kitchen,3,499,20,1197.6,2023-03-09,Net Banking,Delivered,Hyderabad
ORD02272,CUST0324,Water Bottle,Home & Kitchen,1,299,15,254.15,2023-07-17,Credit Card,Delivered,Lucknow
ORD02273,CUST0018,Women's Kurta,Clothing,1,599,0,599.0,2023-11-21,Debit Card,Delivered,Ahmedabad
ORD02274,CUST0247,Casual Jeans,Clothing,3,999,0,2997.0,2023-10-20,Net Banking,Delivered,Mumbai
ORD02275,CUST0233,Water Bottle,Home & Kitchen,4,299,5,1136.2,2023-04-20,Cash on Delivery,Delivered,Delhi
ORD02276,CUST0336,Storage Box,Home & Kitchen,4,349,0,1396.0,2023-05-24,Cash on Delivery,Delivered,Bengaluru
ORD02277,CUST0414,Chopping Board,Home & Kitchen,2,199,0,398.0,2023-06-24,Net Banking,Delivered,Mumbai
ORD02278,CUST0391,Gym Gloves,Sports,1,299,15,254.15,2023-06-25,Cash on Delivery,Cancelled,Jaipur
ORD02279,CUST0014,Air Fryer,Home & Kitchen,3,2999,5,8547.15,2023-11-25,Cash on Delivery,Returned,Bengaluru
ORD02280,CUST0062,Men's T-Shirt,Clothing,2,399,5,758.1,2023-02-26,Cash on Delivery,Delivered,Kolkata
ORD02281,CUST0158,Lip Balm Set,Beauty,2,249,20,398.4,2023-06-27,Net Banking,Delivered,Bengaluru
ORD02282,CUST0094,Deep Work,Books,1,319,20,255.2,2023-09-16,Net Banking,Delivered,Lucknow
ORD02283,CUST0114,Resistance Bands,Sports,2,349,20,558.4,2023-12-15,Credit Card,Delivered,Bengaluru
ORD02284,CUST0269,Running Shoes,Clothing,2,1999,10,3598.2,2023-09-29,Credit Card,Delivered,Mumbai
ORD02285,CUST0086,Skipping Rope,Sports,2,199,15,338.3,2023-09-29,UPI,Delivered,Ahmedabad
ORD02286,CUST0440,Men's T-Shirt,Clothing,2,399,15,678.3,2023-11-21,Cash on Delivery,Delivered,Ahmedabad
ORD02287,CUST0143,Women's Kurta,Clothing,4,599,20,1916.8,2023-04-14,Credit Card,Delivered,Jaipur
ORD02288,CUST0458,Atomic Habits,Books,4,299,10,1076.4,2023-08-04,Net Banking,Delivered,Bengaluru
ORD02289,CUST0001,Atomic Habits,Books,2,299,15,508.3,2023-06-03,Credit Card,Returned,Pune
ORD02290,CUST0305,Storage Box,Home & Kitchen,3,349,0,1047.0,2023-11-10,Credit Card,Returned,Bengaluru
ORD02291,CUST0422,USB Hub,Electronics,2,499,0,998.0,2023-09-04,Debit Card,Delivered,Mumbai
ORD02292,CUST0201,Casual Jeans,Clothing,2,999,15,1698.3,2023-08-03,Cash on Delivery,Cancelled,Kolkata
ORD02293,CUST0494,Women's Kurta,Clothing,3,599,0,1797.0,2023-04-26,UPI,Pending,Pune
ORD02294,CUST0484,Casual Jeans,Clothing,1,999,15,849.15,2023-10-27,Debit Card,Delivered,Jaipur
ORD02295,CUST0390,Casual Jeans,Clothing,2,999,15,1698.3,2023-05-22,UPI,Delivered,Pune
ORD02296,CUST0396,Wireless Earbuds,Electronics,3,1299,10,3507.3,2023-02-22,Cash on Delivery,Delivered,Mumbai
ORD02297,CUST0278,Python Crash Course,Books,4,399,0,1596.0,2023-03-05,Cash on Delivery,Cancelled,Bengaluru
ORD02298,CUST0449,Python Crash Course,Books,1,399,20,319.2,2023-06-24,UPI,Cancelled,Mumbai
ORD02299,CUST0239,USB Hub,Electronics,3,499,0,1497.0,2023-11-17,Net Banking,Delivered,Jaipur
ORD02300,CUST0116,Resistance Bands,Sports,4,349,20,1116.8,2023-05-30,Cash on Delivery,Delivered,Chennai
ORD02301,CUST0254,Wireless Earbuds,Electronics,3,1299,0,3897.0,2023-12-07,Net Banking,Delivered,Ahmedabad
ORD02302,CUST0432,Data Science 101,Books,1,499,20,399.2,2023-05-24,UPI,Delivered,Lucknow
ORD02303,CUST0429,Storage Box,Home & Kitchen,3,349,5,994.65,2023-12-08,UPI,Delivered,Hyderabad
ORD02304,CUST0125,Air Fryer,Home & Kitchen,1,2999,0,2999.0,2023-09-06,Cash on Delivery,Returned,Mumbai
ORD02305,CUST0054,Python Crash Course,Books,4,399,15,1356.6,2023-05-17,Net Banking,Delivered,Delhi
ORD02306,CUST0446,Water Sipper,Sports,4,399,10,1436.4,2023-09-23,Net Banking,Returned,Delhi
ORD02307,CUST0489,Bluetooth Speaker,Electronics,1,1599,10,1439.1,2023-11-26,Credit Card,Returned,Hyderabad
ORD02308,CUST0185,Yoga Mat,Sports,1,799,20,639.2,2023-05-03,Cash on Delivery,Delivered,Bengaluru
ORD02309,CUST0368,Hair Oil,Beauty,4,349,20,1116.8,2023-07-21,Credit Card,Delivered,Chennai
ORD02310,CUST0020,Coffee Mug Set,Home & Kitchen,4,499,10,1796.4,2023-09-25,Net Banking,Delivered,Delhi
ORD02311,CUST0093,Moisturizer,Beauty,1,699,0,699.0,2023-10-18,Credit Card,Delivered,Chennai
ORD02312,CUST0411,Lip Balm Set,Beauty,1,249,0,249.0,2023-07-31,Credit Card,Delivered,Kolkata
ORD02313,CUST0177,Moisturizer,Beauty,3,699,0,2097.0,2023-12-16,UPI,Delivered,Mumbai
ORD02314,CUST0167,Running Shoes,Clothing,4,1999,20,6396.8,2023-01-25,Net Banking,Delivered,Lucknow
ORD02315,CUST0395,Lip Balm Set,Beauty,2,249,0,498.0,2023-10-13,Cash on Delivery,Delivered,Lucknow
ORD02316,CUST0400,Lip Balm Set,Beauty,4,249,20,796.8,2023-06-28,Debit Card,Delivered,Ahmedabad
ORD02317,CUST0276,Data Science 101,Books,3,499,0,1497.0,2023-11-12,Debit Card,Delivered,Mumbai
ORD02318,CUST0328,Chopping Board,Home & Kitchen,1,199,15,169.15,2023-02-16,Net Banking,Delivered,Ahmedabad
ORD02319,CUST0388,Storage Box,Home & Kitchen,4,349,15,1186.6,2023-04-06,Net Banking,Delivered,Lucknow
ORD02320,CUST0413,Running Shoes,Clothing,4,1999,0,7996.0,2023-06-22,Net Banking,Delivered,Chennai
ORD02321,CUST0058,Water Bottle,Home & Kitchen,2,299,0,598.0,2023-01-09,Debit Card,Delivered,Kolkata
ORD02322,CUST0276,Skipping Rope,Sports,3,199,20,477.6,2023-10-14,Debit Card,Delivered,Mumbai
ORD02323,CUST0047,Deep Work,Books,1,319,0,319.0,2023-02-17,Cash on Delivery,Delivered,Delhi
ORD02324,CUST0273,Moisturizer,Beauty,3,699,0,2097.0,2023-06-24,UPI,Delivered,Ahmedabad
ORD02325,CUST0315,Python Crash Course,Books,4,399,0,1596.0,2023-05-31,Cash on Delivery,Delivered,Kolkata
ORD02326,CUST0126,Laptop Stand,Electronics,2,899,5,1708.1,2023-01-21,Cash on Delivery,Cancelled,Hyderabad
ORD02327,CUST0427,Running Shoes,Clothing,1,1999,5,1899.05,2023-04-25,Debit Card,Delivered,Kolkata
ORD02328,CUST0075,Women's Kurta,Clothing,4,599,15,2036.6,2023-04-21,Credit Card,Delivered,Ahmedabad
ORD02329,CUST0248,Water Bottle,Home & Kitchen,1,299,20,239.2,2023-11-10,Net Banking,Delivered,Ahmedabad
ORD02330,CUST0435,Deep Work,Books,2,319,5,606.1,2023-04-06,Cash on Delivery,Delivered,Lucknow
ORD02331,CUST0362,Gym Gloves,Sports,4,299,15,1016.6,2023-05-14,UPI,Delivered,Lucknow
ORD02332,CUST0164,Coffee Mug Set,Home & Kitchen,3,499,0,1497.0,2023-05-01,Cash on Delivery,Delivered,Hyderabad
ORD02333,CUST0127,Air Fryer,Home & Kitchen,2,2999,0,5998.0,2023-12-26,Cash on Delivery,Delivered,Hyderabad
ORD02334,CUST0363,Resistance Bands,Sports,1,349,20,279.2,2023-09-17,Net Banking,Delivered,Kolkata
ORD02335,CUST0117,Skipping Rope,Sports,1,199,20,159.2,2023-11-06,UPI,Delivered,Lucknow
ORD02336,CUST0295,Hair Oil,Beauty,2,349,5,663.1,2023-05-18,Credit Card,Delivered,Mumbai
ORD02337,CUST0224,Deep Work,Books,4,319,5,1212.2,2023-10-30,Credit Card,Delivered,Delhi
ORD02338,CUST0030,Men's T-Shirt,Clothing,4,399,10,1436.4,2023-11-29,UPI,Pending,Hyderabad
ORD02339,CUST0034,Python Crash Course,Books,1,399,15,339.15,2023-07-01,UPI,Delivered,Bengaluru
ORD02340,CUST0252,Skipping Rope,Sports,1,199,15,169.15,2023-11-03,Net Banking,Delivered,Hyderabad
ORD02341,CUST0232,Sunscreen SPF50,Beauty,4,499,0,1996.0,2023-12-05,UPI,Delivered,Mumbai
ORD02342,CUST0409,Skipping Rope,Sports,3,199,0,597.0,2023-10-19,Cash on Delivery,Delivered,Bengaluru
ORD02343,CUST0498,Python Crash Course,Books,3,399,20,957.6,2023-01-04,Cash on Delivery,Delivered,Pune
ORD02344,CUST0315,Laptop Stand,Electronics,1,899,20,719.2,2023-02-06,Credit Card,Delivered,Kolkata
ORD02345,CUST0128,Gym Gloves,Sports,2,299,15,508.3,2023-04-10,Cash on Delivery,Delivered,Chennai
ORD02346,CUST0374,Women's Kurta,Clothing,1,599,15,509.15,2023-09-11,Credit Card,Delivered,Bengaluru
ORD02347,CUST0359,Air Fryer,Home & Kitchen,1,2999,5,2849.05,2023-10-21,Net Banking,Delivered,Kolkata
ORD02348,CUST0094,Think Again,Books,4,349,0,1396.0,2023-06-25,Credit Card,Delivered,Lucknow
ORD02349,CUST0451,Chopping Board,Home & Kitchen,2,199,15,338.3,2023-08-09,UPI,Cancelled,Chennai
ORD02350,CUST0103,Data Science 101,Books,2,499,0,998.0,2023-07-25,Debit Card,Delivered,Pune
ORD02351,CUST0269,Air Fryer,Home & Kitchen,3,2999,5,8547.15,2023-02-18,UPI,Delivered,Mumbai
ORD02352,CUST0350,Bluetooth Speaker,Electronics,1,1599,10,1439.1,2023-01-31,UPI,Delivered,Delhi
ORD02353,CUST0003,Smart Watch,Electronics,1,3499,10,3149.1,2023-01-07,UPI,Delivered,Ahmedabad
ORD02354,CUST0289,Atomic Habits,Books,1,299,20,239.2,2023-10-18,UPI,Delivered,Mumbai
ORD02355,CUST0256,Smart Watch,Electronics,2,3499,15,5948.3,2023-11-14,Debit Card,Delivered,Bengaluru
ORD02356,CUST0468,Resistance Bands,Sports,3,349,0,1047.0,2023-12-16,Debit Card,Delivered,Delhi
ORD02357,CUST0434,Skipping Rope,Sports,2,199,5,378.1,2023-12-28,Debit Card,Delivered,Bengaluru
ORD02358,CUST0020,Resistance Bands,Sports,4,349,0,1396.0,2023-11-15,Cash on Delivery,Delivered,Delhi
ORD02359,CUST0350,Laptop Stand,Electronics,3,899,0,2697.0,2023-06-28,Debit Card,Delivered,Delhi
ORD02360,CUST0099,Water Sipper,Sports,2,399,0,798.0,2023-09-12,Cash on Delivery,Cancelled,Jaipur
ORD02361,CUST0281,Hoodie,Clothing,3,1199,5,3417.15,2023-12-04,Net Banking,Delivered,Kolkata
ORD02362,CUST0188,Data Science 101,Books,1,499,0,499.0,2023-05-07,Debit Card,Delivered,Lucknow
ORD02363,CUST0022,Casual Jeans,Clothing,2,999,20,1598.4,2023-07-26,UPI,Delivered,Mumbai
ORD02364,CUST0047,USB Hub,Electronics,1,499,20,399.2,2023-09-24,UPI,Delivered,Delhi
ORD02365,CUST0330,Water Sipper,Sports,4,399,20,1276.8,2023-10-07,Debit Card,Returned,Jaipur
ORD02366,CUST0150,Chopping Board,Home & Kitchen,2,199,5,378.1,2023-04-12,Net Banking,Delivered,Jaipur
ORD02367,CUST0013,Think Again,Books,4,349,0,1396.0,2023-09-09,Net Banking,Delivered,Ahmedabad
ORD02368,CUST0157,Laptop Stand,Electronics,4,899,10,3236.4,2023-07-19,Net Banking,Delivered,Mumbai
ORD02369,CUST0158,Air Fryer,Home & Kitchen,1,2999,0,2999.0,2023-02-15,Cash on Delivery,Delivered,Bengaluru
ORD02370,CUST0379,Hair Oil,Beauty,2,349,15,593.3,2023-06-10,Credit Card,Delivered,Lucknow
ORD02371,CUST0097,Yoga Mat,Sports,1,799,0,799.0,2023-07-17,UPI,Delivered,Jaipur
ORD02372,CUST0269,Yoga Mat,Sports,4,799,15,2716.6,2023-09-18,Debit Card,Delivered,Mumbai
ORD02373,CUST0235,Skipping Rope,Sports,1,199,0,199.0,2023-02-20,Debit Card,Delivered,Chennai
ORD02374,CUST0254,Running Shoes,Clothing,1,1999,15,1699.15,2023-04-15,Debit Card,Delivered,Ahmedabad
ORD02375,CUST0106,Water Sipper,Sports,1,399,0,399.0,2023-07-15,Credit Card,Returned,Chennai
ORD02376,CUST0091,Air Fryer,Home & Kitchen,2,2999,15,5098.3,2023-06-19,Net Banking,Returned,Bengaluru
ORD02377,CUST0073,Running Shoes,Clothing,4,1999,0,7996.0,2023-03-21,Cash on Delivery,Returned,Delhi
ORD02378,CUST0293,Hoodie,Clothing,3,1199,5,3417.15,2023-12-15,UPI,Delivered,Hyderabad
ORD02379,CUST0213,Running Shoes,Clothing,4,1999,15,6796.6,2023-01-06,Net Banking,Delivered,Pune
ORD02380,CUST0130,Atomic Habits,Books,2,299,20,478.4,2023-09-07,Cash on Delivery,Returned,Pune
ORD02381,CUST0066,USB Hub,Electronics,1,499,15,424.15,2023-08-18,Debit Card,Delivered,Lucknow
ORD02382,CUST0035,Wireless Earbuds,Electronics,1,1299,0,1299.0,2023-09-08,Debit Card,Delivered,Pune
ORD02383,CUST0490,Skipping Rope,Sports,2,199,15,338.3,2023-05-12,Net Banking,Returned,Delhi
ORD02384,CUST0134,Storage Box,Home & Kitchen,3,349,0,1047.0,2023-10-19,Credit Card,Cancelled,Kolkata
ORD02385,CUST0434,USB Hub,Electronics,2,499,0,998.0,2023-10-12,Net Banking,Delivered,Bengaluru
ORD02386,CUST0056,Women's Kurta,Clothing,1,599,5,569.05,2023-09-03,Credit Card,Delivered,Hyderabad
ORD02387,CUST0391,Men's T-Shirt,Clothing,4,399,0,1596.0,2023-02-12,Credit Card,Delivered,Jaipur
ORD02388,CUST0227,Casual Jeans,Clothing,3,999,5,2847.15,2023-03-15,Cash on Delivery,Returned,Bengaluru
ORD02389,CUST0372,Bluetooth Speaker,Electronics,2,1599,20,2558.4,2023-04-18,UPI,Cancelled,Kolkata
ORD02390,CUST0441,Bluetooth Speaker,Electronics,1,1599,0,1599.0,2023-06-24,UPI,Delivered,Pune
ORD02391,CUST0029,Running Shoes,Clothing,4,1999,0,7996.0,2023-11-26,Net Banking,Delivered,Pune
ORD02392,CUST0116,Python Crash Course,Books,3,399,10,1077.3,2023-02-02,Debit Card,Cancelled,Chennai
ORD02393,CUST0013,Sunscreen SPF50,Beauty,3,499,15,1272.45,2023-08-13,Net Banking,Delivered,Ahmedabad
ORD02394,CUST0074,Smart Watch,Electronics,3,3499,10,9447.3,2023-03-24,Cash on Delivery,Delivered,Chennai
ORD02395,CUST0210,Air Fryer,Home & Kitchen,1,2999,15,2549.15,2023-02-03,Cash on Delivery,Pending,Bengaluru
ORD02396,CUST0190,Yoga Mat,Sports,2,799,15,1358.3,2023-06-14,Credit Card,Delivered,Pune
ORD02397,CUST0002,Men's T-Shirt,Clothing,2,399,0,798.0,2023-07-15,Cash on Delivery,Delivered,Hyderabad
ORD02398,CUST0391,USB Hub,Electronics,1,499,20,399.2,2023-04-25,Credit Card,Delivered,Jaipur
ORD02399,CUST0422,Water Sipper,Sports,1,399,0,399.0,2023-11-29,Net Banking,Delivered,Mumbai
ORD02400,CUST0199,Gym Gloves,Sports,3,299,15,762.45,2023-11-12,Net Banking,Returned,Delhi
ORD02401,CUST0177,Sunscreen SPF50,Beauty,4,499,10,1796.4,2023-05-09,Net Banking,Delivered,Mumbai
ORD02402,CUST0115,Python Crash Course,Books,4,399,10,1436.4,2023-07-04,Debit Card,Pending,Mumbai
ORD02403,CUST0189,Water Bottle,Home & Kitchen,4,299,0,1196.0,2023-03-24,Credit Card,Delivered,Kolkata
ORD02404,CUST0211,Atomic Habits,Books,2,299,0,598.0,2023-08-24,Cash on Delivery,Delivered,Bengaluru
ORD02405,CUST0181,Casual Jeans,Clothing,2,999,20,1598.4,2023-11-17,Debit Card,Delivered,Pune
ORD02406,CUST0228,Think Again,Books,4,349,5,1326.2,2023-08-20,Net Banking,Delivered,Pune
ORD02407,CUST0205,Atomic Habits,Books,3,299,0,897.0,2023-12-07,Debit Card,Delivered,Bengaluru
ORD02408,CUST0365,Hair Oil,Beauty,2,349,0,698.0,2023-04-22,Debit Card,Delivered,Chennai
ORD02409,CUST0442,Resistance Bands,Sports,3,349,5,994.65,2023-10-08,Net Banking,Delivered,Delhi
ORD02410,CUST0241,Chopping Board,Home & Kitchen,2,199,5,378.1,2023-03-14,Credit Card,Delivered,Bengaluru
ORD02411,CUST0212,Gym Gloves,Sports,3,299,20,717.6,2023-11-16,Credit Card,Delivered,Hyderabad
ORD02412,CUST0338,Women's Kurta,Clothing,3,599,10,1617.3,2023-03-22,Net Banking,Delivered,Jaipur
ORD02413,CUST0356,Gym Gloves,Sports,2,299,5,568.1,2023-01-13,Debit Card,Delivered,Kolkata
ORD02414,CUST0289,Deep Work,Books,2,319,0,638.0,2023-12-15,Debit Card,Delivered,Mumbai
ORD02415,CUST0163,Moisturizer,Beauty,2,699,0,1398.0,2023-07-30,Net Banking,Delivered,Jaipur
ORD02416,CUST0478,Women's Kurta,Clothing,4,599,0,2396.0,2023-11-09,Cash on Delivery,Delivered,Jaipur
ORD02417,CUST0044,Yoga Mat,Sports,1,799,20,639.2,2023-02-03,Credit Card,Delivered,Jaipur
ORD02418,CUST0161,Wireless Earbuds,Electronics,3,1299,20,3117.6,2023-02-16,UPI,Delivered,Kolkata
ORD02419,CUST0186,Women's Kurta,Clothing,2,599,0,1198.0,2023-02-03,Cash on Delivery,Returned,Delhi
ORD02420,CUST0361,Storage Box,Home & Kitchen,4,349,5,1326.2,2023-06-23,Debit Card,Delivered,Hyderabad
ORD02421,CUST0082,Chopping Board,Home & Kitchen,1,199,20,159.2,2023-10-15,Debit Card,Delivered,Jaipur
ORD02422,CUST0210,Casual Jeans,Clothing,1,999,10,899.1,2023-11-13,Debit Card,Delivered,Bengaluru
ORD02423,CUST0354,Water Sipper,Sports,4,399,15,1356.6,2023-05-24,Debit Card,Delivered,Jaipur
ORD02424,CUST0070,Smart Watch,Electronics,4,3499,0,13996.0,2023-01-21,Net Banking,Delivered,Jaipur
ORD02425,CUST0301,Think Again,Books,4,349,0,1396.0,2023-01-11,UPI,Returned,Chennai
ORD02426,CUST0497,Deep Work,Books,2,319,5,606.1,2023-01-11,Net Banking,Delivered,Pune
ORD02427,CUST0454,Hair Oil,Beauty,3,349,0,1047.0,2023-02-13,UPI,Returned,Mumbai
ORD02428,CUST0347,Smart Watch,Electronics,2,3499,10,6298.2,2023-06-03,Net Banking,Delivered,Bengaluru
ORD02429,CUST0150,Men's T-Shirt,Clothing,2,399,15,678.3,2023-06-14,Credit Card,Delivered,Jaipur
ORD02430,CUST0457,Storage Box,Home & Kitchen,4,349,0,1396.0,2023-11-15,Cash on Delivery,Delivered,Delhi
ORD02431,CUST0099,Python Crash Course,Books,3,399,20,957.6,2023-05-10,Cash on Delivery,Delivered,Jaipur
ORD02432,CUST0464,Storage Box,Home & Kitchen,1,349,5,331.55,2023-06-13,Debit Card,Delivered,Ahmedabad
ORD02433,CUST0222,Smart Watch,Electronics,3,3499,0,10497.0,2023-08-18,UPI,Delivered,Jaipur
ORD02434,CUST0171,Laptop Stand,Electronics,4,899,15,3056.6,2023-02-11,Cash on Delivery,Delivered,Bengaluru
ORD02435,CUST0010,Smart Watch,Electronics,1,3499,15,2974.15,2023-10-21,UPI,Cancelled,Chennai
ORD02436,CUST0019,Python Crash Course,Books,4,399,5,1516.2,2023-07-18,UPI,Delivered,Kolkata
ORD02437,CUST0438,Moisturizer,Beauty,3,699,0,2097.0,2023-09-20,Net Banking,Cancelled,Chennai
ORD02438,CUST0283,Atomic Habits,Books,2,299,0,598.0,2023-05-14,Debit Card,Delivered,Kolkata
ORD02439,CUST0471,Atomic Habits,Books,3,299,0,897.0,2023-08-19,Credit Card,Delivered,Pune
ORD02440,CUST0413,Lip Balm Set,Beauty,1,249,0,249.0,2023-03-07,Credit Card,Delivered,Chennai
ORD02441,CUST0079,Men's T-Shirt,Clothing,2,399,0,798.0,2023-02-03,Cash on Delivery,Cancelled,Mumbai
ORD02442,CUST0378,Men's T-Shirt,Clothing,1,399,0,399.0,2023-01-07,UPI,Delivered,Delhi
ORD02443,CUST0495,Yoga Mat,Sports,2,799,10,1438.2,2023-11-17,Net Banking,Delivered,Chennai
ORD02444,CUST0029,Lip Balm Set,Beauty,1,249,10,224.1,2023-03-04,Debit Card,Delivered,Pune
ORD02445,CUST0002,Men's T-Shirt,Clothing,2,399,0,798.0,2023-02-16,Net Banking,Delivered,Hyderabad
ORD02446,CUST0199,Sunscreen SPF50,Beauty,2,499,0,998.0,2023-02-10,UPI,Delivered,Delhi
ORD02447,CUST0363,Hair Oil,Beauty,2,349,5,663.1,2023-04-12,Net Banking,Delivered,Kolkata
ORD02448,CUST0304,Resistance Bands,Sports,4,349,0,1396.0,2023-12-13,Credit Card,Delivered,Chennai
ORD02449,CUST0499,Python Crash Course,Books,1,399,0,399.0,2023-04-01,Debit Card,Delivered,Jaipur
ORD02450,CUST0360,Water Bottle,Home & Kitchen,2,299,15,508.3,2023-03-05,Credit Card,Delivered,Mumbai
ORD02451,CUST0084,Women's Kurta,Clothing,3,599,20,1437.6,2023-04-27,Net Banking,Delivered,Mumbai
ORD02452,CUST0260,Hair Oil,Beauty,3,349,10,942.3,2023-07-31,UPI,Delivered,Delhi
ORD02453,CUST0377,Casual Jeans,Clothing,3,999,20,2397.6,2023-06-26,Debit Card,Cancelled,Hyderabad
ORD02454,CUST0034,Yoga Mat,Sports,3,799,0,2397.0,2023-03-24,Credit Card,Delivered,Bengaluru
ORD02455,CUST0318,USB Hub,Electronics,3,499,15,1272.45,2023-01-31,Net Banking,Delivered,Ahmedabad
ORD02456,CUST0046,USB Hub,Electronics,1,499,15,424.15,2023-12-12,UPI,Delivered,Chennai
ORD02457,CUST0373,Skipping Rope,Sports,1,199,10,179.1,2023-05-15,UPI,Delivered,Hyderabad
ORD02458,CUST0154,Atomic Habits,Books,4,299,0,1196.0,2023-09-13,Net Banking,Delivered,Ahmedabad
ORD02459,CUST0088,Storage Box,Home & Kitchen,2,349,0,698.0,2023-10-28,Credit Card,Returned,Mumbai
ORD02460,CUST0167,Lip Balm Set,Beauty,4,249,5,946.2,2023-08-25,Net Banking,Delivered,Lucknow
ORD02461,CUST0378,Think Again,Books,4,349,0,1396.0,2023-03-14,Net Banking,Returned,Delhi
ORD02462,CUST0196,Data Science 101,Books,2,499,20,798.4,2023-06-12,Debit Card,Delivered,Ahmedabad
ORD02463,CUST0464,Atomic Habits,Books,1,299,5,284.05,2023-12-05,Debit Card,Delivered,Ahmedabad
ORD02464,CUST0009,Hoodie,Clothing,2,1199,0,2398.0,2023-02-18,Net Banking,Delivered,Ahmedabad
ORD02465,CUST0012,Python Crash Course,Books,3,399,0,1197.0,2023-04-12,Net Banking,Cancelled,Ahmedabad
ORD02466,CUST0143,Python Crash Course,Books,3,399,20,957.6,2023-10-09,Debit Card,Delivered,Jaipur
ORD02467,CUST0486,Casual Jeans,Clothing,4,999,5,3796.2,2023-08-11,Debit Card,Delivered,Bengaluru
ORD02468,CUST0488,Data Science 101,Books,3,499,0,1497.0,2023-02-04,UPI,Delivered,Bengaluru
ORD02469,CUST0266,Moisturizer,Beauty,3,699,0,2097.0,2023-05-01,Net Banking,Delivered,Hyderabad
ORD02470,CUST0324,Casual Jeans,Clothing,4,999,0,3996.0,2023-06-07,Debit Card,Delivered,Lucknow
ORD02471,CUST0307,Chopping Board,Home & Kitchen,4,199,10,716.4,2023-03-04,Debit Card,Delivered,Hyderabad
ORD02472,CUST0414,Skipping Rope,Sports,3,199,15,507.45,2023-07-11,Debit Card,Delivered,Mumbai
ORD02473,CUST0229,Storage Box,Home & Kitchen,4,349,0,1396.0,2023-01-10,UPI,Delivered,Lucknow
ORD02474,CUST0120,Python Crash Course,Books,2,399,0,798.0,2023-12-19,UPI,Delivered,Jaipur
ORD02475,CUST0296,Moisturizer,Beauty,3,699,10,1887.3,2023-06-24,UPI,Returned,Mumbai
ORD02476,CUST0294,Sunscreen SPF50,Beauty,2,499,0,998.0,2023-11-20,Debit Card,Delivered,Bengaluru
ORD02477,CUST0251,Hair Oil,Beauty,2,349,20,558.4,2023-05-08,Cash on Delivery,Delivered,Ahmedabad
ORD02478,CUST0197,Data Science 101,Books,3,499,10,1347.3,2023-02-18,Debit Card,Delivered,Chennai
ORD02479,CUST0237,Skipping Rope,Sports,1,199,10,179.1,2023-09-09,Cash on Delivery,Delivered,Pune
ORD02480,CUST0399,Lip Balm Set,Beauty,1,249,5,236.55,2023-07-19,Debit Card,Delivered,Jaipur
ORD02481,CUST0243,Water Bottle,Home & Kitchen,3,299,20,717.6,2023-01-31,Debit Card,Delivered,Hyderabad
ORD02482,CUST0248,Men's T-Shirt,Clothing,3,399,0,1197.0,2023-11-14,Cash on Delivery,Delivered,Ahmedabad
ORD02483,CUST0310,Running Shoes,Clothing,3,1999,5,5697.15,2023-06-10,Cash on Delivery,Delivered,Mumbai
ORD02484,CUST0377,Women's Kurta,Clothing,1,599,0,599.0,2023-02-01,Debit Card,Delivered,Hyderabad
ORD02485,CUST0217,Water Sipper,Sports,3,399,0,1197.0,2023-07-12,Credit Card,Delivered,Ahmedabad
ORD02486,CUST0013,Chopping Board,Home & Kitchen,2,199,0,398.0,2023-06-01,Credit Card,Cancelled,Ahmedabad
ORD02487,CUST0398,Moisturizer,Beauty,1,699,0,699.0,2023-08-27,Debit Card,Delivered,Kolkata
ORD02488,CUST0389,Think Again,Books,2,349,10,628.2,2023-08-16,UPI,Delivered,Chennai
ORD02489,CUST0362,Laptop Stand,Electronics,4,899,0,3596.0,2023-04-12,Cash on Delivery,Delivered,Lucknow
ORD02490,CUST0166,Atomic Habits,Books,2,299,10,538.2,2023-03-07,Credit Card,Delivered,Mumbai
ORD02491,CUST0189,Wireless Earbuds,Electronics,3,1299,10,3507.3,2023-09-02,Debit Card,Delivered,Kolkata
ORD02492,CUST0331,Coffee Mug Set,Home & Kitchen,1,499,15,424.15,2023-08-11,UPI,Cancelled,Kolkata
ORD02493,CUST0330,Python Crash Course,Books,3,399,10,1077.3,2023-01-18,UPI,Cancelled,Jaipur
ORD02494,CUST0371,Storage Box,Home & Kitchen,1,349,10,314.1,2023-01-29,Debit Card,Delivered,Hyderabad
ORD02495,CUST0053,Data Science 101,Books,1,499,0,499.0,2023-03-19,Cash on Delivery,Cancelled,Hyderabad
ORD02496,CUST0498,Women's Kurta,Clothing,1,599,20,479.2,2023-07-04,UPI,Pending,Pune
ORD02497,CUST0253,Air Fryer,Home & Kitchen,4,2999,0,11996.0,2023-02-05,Net Banking,Returned,Kolkata
ORD02498,CUST0356,Yoga Mat,Sports,4,799,15,2716.6,2023-07-22,Debit Card,Returned,Kolkata
ORD02499,CUST0060,Yoga Mat,Sports,2,799,5,1518.1,2023-03-23,UPI,Delivered,Lucknow
ORD02500,CUST0286,Women's Kurta,Clothing,1,599,15,509.15,2023-12-16,Credit Card,Delivered,Ahmedabad
ORD02501,CUST0113,Smart Watch,Electronics,4,3499,0,13996.0,2023-01-22,Debit Card,Delivered,Chennai
ORD02502,CUST0388,Women's Kurta,Clothing,3,599,0,1797.0,2023-07-18,Net Banking,Delivered,Lucknow
ORD02503,CUST0343,Bluetooth Speaker,Electronics,3,1599,5,4557.15,2023-01-13,Net Banking,Pending,Hyderabad
ORD02504,CUST0019,Yoga Mat,Sports,1,799,0,799.0,2023-10-29,Debit Card,Delivered,Kolkata
ORD02505,CUST0360,Hoodie,Clothing,4,1199,0,4796.0,2023-06-28,Credit Card,Delivered,Mumbai
ORD02506,CUST0078,Skipping Rope,Sports,2,199,5,378.1,2023-04-19,Cash on Delivery,Returned,Jaipur
ORD02507,CUST0192,Bluetooth Speaker,Electronics,3,1599,0,4797.0,2023-10-12,Cash on Delivery,Returned,Pune
ORD02508,CUST0132,Python Crash Course,Books,2,399,20,638.4,2023-11-08,UPI,Pending,Pune
ORD02509,CUST0334,Running Shoes,Clothing,3,1999,5,5697.15,2023-03-03,UPI,Delivered,Pune
ORD02510,CUST0344,Data Science 101,Books,4,499,10,1796.4,2023-11-30,Cash on Delivery,Delivered,Hyderabad
ORD02511,CUST0199,Python Crash Course,Books,2,399,0,798.0,2023-01-22,Credit Card,Delivered,Delhi
ORD02512,CUST0377,Sunscreen SPF50,Beauty,2,499,20,798.4,2023-10-19,UPI,Delivered,Hyderabad
ORD02513,CUST0028,Sunscreen SPF50,Beauty,3,499,0,1497.0,2023-08-26,Debit Card,Delivered,Bengaluru
ORD02514,CUST0159,Skipping Rope,Sports,2,199,10,358.2,2023-01-13,Credit Card,Delivered,Lucknow
ORD02515,CUST0485,Women's Kurta,Clothing,3,599,0,1797.0,2023-09-13,Net Banking,Returned,Ahmedabad
ORD02516,CUST0386,Lip Balm Set,Beauty,4,249,5,946.2,2023-11-05,Debit Card,Delivered,Lucknow
ORD02517,CUST0439,Think Again,Books,3,349,20,837.6,2023-12-08,Debit Card,Delivered,Hyderabad
ORD02518,CUST0318,Bluetooth Speaker,Electronics,1,1599,0,1599.0,2023-01-16,Credit Card,Delivered,Ahmedabad
ORD02519,CUST0196,Laptop Stand,Electronics,1,899,0,899.0,2023-08-16,Cash on Delivery,Delivered,Ahmedabad
ORD02520,CUST0331,Men's T-Shirt,Clothing,1,399,0,399.0,2023-04-21,Debit Card,Delivered,Kolkata
ORD02521,CUST0335,Atomic Habits,Books,1,299,0,299.0,2023-08-02,Credit Card,Delivered,Lucknow
ORD02522,CUST0135,Air Fryer,Home & Kitchen,1,2999,0,2999.0,2023-03-14,Net Banking,Delivered,Delhi
ORD02523,CUST0008,Men's T-Shirt,Clothing,1,399,5,379.05,2023-03-31,Credit Card,Delivered,Pune
ORD02524,CUST0356,Smart Watch,Electronics,4,3499,20,11196.8,2023-10-24,Cash on Delivery,Delivered,Kolkata
ORD02525,CUST0246,Chopping Board,Home & Kitchen,1,199,15,169.15,2023-10-16,Credit Card,Returned,Ahmedabad
ORD02526,CUST0348,Sunscreen SPF50,Beauty,2,499,0,998.0,2023-07-23,Net Banking,Delivered,Pune
ORD02527,CUST0212,Wireless Earbuds,Electronics,4,1299,5,4936.2,2023-08-27,Debit Card,Delivered,Hyderabad
ORD02528,CUST0492,Bluetooth Speaker,Electronics,1,1599,15,1359.15,2023-02-02,UPI,Delivered,Pune
ORD02529,CUST0013,Lip Balm Set,Beauty,4,249,0,996.0,2023-05-17,UPI,Cancelled,Ahmedabad
ORD02530,CUST0333,Women's Kurta,Clothing,4,599,20,1916.8,2023-01-01,Credit Card,Delivered,Lucknow
ORD02531,CUST0367,Gym Gloves,Sports,4,299,20,956.8,2023-04-29,Credit Card,Delivered,Ahmedabad
ORD02532,CUST0234,Chopping Board,Home & Kitchen,1,199,10,179.1,2023-07-08,Net Banking,Pending,Mumbai
ORD02533,CUST0372,Resistance Bands,Sports,3,349,15,889.95,2023-07-10,Cash on Delivery,Delivered,Kolkata
ORD02534,CUST0178,Resistance Bands,Sports,3,349,15,889.95,2023-11-24,Net Banking,Delivered,Delhi
ORD02535,CUST0178,Hoodie,Clothing,4,1199,0,4796.0,2023-08-28,UPI,Delivered,Delhi
ORD02536,CUST0045,Casual Jeans,Clothing,4,999,0,3996.0,2023-08-10,Cash on Delivery,Delivered,Lucknow
ORD02537,CUST0239,Water Bottle,Home & Kitchen,3,299,0,897.0,2023-11-27,Net Banking,Delivered,Jaipur
ORD02538,CUST0471,Resistance Bands,Sports,1,349,0,349.0,2023-09-17,Debit Card,Delivered,Pune
ORD02539,CUST0072,Skipping Rope,Sports,2,199,20,318.4,2023-10-21,Debit Card,Cancelled,Chennai
ORD02540,CUST0451,Moisturizer,Beauty,1,699,20,559.2,2023-08-03,Credit Card,Cancelled,Chennai
ORD02541,CUST0295,Water Sipper,Sports,1,399,10,359.1,2023-02-23,Credit Card,Delivered,Mumbai
ORD02542,CUST0351,Storage Box,Home & Kitchen,2,349,15,593.3,2023-04-27,UPI,Delivered,Pune
ORD02543,CUST0281,Data Science 101,Books,3,499,15,1272.45,2023-07-11,Net Banking,Delivered,Kolkata
ORD02544,CUST0384,Gym Gloves,Sports,2,299,10,538.2,2023-06-29,Net Banking,Pending,Lucknow
ORD02545,CUST0233,Face Serum,Beauty,2,899,15,1528.3,2023-11-26,Debit Card,Pending,Delhi
ORD02546,CUST0410,Sunscreen SPF50,Beauty,1,499,20,399.2,2023-09-16,Credit Card,Delivered,Chennai
ORD02547,CUST0124,Python Crash Course,Books,1,399,15,339.15,2023-06-06,Net Banking,Returned,Pune
ORD02548,CUST0013,Water Bottle,Home & Kitchen,1,299,20,239.2,2023-04-08,Credit Card,Delivered,Ahmedabad
ORD02549,CUST0424,Laptop Stand,Electronics,1,899,0,899.0,2023-04-06,Credit Card,Delivered,Pune
ORD02550,CUST0484,Laptop Stand,Electronics,4,899,0,3596.0,2023-08-05,UPI,Delivered,Jaipur
ORD02551,CUST0154,Moisturizer,Beauty,1,699,15,594.15,2023-11-02,UPI,Delivered,Ahmedabad
ORD02552,CUST0318,Atomic Habits,Books,2,299,0,598.0,2023-08-08,Cash on Delivery,Delivered,Ahmedabad
ORD02553,CUST0017,Deep Work,Books,1,319,15,271.15,2023-09-09,Net Banking,Delivered,Delhi
ORD02554,CUST0243,Chopping Board,Home & Kitchen,1,199,0,199.0,2023-12-25,Net Banking,Delivered,Hyderabad
ORD02555,CUST0318,Yoga Mat,Sports,4,799,15,2716.6,2023-10-28,UPI,Cancelled,Ahmedabad
ORD02556,CUST0493,Moisturizer,Beauty,1,699,5,664.05,2023-01-20,Net Banking,Delivered,Ahmedabad
ORD02557,CUST0043,USB Hub,Electronics,3,499,10,1347.3,2023-02-17,Debit Card,Delivered,Lucknow
ORD02558,CUST0124,Face Serum,Beauty,4,899,5,3416.2,2023-06-22,Cash on Delivery,Delivered,Pune
ORD02559,CUST0398,Data Science 101,Books,3,499,0,1497.0,2023-10-10,Net Banking,Delivered,Kolkata
ORD02560,CUST0351,Hoodie,Clothing,4,1199,0,4796.0,2023-01-06,Debit Card,Delivered,Pune
ORD02561,CUST0093,Yoga Mat,Sports,4,799,0,3196.0,2023-09-15,Net Banking,Delivered,Chennai
ORD02562,CUST0335,Storage Box,Home & Kitchen,4,349,20,1116.8,2023-10-02,Credit Card,Delivered,Lucknow
ORD02563,CUST0252,Storage Box,Home & Kitchen,1,349,15,296.65,2023-09-22,Debit Card,Delivered,Hyderabad
ORD02564,CUST0308,Atomic Habits,Books,2,299,0,598.0,2023-05-29,UPI,Delivered,Chennai
ORD02565,CUST0102,Data Science 101,Books,2,499,20,798.4,2023-02-09,Net Banking,Delivered,Mumbai
ORD02566,CUST0464,Python Crash Course,Books,1,399,5,379.05,2023-12-01,Debit Card,Delivered,Ahmedabad
ORD02567,CUST0175,Data Science 101,Books,3,499,0,1497.0,2023-04-25,Cash on Delivery,Delivered,Ahmedabad
ORD02568,CUST0486,Python Crash Course,Books,4,399,20,1276.8,2023-12-25,Credit Card,Delivered,Bengaluru
ORD02569,CUST0289,Smart Watch,Electronics,2,3499,0,6998.0,2023-11-06,Credit Card,Returned,Mumbai
ORD02570,CUST0221,Think Again,Books,3,349,20,837.6,2023-12-24,Credit Card,Delivered,Mumbai
ORD02571,CUST0055,Hair Oil,Beauty,3,349,15,889.95,2023-10-06,Net Banking,Delivered,Ahmedabad
ORD02572,CUST0360,Data Science 101,Books,3,499,5,1422.15,2023-10-13,Net Banking,Delivered,Mumbai
ORD02573,CUST0184,Wireless Earbuds,Electronics,1,1299,0,1299.0,2023-12-07,Net Banking,Delivered,Mumbai
ORD02574,CUST0013,Deep Work,Books,2,319,0,638.0,2023-03-03,Debit Card,Delivered,Ahmedabad
ORD02575,CUST0229,Bluetooth Speaker,Electronics,2,1599,15,2718.3,2023-04-11,Cash on Delivery,Returned,Lucknow
ORD02576,CUST0498,Storage Box,Home & Kitchen,3,349,5,994.65,2023-02-04,Debit Card,Returned,Pune
ORD02577,CUST0119,Gym Gloves,Sports,1,299,10,269.1,2023-01-21,Debit Card,Pending,Pune
ORD02578,CUST0201,Running Shoes,Clothing,2,1999,15,3398.3,2023-12-26,Credit Card,Delivered,Kolkata
ORD02579,CUST0341,Air Fryer,Home & Kitchen,1,2999,0,2999.0,2023-09-26,UPI,Delivered,Pune
ORD02580,CUST0164,Water Sipper,Sports,1,399,0,399.0,2023-03-12,Debit Card,Delivered,Hyderabad
ORD02581,CUST0245,Python Crash Course,Books,2,399,15,678.3,2023-09-01,Net Banking,Delivered,Kolkata
ORD02582,CUST0325,Men's T-Shirt,Clothing,2,399,5,758.1,2023-10-11,Cash on Delivery,Delivered,Delhi
ORD02583,CUST0075,Smart Watch,Electronics,2,3499,20,5598.4,2023-09-19,Credit Card,Delivered,Ahmedabad
ORD02584,CUST0127,Deep Work,Books,1,319,10,287.1,2023-03-26,Net Banking,Cancelled,Hyderabad
ORD02585,CUST0209,Lip Balm Set,Beauty,2,249,20,398.4,2023-05-15,Credit Card,Delivered,Lucknow
ORD02586,CUST0015,Data Science 101,Books,3,499,20,1197.6,2023-07-22,Debit Card,Delivered,Kolkata
ORD02587,CUST0429,Lip Balm Set,Beauty,4,249,5,946.2,2023-11-07,Debit Card,Delivered,Hyderabad
ORD02588,CUST0456,Sunscreen SPF50,Beauty,4,499,10,1796.4,2023-09-18,Net Banking,Delivered,Lucknow
ORD02589,CUST0148,Sunscreen SPF50,Beauty,2,499,10,898.2,2023-09-24,Net Banking,Delivered,Jaipur
ORD02590,CUST0288,USB Hub,Electronics,1,499,5,474.05,2023-02-03,Credit Card,Delivered,Chennai
ORD02591,CUST0202,Sunscreen SPF50,Beauty,1,499,0,499.0,2023-05-23,UPI,Delivered,Mumbai
ORD02592,CUST0310,Atomic Habits,Books,3,299,20,717.6,2023-10-02,UPI,Delivered,Mumbai
ORD02593,CUST0302,Coffee Mug Set,Home & Kitchen,4,499,5,1896.2,2023-12-19,Cash on Delivery,Cancelled,Ahmedabad
ORD02594,CUST0047,Hair Oil,Beauty,2,349,5,663.1,2023-06-22,Net Banking,Cancelled,Delhi
ORD02595,CUST0138,Storage Box,Home & Kitchen,1,349,0,349.0,2023-11-19,UPI,Delivered,Chennai
ORD02596,CUST0465,Storage Box,Home & Kitchen,2,349,0,698.0,2023-06-15,Debit Card,Delivered,Lucknow
ORD02597,CUST0423,Resistance Bands,Sports,3,349,0,1047.0,2023-04-09,UPI,Cancelled,Chennai
ORD02598,CUST0218,Gym Gloves,Sports,3,299,0,897.0,2023-11-03,Debit Card,Cancelled,Pune
ORD02599,CUST0352,Resistance Bands,Sports,3,349,0,1047.0,2023-12-18,UPI,Delivered,Kolkata
ORD02600,CUST0298,Hair Oil,Beauty,3,349,0,1047.0,2023-08-25,Cash on Delivery,Delivered,Kolkata
ORD02601,CUST0106,Men's T-Shirt,Clothing,3,399,15,1017.45,2023-05-07,Cash on Delivery,Delivered,Chennai
ORD02602,CUST0192,Lip Balm Set,Beauty,2,249,15,423.3,2023-09-12,Debit Card,Returned,Pune
ORD02603,CUST0276,Think Again,Books,3,349,10,942.3,2023-08-24,UPI,Pending,Mumbai
ORD02604,CUST0495,Running Shoes,Clothing,1,1999,0,1999.0,2023-03-05,Net Banking,Delivered,Chennai
ORD02605,CUST0416,Gym Gloves,Sports,1,299,0,299.0,2023-04-07,UPI,Cancelled,Chennai
ORD02606,CUST0216,Think Again,Books,3,349,10,942.3,2023-10-18,Debit Card,Delivered,Mumbai
ORD02607,CUST0305,Air Fryer,Home & Kitchen,4,2999,15,10196.6,2023-09-08,Credit Card,Pending,Bengaluru
ORD02608,CUST0072,Think Again,Books,4,349,0,1396.0,2023-03-03,Debit Card,Delivered,Chennai
ORD02609,CUST0143,Laptop Stand,Electronics,1,899,0,899.0,2023-02-05,Credit Card,Returned,Jaipur
ORD02610,CUST0474,Water Sipper,Sports,3,399,0,1197.0,2023-02-19,Net Banking,Delivered,Chennai
ORD02611,CUST0173,Men's T-Shirt,Clothing,1,399,0,399.0,2023-02-27,Cash on Delivery,Delivered,Chennai
ORD02612,CUST0119,Lip Balm Set,Beauty,3,249,5,709.65,2023-05-04,Debit Card,Delivered,Pune
ORD02613,CUST0431,Water Sipper,Sports,3,399,10,1077.3,2023-07-01,Debit Card,Pending,Hyderabad
ORD02614,CUST0088,Men's T-Shirt,Clothing,3,399,20,957.6,2023-04-23,Net Banking,Returned,Mumbai
ORD02615,CUST0293,Hoodie,Clothing,1,1199,0,1199.0,2023-02-16,Cash on Delivery,Returned,Hyderabad
ORD02616,CUST0433,Coffee Mug Set,Home & Kitchen,1,499,0,499.0,2023-05-07,Net Banking,Cancelled,Lucknow
ORD02617,CUST0457,Women's Kurta,Clothing,4,599,10,2156.4,2023-03-26,Debit Card,Delivered,Delhi
ORD02618,CUST0344,Running Shoes,Clothing,1,1999,0,1999.0,2023-05-03,UPI,Delivered,Hyderabad
ORD02619,CUST0119,Deep Work,Books,4,319,5,1212.2,2023-04-20,Credit Card,Delivered,Pune
ORD02620,CUST0379,USB Hub,Electronics,4,499,5,1896.2,2023-03-18,Net Banking,Delivered,Lucknow
ORD02621,CUST0106,Gym Gloves,Sports,1,299,10,269.1,2023-05-20,Net Banking,Delivered,Chennai
ORD02622,CUST0256,Deep Work,Books,3,319,0,957.0,2023-01-11,Cash on Delivery,Delivered,Bengaluru
ORD02623,CUST0191,Gym Gloves,Sports,4,299,10,1076.4,2023-04-16,Debit Card,Delivered,Hyderabad
ORD02624,CUST0107,Face Serum,Beauty,4,899,0,3596.0,2023-07-26,Debit Card,Delivered,Bengaluru
ORD02625,CUST0367,Chopping Board,Home & Kitchen,4,199,0,796.0,2023-05-08,UPI,Delivered,Ahmedabad
ORD02626,CUST0479,Casual Jeans,Clothing,4,999,0,3996.0,2023-12-18,Cash on Delivery,Delivered,Chennai
ORD02627,CUST0200,Men's T-Shirt,Clothing,4,399,15,1356.6,2023-01-12,Cash on Delivery,Pending,Kolkata
ORD02628,CUST0224,Chopping Board,Home & Kitchen,4,199,0,796.0,2023-09-09,Net Banking,Delivered,Delhi
ORD02629,CUST0118,Data Science 101,Books,4,499,0,1996.0,2023-06-28,UPI,Pending,Pune
ORD02630,CUST0113,Chopping Board,Home & Kitchen,4,199,0,796.0,2023-03-28,Cash on Delivery,Delivered,Chennai
ORD02631,CUST0196,Hair Oil,Beauty,2,349,20,558.4,2023-01-19,UPI,Delivered,Ahmedabad
ORD02632,CUST0048,Smart Watch,Electronics,1,3499,15,2974.15,2023-03-23,Cash on Delivery,Returned,Hyderabad
ORD02633,CUST0269,Hair Oil,Beauty,1,349,0,349.0,2023-02-10,UPI,Delivered,Mumbai
ORD02634,CUST0143,Python Crash Course,Books,3,399,0,1197.0,2023-08-12,Debit Card,Delivered,Jaipur
ORD02635,CUST0035,Casual Jeans,Clothing,3,999,0,2997.0,2023-09-24,Debit Card,Delivered,Pune
ORD02636,CUST0401,Bluetooth Speaker,Electronics,1,1599,10,1439.1,2023-12-02,Debit Card,Delivered,Chennai
ORD02637,CUST0121,Storage Box,Home & Kitchen,4,349,5,1326.2,2023-03-27,Credit Card,Delivered,Lucknow
ORD02638,CUST0138,Hoodie,Clothing,1,1199,0,1199.0,2023-02-21,Debit Card,Delivered,Chennai
ORD02639,CUST0371,Yoga Mat,Sports,4,799,10,2876.4,2023-07-08,Debit Card,Delivered,Hyderabad
ORD02640,CUST0167,Hoodie,Clothing,2,1199,0,2398.0,2023-01-05,Debit Card,Delivered,Lucknow
ORD02641,CUST0459,Storage Box,Home & Kitchen,1,349,10,314.1,2023-09-16,Credit Card,Delivered,Delhi
ORD02642,CUST0080,Python Crash Course,Books,2,399,0,798.0,2023-08-29,Debit Card,Returned,Jaipur
ORD02643,CUST0237,Hoodie,Clothing,3,1199,10,3237.3,2023-05-23,Debit Card,Delivered,Pune
ORD02644,CUST0083,Python Crash Course,Books,1,399,15,339.15,2023-05-08,Cash on Delivery,Delivered,Ahmedabad
ORD02645,CUST0148,Wireless Earbuds,Electronics,4,1299,0,5196.0,2023-01-01,Net Banking,Cancelled,Jaipur
ORD02646,CUST0372,Gym Gloves,Sports,4,299,10,1076.4,2023-10-05,Net Banking,Delivered,Kolkata
ORD02647,CUST0296,Gym Gloves,Sports,3,299,20,717.6,2023-11-07,Net Banking,Delivered,Mumbai
ORD02648,CUST0440,Storage Box,Home & Kitchen,4,349,0,1396.0,2023-09-15,Net Banking,Delivered,Ahmedabad
ORD02649,CUST0189,Men's T-Shirt,Clothing,2,399,0,798.0,2023-11-04,UPI,Delivered,Kolkata
ORD02650,CUST0154,Bluetooth Speaker,Electronics,4,1599,5,6076.2,2023-07-12,UPI,Delivered,Ahmedabad
ORD02651,CUST0111,Laptop Stand,Electronics,4,899,0,3596.0,2023-01-09,Net Banking,Returned,Mumbai
ORD02652,CUST0405,Sunscreen SPF50,Beauty,4,499,20,1596.8,2023-10-30,Debit Card,Delivered,Kolkata
ORD02653,CUST0009,Lip Balm Set,Beauty,4,249,0,996.0,2023-03-14,Debit Card,Delivered,Ahmedabad
ORD02654,CUST0365,Atomic Habits,Books,4,299,5,1136.2,2023-08-27,Net Banking,Delivered,Chennai
ORD02655,CUST0492,Water Bottle,Home & Kitchen,4,299,0,1196.0,2023-08-01,Credit Card,Delivered,Pune
ORD02656,CUST0028,Women's Kurta,Clothing,1,599,0,599.0,2023-07-11,UPI,Delivered,Bengaluru
ORD02657,CUST0151,Think Again,Books,4,349,0,1396.0,2023-11-03,UPI,Delivered,Bengaluru
ORD02658,CUST0035,Water Sipper,Sports,4,399,0,1596.0,2023-09-03,UPI,Delivered,Pune
ORD02659,CUST0006,Water Bottle,Home & Kitchen,3,299,10,807.3,2023-03-26,Credit Card,Delivered,Lucknow
ORD02660,CUST0261,Hoodie,Clothing,3,1199,0,3597.0,2023-01-13,Debit Card,Delivered,Delhi
ORD02661,CUST0207,Hair Oil,Beauty,3,349,0,1047.0,2023-08-18,UPI,Delivered,Hyderabad
ORD02662,CUST0146,Gym Gloves,Sports,3,299,10,807.3,2023-06-17,UPI,Returned,Mumbai
ORD02663,CUST0222,Bluetooth Speaker,Electronics,1,1599,5,1519.05,2023-09-07,Cash on Delivery,Delivered,Jaipur
ORD02664,CUST0170,Bluetooth Speaker,Electronics,1,1599,0,1599.0,2023-07-13,Net Banking,Delivered,Delhi
ORD02665,CUST0048,Lip Balm Set,Beauty,2,249,0,498.0,2023-04-11,Cash on Delivery,Delivered,Hyderabad
ORD02666,CUST0023,Atomic Habits,Books,4,299,0,1196.0,2023-01-22,UPI,Delivered,Lucknow
ORD02667,CUST0100,Smart Watch,Electronics,2,3499,5,6648.1,2023-10-19,Net Banking,Delivered,Ahmedabad
ORD02668,CUST0034,Casual Jeans,Clothing,3,999,0,2997.0,2023-01-01,Debit Card,Delivered,Bengaluru
ORD02669,CUST0113,Laptop Stand,Electronics,4,899,20,2876.8,2023-02-03,Net Banking,Delivered,Chennai
ORD02670,CUST0236,Casual Jeans,Clothing,1,999,0,999.0,2023-12-09,UPI,Cancelled,Chennai
ORD02671,CUST0286,Skipping Rope,Sports,4,199,0,796.0,2023-10-23,Cash on Delivery,Delivered,Ahmedabad
ORD02672,CUST0342,Lip Balm Set,Beauty,3,249,10,672.3,2023-03-21,Cash on Delivery,Delivered,Jaipur
ORD02673,CUST0223,Skipping Rope,Sports,2,199,0,398.0,2023-01-12,Net Banking,Returned,Jaipur
ORD02674,CUST0027,Chopping Board,Home & Kitchen,3,199,5,567.15,2023-07-27,Cash on Delivery,Pending,Lucknow
ORD02675,CUST0285,Chopping Board,Home & Kitchen,1,199,20,159.2,2023-03-17,Debit Card,Cancelled,Kolkata
ORD02676,CUST0358,Women's Kurta,Clothing,4,599,0,2396.0,2023-02-20,Cash on Delivery,Delivered,Lucknow
ORD02677,CUST0215,Skipping Rope,Sports,4,199,15,676.6,2023-07-24,Cash on Delivery,Delivered,Jaipur
ORD02678,CUST0320,Chopping Board,Home & Kitchen,1,199,0,199.0,2023-03-25,Net Banking,Delivered,Delhi
ORD02679,CUST0208,Face Serum,Beauty,3,899,0,2697.0,2023-08-12,Net Banking,Delivered,Bengaluru
ORD02680,CUST0481,Casual Jeans,Clothing,4,999,0,3996.0,2023-06-20,UPI,Delivered,Hyderabad
ORD02681,CUST0476,Laptop Stand,Electronics,2,899,5,1708.1,2023-09-09,Net Banking,Delivered,Ahmedabad
ORD02682,CUST0147,Resistance Bands,Sports,4,349,5,1326.2,2023-05-01,Debit Card,Returned,Jaipur
ORD02683,CUST0168,Resistance Bands,Sports,3,349,0,1047.0,2023-11-03,Cash on Delivery,Delivered,Hyderabad
ORD02684,CUST0408,Data Science 101,Books,1,499,0,499.0,2023-02-12,Credit Card,Returned,Lucknow
ORD02685,CUST0479,Hoodie,Clothing,4,1199,5,4556.2,2023-02-17,Debit Card,Delivered,Chennai
ORD02686,CUST0069,Wireless Earbuds,Electronics,4,1299,0,5196.0,2023-01-17,UPI,Delivered,Pune
ORD02687,CUST0458,Chopping Board,Home & Kitchen,1,199,0,199.0,2023-03-26,UPI,Delivered,Bengaluru
ORD02688,CUST0021,Air Fryer,Home & Kitchen,1,2999,10,2699.1,2023-02-12,Cash on Delivery,Delivered,Chennai
ORD02689,CUST0056,Smart Watch,Electronics,2,3499,5,6648.1,2023-09-09,UPI,Delivered,Hyderabad
ORD02690,CUST0146,Skipping Rope,Sports,1,199,20,159.2,2023-11-10,Debit Card,Delivered,Mumbai
ORD02691,CUST0398,USB Hub,Electronics,3,499,0,1497.0,2023-11-26,Cash on Delivery,Pending,Kolkata
ORD02692,CUST0017,USB Hub,Electronics,2,499,15,848.3,2023-05-26,Net Banking,Delivered,Delhi
ORD02693,CUST0184,Water Bottle,Home & Kitchen,4,299,20,956.8,2023-08-20,Cash on Delivery,Delivered,Mumbai
ORD02694,CUST0407,Chopping Board,Home & Kitchen,4,199,5,756.2,2023-05-01,UPI,Delivered,Bengaluru
ORD02695,CUST0077,Lip Balm Set,Beauty,2,249,0,498.0,2023-08-25,Debit Card,Delivered,Jaipur
ORD02696,CUST0076,Wireless Earbuds,Electronics,1,1299,10,1169.1,2023-03-02,Credit Card,Delivered,Lucknow
ORD02697,CUST0145,Python Crash Course,Books,2,399,15,678.3,2023-02-07,UPI,Delivered,Mumbai
ORD02698,CUST0223,Lip Balm Set,Beauty,2,249,15,423.3,2023-09-04,Net Banking,Delivered,Jaipur
ORD02699,CUST0459,Bluetooth Speaker,Electronics,3,1599,15,4077.45,2023-04-18,Net Banking,Delivered,Delhi
ORD02700,CUST0099,Face Serum,Beauty,3,899,0,2697.0,2023-07-20,UPI,Delivered,Jaipur
ORD02701,CUST0200,Wireless Earbuds,Electronics,1,1299,20,1039.2,2023-05-10,Debit Card,Delivered,Kolkata
ORD02702,CUST0442,Think Again,Books,4,349,20,1116.8,2023-12-30,UPI,Delivered,Delhi
ORD02703,CUST0217,Python Crash Course,Books,3,399,15,1017.45,2023-12-29,UPI,Delivered,Ahmedabad
ORD02704,CUST0489,Resistance Bands,Sports,1,349,20,279.2,2023-03-26,UPI,Delivered,Hyderabad
ORD02705,CUST0022,Data Science 101,Books,4,499,0,1996.0,2023-03-17,Debit Card,Delivered,Mumbai
ORD02706,CUST0370,Hoodie,Clothing,4,1199,0,4796.0,2023-04-14,Debit Card,Delivered,Pune
ORD02707,CUST0365,Data Science 101,Books,1,499,15,424.15,2023-07-04,UPI,Returned,Chennai
ORD02708,CUST0248,Skipping Rope,Sports,3,199,0,597.0,2023-02-23,Cash on Delivery,Delivered,Ahmedabad
ORD02709,CUST0338,Women's Kurta,Clothing,2,599,0,1198.0,2023-12-15,Cash on Delivery,Cancelled,Jaipur
ORD02710,CUST0314,Storage Box,Home & Kitchen,4,349,10,1256.4,2023-10-30,Cash on Delivery,Pending,Lucknow
ORD02711,CUST0281,Casual Jeans,Clothing,1,999,5,949.05,2023-10-30,UPI,Delivered,Kolkata
ORD02712,CUST0010,Gym Gloves,Sports,1,299,0,299.0,2023-06-20,Net Banking,Delivered,Chennai
ORD02713,CUST0476,Yoga Mat,Sports,4,799,20,2556.8,2023-08-02,Net Banking,Delivered,Ahmedabad
ORD02714,CUST0115,Water Sipper,Sports,2,399,0,798.0,2023-10-30,Net Banking,Returned,Mumbai
ORD02715,CUST0343,Chopping Board,Home & Kitchen,1,199,20,159.2,2023-04-28,Cash on Delivery,Delivered,Hyderabad
ORD02716,CUST0118,Coffee Mug Set,Home & Kitchen,3,499,0,1497.0,2023-09-29,Credit Card,Delivered,Pune
ORD02717,CUST0221,Casual Jeans,Clothing,2,999,5,1898.1,2023-01-02,Credit Card,Delivered,Mumbai
ORD02718,CUST0445,Laptop Stand,Electronics,4,899,0,3596.0,2023-09-14,UPI,Returned,Ahmedabad
ORD02719,CUST0274,Yoga Mat,Sports,4,799,10,2876.4,2023-04-20,Cash on Delivery,Returned,Pune
ORD02720,CUST0372,Air Fryer,Home & Kitchen,2,2999,5,5698.1,2023-10-15,UPI,Delivered,Kolkata
ORD02721,CUST0220,Hoodie,Clothing,2,1199,0,2398.0,2023-12-17,Credit Card,Delivered,Ahmedabad
ORD02722,CUST0067,Water Bottle,Home & Kitchen,4,299,0,1196.0,2023-02-20,UPI,Delivered,Hyderabad
ORD02723,CUST0464,Running Shoes,Clothing,3,1999,5,5697.15,2023-03-24,Net Banking,Delivered,Ahmedabad
ORD02724,CUST0159,Women's Kurta,Clothing,3,599,0,1797.0,2023-05-28,Cash on Delivery,Cancelled,Lucknow
ORD02725,CUST0448,Hair Oil,Beauty,1,349,0,349.0,2023-03-21,Credit Card,Delivered,Mumbai
ORD02726,CUST0495,Smart Watch,Electronics,1,3499,20,2799.2,2023-05-19,Debit Card,Delivered,Chennai
ORD02727,CUST0393,USB Hub,Electronics,3,499,0,1497.0,2023-09-14,Cash on Delivery,Delivered,Mumbai
ORD02728,CUST0315,Deep Work,Books,1,319,5,303.05,2023-12-09,UPI,Cancelled,Kolkata
ORD02729,CUST0199,Laptop Stand,Electronics,1,899,0,899.0,2023-04-01,Debit Card,Returned,Delhi
ORD02730,CUST0033,Skipping Rope,Sports,1,199,10,179.1,2023-02-14,Debit Card,Delivered,Chennai
ORD02731,CUST0274,Running Shoes,Clothing,2,1999,10,3598.2,2023-12-20,Debit Card,Delivered,Pune
ORD02732,CUST0406,Atomic Habits,Books,1,299,0,299.0,2023-07-19,Net Banking,Delivered,Pune
ORD02733,CUST0098,Bluetooth Speaker,Electronics,4,1599,0,6396.0,2023-03-27,Cash on Delivery,Delivered,Pune
ORD02734,CUST0428,Moisturizer,Beauty,1,699,15,594.15,2023-04-27,Net Banking,Delivered,Chennai
ORD02735,CUST0189,Gym Gloves,Sports,4,299,0,1196.0,2023-11-25,Debit Card,Delivered,Kolkata
ORD02736,CUST0293,Wireless Earbuds,Electronics,4,1299,0,5196.0,2023-01-02,UPI,Delivered,Hyderabad
ORD02737,CUST0497,Laptop Stand,Electronics,3,899,5,2562.15,2023-01-04,UPI,Cancelled,Pune
ORD02738,CUST0305,Data Science 101,Books,2,499,20,798.4,2023-02-19,Cash on Delivery,Delivered,Bengaluru
ORD02739,CUST0284,Yoga Mat,Sports,2,799,5,1518.1,2023-09-11,Cash on Delivery,Delivered,Bengaluru
ORD02740,CUST0403,Lip Balm Set,Beauty,1,249,10,224.1,2023-01-17,UPI,Delivered,Pune
ORD02741,CUST0440,Running Shoes,Clothing,4,1999,0,7996.0,2023-01-20,Credit Card,Delivered,Ahmedabad
ORD02742,CUST0418,Laptop Stand,Electronics,2,899,15,1528.3,2023-05-13,Net Banking,Cancelled,Lucknow
ORD02743,CUST0039,Running Shoes,Clothing,3,1999,20,4797.6,2023-07-30,Cash on Delivery,Delivered,Delhi
ORD02744,CUST0209,Air Fryer,Home & Kitchen,4,2999,0,11996.0,2023-06-03,Credit Card,Delivered,Lucknow
ORD02745,CUST0048,Laptop Stand,Electronics,3,899,0,2697.0,2023-12-31,Debit Card,Delivered,Hyderabad
ORD02746,CUST0049,Water Sipper,Sports,1,399,0,399.0,2023-02-28,UPI,Delivered,Pune
ORD02747,CUST0109,Chopping Board,Home & Kitchen,1,199,0,199.0,2023-10-23,Cash on Delivery,Delivered,Kolkata
ORD02748,CUST0431,Smart Watch,Electronics,1,3499,0,3499.0,2023-06-09,Cash on Delivery,Delivered,Hyderabad
ORD02749,CUST0153,Yoga Mat,Sports,3,799,10,2157.3,2023-12-03,Credit Card,Delivered,Kolkata
ORD02750,CUST0337,Data Science 101,Books,3,499,5,1422.15,2023-02-17,UPI,Pending,Delhi
ORD02751,CUST0486,Air Fryer,Home & Kitchen,2,2999,0,5998.0,2023-02-18,Cash on Delivery,Delivered,Bengaluru
ORD02752,CUST0415,Wireless Earbuds,Electronics,4,1299,0,5196.0,2023-08-29,UPI,Delivered,Hyderabad
ORD02753,CUST0303,Deep Work,Books,1,319,0,319.0,2023-03-23,Cash on Delivery,Returned,Mumbai
ORD02754,CUST0333,Men's T-Shirt,Clothing,3,399,0,1197.0,2023-04-05,Cash on Delivery,Delivered,Lucknow
ORD02755,CUST0374,Face Serum,Beauty,1,899,5,854.05,2023-04-22,Debit Card,Delivered,Bengaluru
ORD02756,CUST0349,Hoodie,Clothing,2,1199,5,2278.1,2023-01-03,Cash on Delivery,Delivered,Delhi
ORD02757,CUST0122,Storage Box,Home & Kitchen,2,349,5,663.1,2023-10-08,Credit Card,Delivered,Lucknow
ORD02758,CUST0150,Python Crash Course,Books,4,399,0,1596.0,2023-09-28,UPI,Delivered,Jaipur
ORD02759,CUST0138,Casual Jeans,Clothing,4,999,10,3596.4,2023-05-28,Debit Card,Delivered,Chennai
ORD02760,CUST0310,Yoga Mat,Sports,4,799,0,3196.0,2023-11-28,Net Banking,Cancelled,Mumbai
ORD02761,CUST0383,Wireless Earbuds,Electronics,4,1299,10,4676.4,2023-04-08,UPI,Delivered,Bengaluru
ORD02762,CUST0298,Sunscreen SPF50,Beauty,2,499,20,798.4,2023-11-25,Credit Card,Delivered,Kolkata
ORD02763,CUST0119,Sunscreen SPF50,Beauty,2,499,15,848.3,2023-01-21,Debit Card,Delivered,Pune
ORD02764,CUST0069,Face Serum,Beauty,1,899,15,764.15,2023-07-22,Debit Card,Delivered,Pune
ORD02765,CUST0368,Air Fryer,Home & Kitchen,1,2999,15,2549.15,2023-04-18,Credit Card,Delivered,Chennai
ORD02766,CUST0106,Face Serum,Beauty,4,899,0,3596.0,2023-06-24,Net Banking,Delivered,Chennai
ORD02767,CUST0167,Women's Kurta,Clothing,1,599,20,479.2,2023-07-08,Net Banking,Returned,Lucknow
ORD02768,CUST0104,Deep Work,Books,3,319,5,909.15,2023-12-06,Debit Card,Delivered,Pune
ORD02769,CUST0440,Casual Jeans,Clothing,3,999,0,2997.0,2023-12-07,Debit Card,Delivered,Ahmedabad
ORD02770,CUST0130,Think Again,Books,3,349,5,994.65,2023-01-26,Credit Card,Delivered,Pune
ORD02771,CUST0384,Think Again,Books,2,349,0,698.0,2023-01-31,Net Banking,Delivered,Lucknow
ORD02772,CUST0452,Skipping Rope,Sports,2,199,5,378.1,2023-02-26,UPI,Delivered,Bengaluru
ORD02773,CUST0394,Running Shoes,Clothing,3,1999,0,5997.0,2023-08-07,Credit Card,Delivered,Lucknow
ORD02774,CUST0179,Deep Work,Books,1,319,10,287.1,2023-08-21,UPI,Delivered,Delhi
ORD02775,CUST0443,Sunscreen SPF50,Beauty,4,499,0,1996.0,2023-12-19,UPI,Delivered,Mumbai
ORD02776,CUST0113,Think Again,Books,3,349,0,1047.0,2023-09-03,Net Banking,Delivered,Chennai
ORD02777,CUST0197,Men's T-Shirt,Clothing,2,399,15,678.3,2023-09-06,Debit Card,Delivered,Chennai
ORD02778,CUST0370,Water Sipper,Sports,2,399,0,798.0,2023-05-18,UPI,Delivered,Pune
ORD02779,CUST0265,Skipping Rope,Sports,1,199,0,199.0,2023-12-04,UPI,Returned,Jaipur
ORD02780,CUST0491,Moisturizer,Beauty,1,699,0,699.0,2023-10-18,Credit Card,Delivered,Mumbai
ORD02781,CUST0388,Running Shoes,Clothing,3,1999,20,4797.6,2023-05-06,Cash on Delivery,Delivered,Lucknow
ORD02782,CUST0271,Water Sipper,Sports,2,399,15,678.3,2023-09-12,Credit Card,Delivered,Hyderabad
ORD02783,CUST0395,Men's T-Shirt,Clothing,3,399,20,957.6,2023-12-20,Cash on Delivery,Delivered,Lucknow
ORD02784,CUST0100,Deep Work,Books,3,319,0,957.0,2023-09-04,Debit Card,Delivered,Ahmedabad
ORD02785,CUST0412,Laptop Stand,Electronics,4,899,0,3596.0,2023-12-23,UPI,Delivered,Jaipur
ORD02786,CUST0290,Resistance Bands,Sports,4,349,15,1186.6,2023-11-05,Cash on Delivery,Delivered,Mumbai
ORD02787,CUST0101,Air Fryer,Home & Kitchen,4,2999,5,11396.2,2023-11-16,Debit Card,Cancelled,Delhi
ORD02788,CUST0389,Air Fryer,Home & Kitchen,3,2999,0,8997.0,2023-08-30,Debit Card,Delivered,Chennai
ORD02789,CUST0491,Skipping Rope,Sports,4,199,0,796.0,2023-08-09,Cash on Delivery,Delivered,Mumbai
ORD02790,CUST0119,Wireless Earbuds,Electronics,1,1299,10,1169.1,2023-03-12,Net Banking,Delivered,Pune
ORD02791,CUST0379,Smart Watch,Electronics,4,3499,5,13296.2,2023-10-01,Credit Card,Returned,Lucknow
ORD02792,CUST0114,Bluetooth Speaker,Electronics,4,1599,15,5436.6,2023-03-11,Debit Card,Delivered,Bengaluru
ORD02793,CUST0006,Running Shoes,Clothing,1,1999,0,1999.0,2023-05-12,Cash on Delivery,Delivered,Lucknow
ORD02794,CUST0456,Data Science 101,Books,3,499,15,1272.45,2023-10-29,Net Banking,Delivered,Lucknow
ORD02795,CUST0061,Men's T-Shirt,Clothing,3,399,0,1197.0,2023-11-10,Credit Card,Delivered,Hyderabad
ORD02796,CUST0353,Storage Box,Home & Kitchen,2,349,0,698.0,2023-09-01,UPI,Delivered,Bengaluru
ORD02797,CUST0419,Resistance Bands,Sports,1,349,20,279.2,2023-09-08,Debit Card,Pending,Chennai
ORD02798,CUST0299,Atomic Habits,Books,1,299,0,299.0,2023-09-15,Debit Card,Delivered,Bengaluru
ORD02799,CUST0179,Skipping Rope,Sports,1,199,5,189.05,2023-12-23,UPI,Cancelled,Delhi
ORD02800,CUST0322,Deep Work,Books,2,319,0,638.0,2023-02-19,Cash on Delivery,Delivered,Pune
ORD02801,CUST0120,Laptop Stand,Electronics,2,899,0,1798.0,2023-03-22,Credit Card,Delivered,Jaipur
ORD02802,CUST0102,Sunscreen SPF50,Beauty,2,499,20,798.4,2023-04-18,Debit Card,Delivered,Mumbai
ORD02803,CUST0116,Coffee Mug Set,Home & Kitchen,1,499,15,424.15,2023-08-19,Cash on Delivery,Delivered,Chennai
ORD02804,CUST0188,Men's T-Shirt,Clothing,1,399,15,339.15,2023-04-15,UPI,Returned,Lucknow
ORD02805,CUST0427,Moisturizer,Beauty,2,699,15,1188.3,2023-02-02,Debit Card,Cancelled,Kolkata
ORD02806,CUST0018,Think Again,Books,1,349,0,349.0,2023-07-11,Cash on Delivery,Cancelled,Ahmedabad
ORD02807,CUST0109,Casual Jeans,Clothing,1,999,0,999.0,2023-03-22,Credit Card,Delivered,Kolkata
ORD02808,CUST0359,Casual Jeans,Clothing,1,999,5,949.05,2023-04-28,Debit Card,Delivered,Kolkata
ORD02809,CUST0425,Storage Box,Home & Kitchen,3,349,5,994.65,2023-03-22,Cash on Delivery,Delivered,Lucknow
ORD02810,CUST0089,Water Sipper,Sports,2,399,5,758.1,2023-08-06,Cash on Delivery,Pending,Ahmedabad
ORD02811,CUST0110,Atomic Habits,Books,3,299,0,897.0,2023-11-07,Credit Card,Delivered,Bengaluru
ORD02812,CUST0239,Casual Jeans,Clothing,3,999,5,2847.15,2023-10-02,Credit Card,Delivered,Jaipur
ORD02813,CUST0378,Yoga Mat,Sports,2,799,0,1598.0,2023-04-28,Cash on Delivery,Delivered,Delhi
ORD02814,CUST0298,Bluetooth Speaker,Electronics,4,1599,5,6076.2,2023-11-29,Debit Card,Delivered,Kolkata
ORD02815,CUST0410,Bluetooth Speaker,Electronics,2,1599,10,2878.2,2023-04-29,Debit Card,Pending,Chennai
ORD02816,CUST0283,Men's T-Shirt,Clothing,1,399,0,399.0,2023-10-03,Credit Card,Delivered,Kolkata
ORD02817,CUST0171,Storage Box,Home & Kitchen,1,349,0,349.0,2023-05-14,Cash on Delivery,Delivered,Bengaluru
ORD02818,CUST0436,Women's Kurta,Clothing,1,599,5,569.05,2023-09-09,Debit Card,Delivered,Mumbai
ORD02819,CUST0320,Women's Kurta,Clothing,1,599,10,539.1,2023-03-17,Net Banking,Delivered,Delhi
ORD02820,CUST0236,USB Hub,Electronics,1,499,15,424.15,2023-06-14,Debit Card,Delivered,Chennai
ORD02821,CUST0392,Lip Balm Set,Beauty,3,249,0,747.0,2023-01-17,Credit Card,Delivered,Chennai
ORD02822,CUST0085,Wireless Earbuds,Electronics,1,1299,0,1299.0,2023-06-15,Cash on Delivery,Returned,Ahmedabad
ORD02823,CUST0225,Wireless Earbuds,Electronics,2,1299,5,2468.1,2023-02-20,Cash on Delivery,Cancelled,Pune
ORD02824,CUST0384,Lip Balm Set,Beauty,1,249,20,199.2,2023-11-19,Cash on Delivery,Delivered,Lucknow
ORD02825,CUST0345,Smart Watch,Electronics,3,3499,0,10497.0,2023-07-14,Credit Card,Delivered,Mumbai
ORD02826,CUST0044,Skipping Rope,Sports,3,199,0,597.0,2023-03-23,Cash on Delivery,Cancelled,Jaipur
ORD02827,CUST0268,Hoodie,Clothing,4,1199,0,4796.0,2023-09-09,Credit Card,Delivered,Hyderabad
ORD02828,CUST0404,Women's Kurta,Clothing,3,599,10,1617.3,2023-11-15,Credit Card,Delivered,Chennai
ORD02829,CUST0223,Coffee Mug Set,Home & Kitchen,4,499,0,1996.0,2023-09-17,Net Banking,Delivered,Jaipur
ORD02830,CUST0134,Wireless Earbuds,Electronics,1,1299,0,1299.0,2023-12-05,Debit Card,Delivered,Kolkata
ORD02831,CUST0371,Atomic Habits,Books,3,299,0,897.0,2023-07-05,Cash on Delivery,Delivered,Hyderabad
ORD02832,CUST0289,Storage Box,Home & Kitchen,2,349,5,663.1,2023-07-13,Credit Card,Pending,Mumbai
ORD02833,CUST0262,Casual Jeans,Clothing,2,999,20,1598.4,2023-05-18,Debit Card,Delivered,Delhi
ORD02834,CUST0421,Chopping Board,Home & Kitchen,1,199,0,199.0,2023-06-08,Debit Card,Delivered,Hyderabad
ORD02835,CUST0321,Gym Gloves,Sports,1,299,10,269.1,2023-01-21,Net Banking,Delivered,Kolkata
ORD02836,CUST0309,USB Hub,Electronics,2,499,0,998.0,2023-07-30,Cash on Delivery,Delivered,Pune
ORD02837,CUST0396,Gym Gloves,Sports,3,299,20,717.6,2023-01-09,Cash on Delivery,Delivered,Mumbai
ORD02838,CUST0032,Hair Oil,Beauty,2,349,0,698.0,2023-02-03,UPI,Delivered,Bengaluru
ORD02839,CUST0064,Wireless Earbuds,Electronics,4,1299,0,5196.0,2023-09-28,Cash on Delivery,Delivered,Lucknow
ORD02840,CUST0493,Yoga Mat,Sports,3,799,15,2037.45,2023-05-13,Debit Card,Delivered,Ahmedabad
ORD02841,CUST0100,Gym Gloves,Sports,4,299,0,1196.0,2023-09-22,Net Banking,Cancelled,Ahmedabad
ORD02842,CUST0125,Sunscreen SPF50,Beauty,1,499,5,474.05,2023-05-18,Debit Card,Returned,Mumbai
ORD02843,CUST0317,Face Serum,Beauty,2,899,15,1528.3,2023-07-24,UPI,Delivered,Bengaluru
ORD02844,CUST0082,Sunscreen SPF50,Beauty,3,499,5,1422.15,2023-06-02,Credit Card,Delivered,Jaipur
ORD02845,CUST0221,Casual Jeans,Clothing,2,999,0,1998.0,2023-09-28,Debit Card,Delivered,Mumbai
ORD02846,CUST0448,Laptop Stand,Electronics,3,899,0,2697.0,2023-08-25,Credit Card,Delivered,Mumbai
ORD02847,CUST0485,Atomic Habits,Books,4,299,0,1196.0,2023-07-01,UPI,Delivered,Ahmedabad
ORD02848,CUST0370,Air Fryer,Home & Kitchen,2,2999,5,5698.1,2023-04-28,UPI,Delivered,Pune
ORD02849,CUST0492,Storage Box,Home & Kitchen,2,349,0,698.0,2023-04-09,Credit Card,Delivered,Pune
ORD02850,CUST0211,Face Serum,Beauty,4,899,5,3416.2,2023-06-07,UPI,Cancelled,Bengaluru
ORD02851,CUST0375,Storage Box,Home & Kitchen,1,349,20,279.2,2023-04-26,Credit Card,Cancelled,Pune
ORD02852,CUST0170,Water Bottle,Home & Kitchen,2,299,20,478.4,2023-05-22,Debit Card,Cancelled,Delhi
ORD02853,CUST0175,Deep Work,Books,1,319,15,271.15,2023-12-19,Credit Card,Delivered,Ahmedabad
ORD02854,CUST0470,Air Fryer,Home & Kitchen,3,2999,0,8997.0,2023-04-15,Debit Card,Delivered,Jaipur
ORD02855,CUST0132,Running Shoes,Clothing,2,1999,20,3198.4,2023-09-27,Cash on Delivery,Delivered,Pune
ORD02856,CUST0414,Air Fryer,Home & Kitchen,4,2999,15,10196.6,2023-04-24,Debit Card,Delivered,Mumbai
ORD02857,CUST0233,Wireless Earbuds,Electronics,1,1299,15,1104.15,2023-11-04,Cash on Delivery,Delivered,Delhi
ORD02858,CUST0124,Data Science 101,Books,1,499,10,449.1,2023-04-12,Cash on Delivery,Delivered,Pune
ORD02859,CUST0208,Smart Watch,Electronics,4,3499,0,13996.0,2023-03-10,UPI,Delivered,Bengaluru
ORD02860,CUST0371,Men's T-Shirt,Clothing,4,399,20,1276.8,2023-01-18,Credit Card,Returned,Hyderabad
ORD02861,CUST0200,Bluetooth Speaker,Electronics,4,1599,20,5116.8,2023-06-17,Credit Card,Delivered,Kolkata
ORD02862,CUST0369,Deep Work,Books,4,319,20,1020.8,2023-10-10,Cash on Delivery,Delivered,Chennai
ORD02863,CUST0416,Wireless Earbuds,Electronics,2,1299,0,2598.0,2023-01-14,Credit Card,Delivered,Chennai
ORD02864,CUST0058,Yoga Mat,Sports,3,799,20,1917.6,2023-08-01,Cash on Delivery,Delivered,Kolkata
ORD02865,CUST0194,Hoodie,Clothing,1,1199,0,1199.0,2023-12-19,UPI,Delivered,Mumbai
ORD02866,CUST0422,Think Again,Books,3,349,15,889.95,2023-05-26,Cash on Delivery,Delivered,Mumbai
ORD02867,CUST0110,USB Hub,Electronics,1,499,10,449.1,2023-12-15,Net Banking,Delivered,Bengaluru
ORD02868,CUST0040,Storage Box,Home & Kitchen,3,349,0,1047.0,2023-01-30,UPI,Delivered,Hyderabad
ORD02869,CUST0328,Yoga Mat,Sports,1,799,20,639.2,2023-09-27,Cash on Delivery,Delivered,Ahmedabad
ORD02870,CUST0204,Air Fryer,Home & Kitchen,3,2999,0,8997.0,2023-04-29,Cash on Delivery,Delivered,Kolkata
ORD02871,CUST0388,Atomic Habits,Books,1,299,10,269.1,2023-03-13,Net Banking,Delivered,Lucknow
ORD02872,CUST0309,Women's Kurta,Clothing,2,599,0,1198.0,2023-11-07,Cash on Delivery,Cancelled,Pune
ORD02873,CUST0172,Men's T-Shirt,Clothing,2,399,5,758.1,2023-05-21,UPI,Delivered,Mumbai
ORD02874,CUST0357,Data Science 101,Books,1,499,0,499.0,2023-01-19,UPI,Delivered,Lucknow
ORD02875,CUST0425,Hoodie,Clothing,4,1199,15,4076.6,2023-01-22,UPI,Delivered,Lucknow
ORD02876,CUST0480,Face Serum,Beauty,3,899,0,2697.0,2023-09-10,Net Banking,Cancelled,Jaipur
ORD02877,CUST0050,Think Again,Books,1,349,10,314.1,2023-12-22,Credit Card,Returned,Ahmedabad
ORD02878,CUST0481,Sunscreen SPF50,Beauty,4,499,20,1596.8,2023-01-10,Credit Card,Delivered,Hyderabad
ORD02879,CUST0204,Men's T-Shirt,Clothing,2,399,0,798.0,2023-07-19,Cash on Delivery,Delivered,Kolkata
ORD02880,CUST0234,Wireless Earbuds,Electronics,4,1299,0,5196.0,2023-12-17,Credit Card,Cancelled,Mumbai
ORD02881,CUST0131,Water Bottle,Home & Kitchen,1,299,0,299.0,2023-04-22,UPI,Delivered,Hyderabad
ORD02882,CUST0094,Air Fryer,Home & Kitchen,4,2999,10,10796.4,2023-10-09,Net Banking,Delivered,Lucknow
ORD02883,CUST0218,Yoga Mat,Sports,4,799,15,2716.6,2023-09-06,Cash on Delivery,Delivered,Pune
ORD02884,CUST0149,Sunscreen SPF50,Beauty,2,499,10,898.2,2023-05-16,Credit Card,Returned,Hyderabad
ORD02885,CUST0407,Smart Watch,Electronics,3,3499,10,9447.3,2023-01-03,Cash on Delivery,Returned,Bengaluru
ORD02886,CUST0245,Python Crash Course,Books,3,399,0,1197.0,2023-05-02,Cash on Delivery,Delivered,Kolkata
ORD02887,CUST0109,Hair Oil,Beauty,2,349,5,663.1,2023-01-24,Debit Card,Delivered,Kolkata
ORD02888,CUST0342,Lip Balm Set,Beauty,1,249,0,249.0,2023-02-22,UPI,Delivered,Jaipur
ORD02889,CUST0290,Data Science 101,Books,1,499,10,449.1,2023-07-08,Cash on Delivery,Delivered,Mumbai
ORD02890,CUST0094,Face Serum,Beauty,3,899,0,2697.0,2023-10-21,Credit Card,Pending,Lucknow
ORD02891,CUST0207,Moisturizer,Beauty,3,699,10,1887.3,2023-03-26,Cash on Delivery,Delivered,Hyderabad
ORD02892,CUST0294,Hair Oil,Beauty,4,349,20,1116.8,2023-11-16,Net Banking,Delivered,Bengaluru
ORD02893,CUST0152,Lip Balm Set,Beauty,4,249,0,996.0,2023-09-25,Debit Card,Delivered,Pune
ORD02894,CUST0128,Skipping Rope,Sports,4,199,15,676.6,2023-10-19,Debit Card,Delivered,Chennai
ORD02895,CUST0396,Storage Box,Home & Kitchen,1,349,0,349.0,2023-01-11,Cash on Delivery,Delivered,Mumbai
ORD02896,CUST0056,Storage Box,Home & Kitchen,2,349,0,698.0,2023-04-08,Debit Card,Delivered,Hyderabad
ORD02897,CUST0207,Running Shoes,Clothing,2,1999,20,3198.4,2023-08-09,Cash on Delivery,Delivered,Hyderabad
ORD02898,CUST0012,Yoga Mat,Sports,4,799,10,2876.4,2023-12-25,Cash on Delivery,Delivered,Ahmedabad
ORD02899,CUST0235,Python Crash Course,Books,4,399,15,1356.6,2023-03-02,Net Banking,Delivered,Chennai
ORD02900,CUST0159,USB Hub,Electronics,2,499,15,848.3,2023-04-21,Cash on Delivery,Delivered,Lucknow
ORD02901,CUST0340,Sunscreen SPF50,Beauty,2,499,0,998.0,2023-12-10,Cash on Delivery,Delivered,Lucknow
ORD02902,CUST0388,Water Bottle,Home & Kitchen,2,299,15,508.3,2023-10-15,Credit Card,Cancelled,Lucknow
ORD02903,CUST0061,Air Fryer,Home & Kitchen,3,2999,5,8547.15,2023-12-06,Debit Card,Returned,Hyderabad
ORD02904,CUST0282,Hair Oil,Beauty,4,349,0,1396.0,2023-01-16,Debit Card,Pending,Kolkata
ORD02905,CUST0076,Deep Work,Books,3,319,10,861.3,2023-12-13,Net Banking,Delivered,Lucknow
ORD02906,CUST0196,Lip Balm Set,Beauty,1,249,20,199.2,2023-10-09,Cash on Delivery,Pending,Ahmedabad
ORD02907,CUST0473,Atomic Habits,Books,4,299,15,1016.6,2023-02-07,Debit Card,Delivered,Lucknow
ORD02908,CUST0051,Bluetooth Speaker,Electronics,4,1599,20,5116.8,2023-08-07,Debit Card,Delivered,Bengaluru
ORD02909,CUST0473,Hoodie,Clothing,3,1199,10,3237.3,2023-06-22,Credit Card,Delivered,Lucknow
ORD02910,CUST0077,Water Bottle,Home & Kitchen,3,299,5,852.15,2023-10-05,Debit Card,Delivered,Jaipur
ORD02911,CUST0438,Skipping Rope,Sports,3,199,15,507.45,2023-01-21,Credit Card,Delivered,Chennai
ORD02912,CUST0342,Casual Jeans,Clothing,2,999,0,1998.0,2023-01-04,Cash on Delivery,Delivered,Jaipur
ORD02913,CUST0029,Deep Work,Books,4,319,5,1212.2,2023-02-02,Credit Card,Delivered,Pune
ORD02914,CUST0343,Deep Work,Books,2,319,0,638.0,2023-02-11,Debit Card,Delivered,Hyderabad
ORD02915,CUST0193,Skipping Rope,Sports,1,199,0,199.0,2023-02-03,Cash on Delivery,Delivered,Ahmedabad
ORD02916,CUST0323,Bluetooth Speaker,Electronics,3,1599,0,4797.0,2023-05-31,Cash on Delivery,Delivered,Delhi
ORD02917,CUST0397,Laptop Stand,Electronics,1,899,5,854.05,2023-07-28,Debit Card,Delivered,Delhi
ORD02918,CUST0487,Hair Oil,Beauty,2,349,20,558.4,2023-10-26,Net Banking,Returned,Mumbai
ORD02919,CUST0113,Moisturizer,Beauty,2,699,0,1398.0,2023-07-08,UPI,Returned,Chennai
ORD02920,CUST0307,Air Fryer,Home & Kitchen,4,2999,5,11396.2,2023-08-15,UPI,Delivered,Hyderabad
ORD02921,CUST0454,Python Crash Course,Books,1,399,15,339.15,2023-08-18,Debit Card,Delivered,Mumbai
ORD02922,CUST0306,Moisturizer,Beauty,4,699,15,2376.6,2023-03-08,Debit Card,Delivered,Mumbai
ORD02923,CUST0372,Air Fryer,Home & Kitchen,1,2999,15,2549.15,2023-09-09,Net Banking,Returned,Kolkata
ORD02924,CUST0478,Data Science 101,Books,2,499,10,898.2,2023-12-25,Cash on Delivery,Delivered,Jaipur
ORD02925,CUST0346,Laptop Stand,Electronics,1,899,5,854.05,2023-09-26,Cash on Delivery,Delivered,Ahmedabad
ORD02926,CUST0233,Air Fryer,Home & Kitchen,2,2999,0,5998.0,2023-04-14,Debit Card,Delivered,Delhi
ORD02927,CUST0104,Smart Watch,Electronics,3,3499,0,10497.0,2023-03-29,UPI,Delivered,Pune
ORD02928,CUST0238,Data Science 101,Books,4,499,10,1796.4,2023-02-10,Credit Card,Delivered,Jaipur
ORD02929,CUST0084,Women's Kurta,Clothing,1,599,0,599.0,2023-11-05,Credit Card,Returned,Mumbai
ORD02930,CUST0122,Data Science 101,Books,2,499,20,798.4,2023-08-05,Cash on Delivery,Delivered,Lucknow
ORD02931,CUST0280,Lip Balm Set,Beauty,2,249,5,473.1,2023-09-11,Cash on Delivery,Delivered,Pune
ORD02932,CUST0230,Coffee Mug Set,Home & Kitchen,1,499,0,499.0,2023-04-22,Credit Card,Returned,Jaipur
ORD02933,CUST0304,Hair Oil,Beauty,3,349,0,1047.0,2023-05-16,Credit Card,Returned,Chennai
ORD02934,CUST0443,Sunscreen SPF50,Beauty,3,499,0,1497.0,2023-03-14,Net Banking,Delivered,Mumbai
ORD02935,CUST0221,Storage Box,Home & Kitchen,1,349,20,279.2,2023-02-18,UPI,Delivered,Mumbai
ORD02936,CUST0350,Air Fryer,Home & Kitchen,2,2999,5,5698.1,2023-04-15,UPI,Delivered,Delhi
ORD02937,CUST0475,USB Hub,Electronics,4,499,10,1796.4,2023-02-25,Debit Card,Cancelled,Delhi
ORD02938,CUST0008,Think Again,Books,2,349,0,698.0,2023-02-08,Debit Card,Delivered,Pune
ORD02939,CUST0275,Face Serum,Beauty,4,899,20,2876.8,2023-10-29,Debit Card,Cancelled,Bengaluru
ORD02940,CUST0088,Smart Watch,Electronics,3,3499,10,9447.3,2023-08-03,Cash on Delivery,Delivered,Mumbai
ORD02941,CUST0311,Skipping Rope,Sports,4,199,20,636.8,2023-12-18,Net Banking,Delivered,Bengaluru
ORD02942,CUST0125,Casual Jeans,Clothing,2,999,20,1598.4,2023-10-04,Credit Card,Delivered,Mumbai
ORD02943,CUST0174,Resistance Bands,Sports,3,349,5,994.65,2023-01-15,Debit Card,Delivered,Mumbai
ORD02944,CUST0302,Gym Gloves,Sports,1,299,5,284.05,2023-12-26,Cash on Delivery,Delivered,Ahmedabad
ORD02945,CUST0233,Moisturizer,Beauty,4,699,15,2376.6,2023-03-02,Net Banking,Delivered,Delhi
ORD02946,CUST0121,Face Serum,Beauty,4,899,20,2876.8,2023-09-12,Net Banking,Delivered,Lucknow
ORD02947,CUST0193,Resistance Bands,Sports,1,349,0,349.0,2023-01-02,Cash on Delivery,Pending,Ahmedabad
ORD02948,CUST0323,Men's T-Shirt,Clothing,2,399,0,798.0,2023-04-25,UPI,Delivered,Delhi
ORD02949,CUST0448,Water Bottle,Home & Kitchen,1,299,5,284.05,2023-12-14,UPI,Delivered,Mumbai
ORD02950,CUST0136,Laptop Stand,Electronics,4,899,0,3596.0,2023-12-18,Net Banking,Delivered,Lucknow
ORD02951,CUST0395,Resistance Bands,Sports,1,349,10,314.1,2023-11-30,Debit Card,Delivered,Lucknow
ORD02952,CUST0204,Bluetooth Speaker,Electronics,2,1599,0,3198.0,2023-10-18,Net Banking,Delivered,Kolkata
ORD02953,CUST0320,Yoga Mat,Sports,3,799,0,2397.0,2023-08-09,Cash on Delivery,Delivered,Delhi
ORD02954,CUST0457,Skipping Rope,Sports,1,199,0,199.0,2023-03-06,Credit Card,Cancelled,Delhi
ORD02955,CUST0222,Air Fryer,Home & Kitchen,2,2999,15,5098.3,2023-10-05,Cash on Delivery,Delivered,Jaipur
ORD02956,CUST0153,Lip Balm Set,Beauty,3,249,15,634.95,2023-03-08,Cash on Delivery,Delivered,Kolkata
ORD02957,CUST0146,Storage Box,Home & Kitchen,1,349,15,296.65,2023-02-13,UPI,Delivered,Mumbai
ORD02958,CUST0356,Deep Work,Books,4,319,20,1020.8,2023-01-19,Net Banking,Delivered,Kolkata
ORD02959,CUST0206,Laptop Stand,Electronics,2,899,0,1798.0,2023-10-06,Net Banking,Delivered,Hyderabad
ORD02960,CUST0096,Think Again,Books,2,349,10,628.2,2023-12-03,Credit Card,Returned,Lucknow
ORD02961,CUST0494,Gym Gloves,Sports,3,299,5,852.15,2023-02-09,Cash on Delivery,Returned,Pune
ORD02962,CUST0253,USB Hub,Electronics,4,499,10,1796.4,2023-09-30,Net Banking,Delivered,Kolkata
ORD02963,CUST0368,Resistance Bands,Sports,4,349,10,1256.4,2023-09-12,Debit Card,Delivered,Chennai
ORD02964,CUST0405,Running Shoes,Clothing,2,1999,5,3798.1,2023-01-20,Cash on Delivery,Delivered,Kolkata
ORD02965,CUST0096,Storage Box,Home & Kitchen,1,349,5,331.55,2023-11-26,Debit Card,Delivered,Lucknow
ORD02966,CUST0459,Air Fryer,Home & Kitchen,3,2999,0,8997.0,2023-12-06,UPI,Delivered,Delhi
ORD02967,CUST0292,Think Again,Books,3,349,15,889.95,2023-08-22,Credit Card,Delivered,Bengaluru
ORD02968,CUST0091,Wireless Earbuds,Electronics,2,1299,0,2598.0,2023-10-05,UPI,Delivered,Bengaluru
ORD02969,CUST0202,Chopping Board,Home & Kitchen,3,199,0,597.0,2023-09-26,Net Banking,Delivered,Mumbai
ORD02970,CUST0424,Gym Gloves,Sports,2,299,0,598.0,2023-06-30,Cash on Delivery,Delivered,Pune
ORD02971,CUST0350,Water Bottle,Home & Kitchen,2,299,15,508.3,2023-03-10,Cash on Delivery,Delivered,Delhi
ORD02972,CUST0426,Hair Oil,Beauty,3,349,20,837.6,2023-07-20,Debit Card,Delivered,Lucknow
ORD02973,CUST0085,Hoodie,Clothing,1,1199,0,1199.0,2023-07-27,UPI,Delivered,Ahmedabad
ORD02974,CUST0370,Laptop Stand,Electronics,2,899,10,1618.2,2023-06-22,Net Banking,Returned,Pune
ORD02975,CUST0088,Running Shoes,Clothing,4,1999,0,7996.0,2023-10-22,Net Banking,Delivered,Mumbai
ORD02976,CUST0312,Resistance Bands,Sports,2,349,0,698.0,2023-09-29,UPI,Delivered,Delhi
ORD02977,CUST0201,Smart Watch,Electronics,1,3499,10,3149.1,2023-12-30,UPI,Delivered,Kolkata
ORD02978,CUST0490,Air Fryer,Home & Kitchen,4,2999,10,10796.4,2023-05-15,Net Banking,Cancelled,Delhi
ORD02979,CUST0388,Skipping Rope,Sports,1,199,10,179.1,2023-06-14,Net Banking,Delivered,Lucknow
ORD02980,CUST0100,Lip Balm Set,Beauty,3,249,0,747.0,2023-01-04,UPI,Delivered,Ahmedabad
ORD02981,CUST0423,Hair Oil,Beauty,1,349,15,296.65,2023-09-20,Cash on Delivery,Delivered,Chennai
ORD02982,CUST0085,Wireless Earbuds,Electronics,4,1299,10,4676.4,2023-09-05,Credit Card,Delivered,Ahmedabad
ORD02983,CUST0138,Hoodie,Clothing,3,1199,10,3237.3,2023-05-01,Credit Card,Pending,Chennai
ORD02984,CUST0046,Laptop Stand,Electronics,2,899,5,1708.1,2023-06-07,UPI,Delivered,Chennai
ORD02985,CUST0104,Coffee Mug Set,Home & Kitchen,1,499,0,499.0,2023-06-17,Credit Card,Cancelled,Pune
ORD02986,CUST0419,Women's Kurta,Clothing,3,599,10,1617.3,2023-04-20,Net Banking,Cancelled,Chennai
ORD02987,CUST0230,Deep Work,Books,1,319,0,319.0,2023-08-07,UPI,Cancelled,Jaipur
ORD02988,CUST0357,Wireless Earbuds,Electronics,3,1299,20,3117.6,2023-03-18,Credit Card,Delivered,Lucknow
ORD02989,CUST0091,Air Fryer,Home & Kitchen,1,2999,20,2399.2,2023-07-01,Net Banking,Delivered,Bengaluru
ORD02990,CUST0269,Deep Work,Books,1,319,15,271.15,2023-10-30,Net Banking,Delivered,Mumbai
ORD02991,CUST0004,Yoga Mat,Sports,2,799,20,1278.4,2023-09-02,UPI,Delivered,Chennai
ORD02992,CUST0270,Water Bottle,Home & Kitchen,2,299,20,478.4,2023-09-21,Cash on Delivery,Delivered,Chennai
ORD02993,CUST0286,Coffee Mug Set,Home & Kitchen,2,499,0,998.0,2023-06-19,Net Banking,Delivered,Ahmedabad
ORD02994,CUST0260,Data Science 101,Books,3,499,20,1197.6,2023-10-26,Net Banking,Delivered,Delhi
ORD02995,CUST0442,Deep Work,Books,4,319,0,1276.0,2023-06-02,Debit Card,Delivered,Delhi
ORD02996,CUST0380,Casual Jeans,Clothing,3,999,10,2697.3,2023-06-22,UPI,Returned,Bengaluru
ORD02997,CUST0404,Skipping Rope,Sports,4,199,0,796.0,2023-06-12,Cash on Delivery,Delivered,Chennai
ORD02998,CUST0467,Water Bottle,Home & Kitchen,2,299,0,598.0,2023-11-11,Credit Card,Returned,Lucknow
ORD02999,CUST0478,USB Hub,Electronics,3,499,0,1497.0,2023-03-11,Credit Card,Delivered,Jaipur
ORD03000,CUST0191,Wireless Earbuds,Electronics,2,1299,20,2078.4,2023-06-07,Debit Card,Returned,Hyderabad
